frame,status,map_x_px,map_y_px,z_unscaled,z_status
0,initial,0.0,0.0,1.0,initial
1,ok,-0.05206298828125,-0.013427734375,1.0,deadzone
2,ok,-0.21386879682540894,-0.08123394101858139,1.0,deadzone
3,ok,-0.3635285496711731,-0.09556109085679054,1.0,deadzone
4,ok,-0.4904654175043106,-0.17866919562220573,1.0,deadzone
5,ok,-0.6612780094146729,-0.31033604964613914,1.0,deadzone
6,ok,-0.8023417741060257,-0.5042530111968517,1.0,deadzone
7,ok,-0.9511240720748901,-0.5906716473400593,1.0,deadzone
8,ok,-1.0785353034734726,-0.6474261656403542,1.0,deadzone
9,ok,-1.2539670765399933,-0.7751880958676338,1.0,deadzone
10,ok,-1.4417046755552292,-0.7654781443998218,1.0,deadzone
11,ok,-1.6730650961399078,-0.6488544894382358,1.0,deadzone
12,ok,-1.9103180170059204,-0.47806196939200163,1.0,deadzone
13,ok,-2.1828104853630066,-0.28907843958586454,1.0,deadzone
14,ok,-2.453865647315979,-0.05917369853705168,1.0,deadzone
15,ok,-2.6753810197114944,0.2887429343536496,1.0,deadzone
16,ok,-3.150491401553154,0.7651697741821408,1.0,deadzone
17,ok,-3.4652902334928513,1.402230297215283,1.0,deadzone
18,ok,-3.8282414823770523,2.062514995224774,1.0,deadzone
19,ok,-3.899811528623104,2.7794549809768796,1.0,deadzone
20,ok,-4.154078476130962,3.6771946297958493,1.0,deadzone
21,ok,-4.125859323889017,4.588176821358502,1.0,deadzone
22,ok,-4.26700397208333,5.660880540497601,1.0,deadzone
23,ok,-4.304363556206226,6.7915261732414365,1.0,deadzone
24,ok,-4.160452805459499,7.985042785294354,1.0,deadzone
25,ok,-4.116554129868746,9.274149273522198,1.0,deadzone
26,ok,-3.958632592111826,10.645819162018597,1.0,deadzone
27,ok,-3.7916548289358616,12.098870729096234,1.0,deadzone
28,ok,-3.570069883018732,13.618232701905072,1.0,deadzone
29,ok,-3.407262120395899,15.233867500908673,1.0,deadzone
30,ok,-3.1802552230656147,16.981022928841412,1.0,deadzone
31,ok,-2.9898057766258717,18.79973325598985,1.0,deadzone
32,ok,-2.7537224777042866,20.72606084216386,1.0,deadzone
33,ok,-2.5230214186012745,22.70310125220567,1.0,deadzone
34,ok,-2.3106310851871967,24.76270112860948,1.0,deadzone
35,ok,-2.0293263979256153,26.958638046868145,1.0,deadzone
36,ok,-1.7854993529617786,29.259822462685406,1.0,deadzone
37,ok,-1.5336941964924335,31.641923283226788,1.0,deadzone
38,ok,-1.3701141364872456,34.105247353203595,1.0,deadzone
39,ok,-1.0921542532742023,36.676042889244854,1.0,deadzone
40,ok,-0.8788409419357777,39.342873190529644,1.0,deadzone
41,ok,-0.6258783228695393,42.132168863900006,1.0,deadzone
42,ok,-0.4057059921324253,44.95004186499864,1.0,deadzone
43,ok,-0.1198798157274723,47.90507373679429,1.0,deadzone
44,ok,0.14301105961203575,50.95333800185472,1.0,deadzone
45,ok,0.43741103634238243,54.068257425911725,1.0,deadzone
46,ok,0.7140245102345943,57.32319912780076,1.0,deadzone
47,ok,0.9872195981442928,60.59429702628404,1.0,deadzone
48,ok,1.327319648116827,63.98486385215074,1.0,deadzone
49,ok,1.6306341551244259,67.4975756155327,1.0,deadzone
50,ok,1.966109361499548,71.11452207434922,1.0,deadzone
51,ok,2.2681753002107143,74.79830965865403,1.0,deadzone
52,ok,2.567872729152441,78.56772289145738,1.0,deadzone
53,ok,2.7972656451165676,82.4019945608452,1.0,deadzone
54,ok,3.1083546839654446,86.3409262644127,1.0,deadzone
55,ok,3.4028728865087032,90.38000497687608,1.0,deadzone
56,ok,3.6968611739575863,94.51712760794908,1.0,deadzone
57,ok,4.027387823909521,98.71261939872056,1.0,deadzone
58,ok,4.241112571209669,103.00985011924058,1.0,deadzone
59,ok,4.503100108355284,107.41209850180894,1.0,deadzone
60,ok,4.801772575825453,111.90980205405504,1.0,deadzone
61,ok,5.053370665758848,116.45961723197252,1.0,deadzone
62,ok,5.439371090382338,121.06773147452623,1.0,deadzone
63,ok,5.596504967659712,125.77695617545396,1.0,deadzone
64,ok,5.992194037884474,130.51245698798448,1.0,deadzone
65,ok,6.273408632725477,135.3584176050499,1.0,deadzone
66,ok,6.621774148195982,140.27520618308336,1.0,deadzone
67,ok,6.8901991955935955,145.26771459449083,1.0,deadzone
68,ok,7.193922858685255,150.3178721414879,1.0,deadzone
69,ok,7.5813905112445354,155.443092440255,1.0,deadzone
70,ok,7.854620557278395,160.64961776603013,1.0,deadzone
71,ok,8.236172329634428,165.92266187537462,1.0,deadzone
72,ok,8.462323438376188,171.22245797980577,1.0,deadzone
73,ok,8.837568026036024,176.55796203482896,1.0,deadzone
74,ok,9.162179958075285,181.97433862555772,1.0,deadzone
75,ok,9.46119238063693,187.46574077475816,1.0,deadzone
76,ok,9.795287262648344,193.00255164969712,1.0,deadzone
77,ok,10.061925511807203,198.5914054857567,1.0,deadzone
78,ok,10.297354768961668,204.21687707770616,1.0,deadzone
79,ok,10.604177962988615,209.88865289557725,1.0,deadzone
80,ok,10.868898820132017,215.6406851755455,1.0,deadzone
81,ok,11.106961499899626,221.38885698188096,1.0,deadzone
82,ok,11.355579506605864,227.1495486246422,1.0,deadzone
83,ok,11.585838209837675,232.96196899283677,1.0,deadzone
84,ok,11.812131356447935,238.78464708197862,1.0,deadzone
85,ok,11.997612189501524,244.70312318671495,1.0,deadzone
86,ok,12.161614071577787,250.7490039812401,1.0,deadzone
87,ok,12.29211826249957,256.72687110770494,1.0,deadzone
88,ok,12.535458218306303,262.8674694048241,1.0,deadzone
89,ok,12.627804350107908,269.00143108237535,1.0,deadzone
90,ok,12.730406891554594,275.2024951921776,1.0,deadzone
91,ok,12.860367011278868,281.38624677527696,1.0,deadzone
92,ok,12.939589511603117,287.6450115190819,1.0,deadzone
93,ok,12.958486091345549,293.87503347266465,1.0,deadzone
94,ok,13.060827624052763,300.14652833808213,1.0,deadzone
95,ok,13.097947668284178,306.4078274713829,1.0,deadzone
96,ok,13.183201622217894,312.7614150987938,1.0,deadzone
97,ok,13.20061368867755,319.18420324195176,1.0,deadzone
98,ok,13.18057156726718,325.62854251731187,1.0,deadzone
99,ok,13.18801487609744,332.13949689734727,1.0,deadzone
100,ok,13.113176357001066,338.6140113817528,1.0,deadzone
101,ok,13.076050650328398,345.20501241553575,1.0,deadzone
102,ok,12.983082186430693,351.8213401781395,1.0,deadzone
103,ok,12.928030382841825,358.4231811510399,1.0,deadzone
104,ok,12.894090544432402,365.060279940255,1.0,deadzone
105,ok,12.758681904524565,371.78141698706895,1.0,deadzone
106,ok,12.760645281523466,378.5822454439476,1.0,deadzone
107,ok,12.626540910452604,385.4198933588341,1.0,deadzone
108,ok,12.498455177992582,392.21446428168565,1.0,deadzone
109,ok,12.349980127066374,399.07564983237535,1.0,deadzone
110,ok,12.213780771940947,405.9668217645958,1.0,deadzone
111,ok,11.981102835386992,412.92479047644883,1.0,deadzone
112,ok,11.757148634642363,419.842720602639,1.0,deadzone
113,ok,11.446968208998442,426.8502775179222,1.0,deadzone
114,ok,11.161504995077848,433.921333883889,1.0,deadzone
115,ok,10.827972661703825,440.9766527162865,1.0,deadzone
116,ok,10.502300631254911,448.0325461374596,1.0,deadzone
117,ok,10.174070369452238,455.1872325884178,1.0,deadzone
118,ok,9.789385568350554,462.29086408484727,1.0,deadzone
119,ok,9.424096833914518,469.4594722734764,1.0,deadzone
120,ok,9.005286823958158,476.63689479697496,1.0,deadzone
121,ok,8.534205090254545,483.8724456774071,1.0,deadzone
122,ok,8.145574819296598,491.1531525598839,1.0,deadzone
123,ok,7.591626655310392,498.49564370978624,1.0,deadzone
124,ok,7.117124687880278,505.7831974970177,1.0,deadzone
125,ok,6.536758314818144,513.1511097894982,1.0,deadzone
126,ok,5.986973535269499,520.5302644716576,1.0,deadzone
127,ok,5.367018949240446,527.907906149514,1.0,deadzone
128,ok,4.725789081305265,535.3008333193138,1.0,deadzone
129,ok,4.113271128386259,542.699223135598,1.0,deadzone
130,ok,3.402907859534025,550.1432443605736,1.0,deadzone
131,ok,2.5742312781512737,557.5893188463524,1.0,deadzone
132,ok,1.8752170912921429,565.0829907404259,1.0,deadzone
133,ok,1.0892984978854656,572.5553718553856,1.0,deadzone
134,ok,0.27138830348849297,580.0896044718102,1.0,deadzone
135,ok,-0.45278846099972725,587.6575065599754,1.0,deadzone
136,ok,-1.3379886038601398,595.209187601693,1.0,deadzone
137,ok,-2.1797163374722004,602.7518135057762,1.0,deadzone
138,ok,-3.05946396663785,610.3463960634544,1.0,deadzone
139,ok,-4.033303488045931,617.945835207589,1.0,deadzone
140,ok,-4.967801559716463,625.556747530587,1.0,deadzone
141,ok,-6.0099990256130695,633.1525426851586,1.0,deadzone
142,ok,-7.065972197800875,640.7280450807884,1.0,deadzone
143,ok,-8.042558539658785,648.4225822435692,1.0,deadzone
144,ok,-9.235390651971102,655.9941063867882,1.0,deadzone
145,ok,-10.321085561066866,663.6194683061913,1.0,deadzone
146,ok,-11.57323645427823,671.1867614733055,1.0,deadzone
147,ok,-12.642881620675325,678.8736387239769,1.0,deadzone
148,ok,-13.941550720483065,686.5062452303246,1.0,deadzone
149,ok,-15.138908732682467,694.1332503305748,1.0,deadzone
150,ok,-16.430298078805208,701.776775454171,1.0,deadzone
151,ok,-17.730361808091402,709.3887897478417,1.0,deadzone
152,ok,-19.130736339837313,716.9933653818443,1.0,deadzone
153,ok,-20.49852668121457,724.6683841692284,1.0,deadzone
154,ok,-22.048207629472017,732.2350450502709,1.0,deadzone
155,ok,-23.49630843475461,739.9212685571983,1.0,deadzone
156,ok,-25.051017988473177,747.5361114488915,1.0,deadzone
157,ok,-26.558746445924044,755.2271648393944,1.0,deadzone
158,ok,-28.134065378457308,762.8450942980126,1.0,deadzone
159,ok,-29.678693879395723,770.514043902047,1.0,deadzone
160,ok,-31.35379158332944,778.1467982279137,1.0,deadzone
161,ok,-32.97309182956815,785.8266058908775,1.0,deadzone
162,ok,-34.73639379814267,793.4620071398094,1.0,deadzone
163,ok,-36.440199602395296,801.1535640703514,1.0,deadzone
164,ok,-38.29204689338803,808.8491931902245,1.0,deadzone
165,ok,-40.01618706062436,816.5702267633751,1.0,deadzone
166,ok,-41.89558433368802,824.2270666109398,1.0,deadzone
167,ok,-43.72477077320218,831.8900118814781,1.0,deadzone
168,ok,-45.68098663166165,839.5472360597923,1.0,deadzone
169,ok,-47.56789242103696,847.2049852358177,1.0,deadzone
170,ok,-49.62015186622739,854.8240924822167,1.0,deadzone
171,ok,-51.64243160560727,862.4455195413902,1.0,deadzone
172,ok,-53.75902687385678,870.0214925752953,1.0,deadzone
173,ok,-55.8528998978436,877.7283349977806,1.0,deadzone
174,ok,-58.03878628090024,885.4074002252892,1.0,deadzone
175,ok,-60.282524693757296,893.0385099397972,1.0,deadzone
176,ok,-62.559900391846895,900.7086354242638,1.0,deadzone
177,ok,-64.83313285186887,908.3717146860436,1.0,deadzone
178,ok,-67.18784772232175,915.9894891725853,1.0,deadzone
179,ok,-69.54643665626645,923.5953312860802,1.0,deadzone
180,ok,-71.97428881004453,931.1260567652062,1.0,deadzone
181,ok,-74.38910662010312,938.7108460413292,1.0,deadzone
182,ok,-76.87022529914975,946.2588282572106,1.0,deadzone
183,ok,-79.36755453422666,953.8241640077904,1.0,deadzone
184,ok,-81.88640343025327,961.3875108705834,1.0,deadzone
185,ok,-84.53487526252866,968.8993950830773,1.0,deadzone
186,ok,-87.21980463340878,976.3839684473351,1.0,deadzone
187,ok,-89.93509804084897,983.8228174196556,1.0,deadzone
188,ok,-92.61016093567014,991.2962394701317,1.0,deadzone
189,ok,-95.34944044426084,998.7648321138695,1.0,deadzone
190,ok,-98.16439615562558,1006.1449371324852,0.999947323165575,ok
191,ok,-100.98462568596005,1013.5652490602806,0.999947323165575,deadzone
192,ok,-103.88315903022885,1020.9369874941185,0.999947323165575,deadzone
193,ok,-106.70025740936399,1028.3009558664635,0.999947323165575,deadzone
194,ok,-109.6370087750256,1035.615805719979,0.999947323165575,deadzone
195,ok,-112.66479979828,1042.9831801401451,0.999947323165575,deadzone
196,ok,-115.74040757492185,1050.35318240989,0.999947323165575,deadzone
197,ok,-118.86997042968869,1057.723971460946,0.999947323165575,deadzone
198,ok,-122.0424362309277,1065.062905405648,0.999947323165575,deadzone
199,ok,-125.19107877090573,1072.4224034296349,0.999947323165575,deadzone
200,ok,-128.44259558990598,1079.751737211831,0.999947323165575,deadzone
201,ok,-131.69814955070615,1087.0895319925621,0.999947323165575,deadzone
202,ok,-134.88842498138547,1094.4116326319054,0.999947323165575,deadzone
203,ok,-138.2190617211163,1101.697559450753,0.999947323165575,deadzone
204,ok,-141.56047617271543,1109.031682585366,0.999947323165575,deadzone
205,ok,-144.94191395118833,1116.2565737711266,0.999947323165575,deadzone
206,ok,-148.25531708076596,1123.512546156533,0.999947323165575,deadzone
207,ok,-151.6753696091473,1130.727944468148,0.999947323165575,deadzone
208,ok,-155.0563353188336,1137.9114337908104,0.999947323165575,deadzone
209,ok,-158.5290611870587,1145.0668703066185,0.999947323165575,deadzone
210,ok,-162.1569360382855,1152.1594062792137,0.999947323165575,deadzone
211,ok,-165.7787119038403,1159.1612921701744,0.999947323165575,deadzone
212,ok,-169.45550237968564,1166.2222853647545,0.999947323165575,deadzone
213,ok,-173.17090402916074,1173.267540548928,0.999947323165575,deadzone
214,ok,-176.93939386680722,1180.3004637705162,0.999947323165575,deadzone
215,ok,-180.80187164619565,1187.3856135355309,0.999947323165575,deadzone
216,ok,-184.63937579467893,1194.4586401926354,0.999947323165575,deadzone
217,ok,-188.60582004860044,1201.453943346627,0.999947323165575,deadzone
218,ok,-192.60050236061215,1208.5057502733544,0.999947323165575,deadzone
219,ok,-196.661461699754,1215.5557065950707,0.999947323165575,deadzone
220,ok,-200.747869361192,1222.5371304498985,0.999947323165575,deadzone
221,ok,-204.89583765342832,1229.447158430703,0.999947323165575,deadzone
222,ok,-209.0606144554913,1236.3058606134728,0.999947323165575,deadzone
223,ok,-213.25949179008603,1243.1346832262352,0.999947323165575,deadzone
224,ok,-217.55140482261777,1249.9529882417992,0.999947323165575,deadzone
225,ok,-221.7729996331036,1256.8130341516808,0.999947323165575,deadzone
226,ok,-226.117516387254,1263.4969702707604,0.999947323165575,deadzone
227,ok,-230.48186146095395,1270.2529154764488,0.999947323165575,deadzone
228,ok,-234.9709008820355,1276.822939013131,0.999947323165575,deadzone
229,ok,-239.44068991020322,1283.4896317468956,0.999947323165575,deadzone
230,ok,-243.97547422721982,1290.0612612711266,0.999947323165575,deadzone
231,ok,-248.44157491996884,1296.5830927835777,0.999947323165575,deadzone
232,ok,-253.01050125434995,1303.061877344735,0.999947323165575,deadzone
233,ok,-257.60242496803403,1309.5189791666344,0.999947323165575,deadzone
234,ok,-262.2456253655255,1315.8977933870628,0.999947323165575,deadzone
235,ok,-266.9173749573529,1322.2721916185692,0.999947323165575,deadzone
236,ok,-271.65533481910825,1328.565298174508,0.999947323165575,deadzone
237,ok,-276.37193428352475,1334.8245087610558,0.999947323165575,deadzone
238,ok,-281.2349146492779,1341.041465853341,0.999947323165575,deadzone
239,ok,-286.05071817710996,1347.2054649339989,0.999947323165575,deadzone
240,ok,-290.95899902656674,1353.3004108415917,0.999947323165575,deadzone
241,ok,-295.85002075508237,1359.423802469857,0.999947323165575,deadzone
242,ok,-300.8608821518719,1365.4306589113548,0.999947323165575,deadzone
243,ok,-305.91514049842954,1371.445124243386,0.999947323165575,deadzone
244,ok,-311.0118044503033,1377.4048295961693,0.999947323165575,deadzone
245,ok,-316.11259208992124,1383.3771720873192,0.999947323165575,deadzone
246,ok,-321.221969474107,1389.2558771120384,0.999947323165575,deadzone
247,ok,-326.4006966240704,1395.1006976114586,0.999947323165575,deadzone
248,ok,-331.6105250008404,1400.9006954180077,0.999947323165575,deadzone
249,ok,-336.9026077874005,1406.6176734911278,0.999947323165575,deadzone
250,ok,-342.23469291999936,1412.284214113839,0.999947323165575,deadzone
251,ok,-347.5943935997784,1417.9343381868675,0.999947323165575,deadzone
252,ok,-352.9946373589337,1423.5392590509728,0.999947323165575,deadzone
253,ok,-358.40522276237607,1429.0442710863426,0.999947323165575,deadzone
254,ok,-363.86660562828183,1434.4722615228966,0.999947323165575,deadzone
255,ok,-369.4402078278363,1439.8047114359215,0.999947323165575,deadzone
256,ok,-374.9542192108929,1445.1280442224815,0.999947323165575,deadzone
257,ok,-380.5139301903546,1450.3201309191063,0.999947323165575,deadzone
258,ok,-386.1466134674847,1455.4215408312157,0.999947323165575,deadzone
259,ok,-391.80422388389707,1460.5525508867577,0.999947323165575,deadzone
260,ok,-397.54527746513486,1465.5368343340233,0.999947323165575,deadzone
261,ok,-403.2969359047711,1470.6252504335716,0.999947323165575,deadzone
262,ok,-409.12085377052426,1475.5966049181297,0.999947323165575,deadzone
263,ok,-415.0656374581158,1480.4075962053612,0.999947323165575,deadzone
264,ok,-420.9154261238873,1485.2884021745995,0.999947323165575,deadzone
265,ok,-426.80164228752255,1489.9552837358788,0.999947323165575,deadzone
266,ok,-432.71282183006406,1494.5591159807518,0.999947323165575,deadzone
267,ok,-438.66736971214414,1499.1521450029686,0.999947323165575,deadzone
268,ok,-444.6958526261151,1503.5444041239098,0.999947323165575,deadzone
269,ok,-450.7131661064923,1507.9496189104393,0.999947323165575,deadzone
270,ok,-456.7706464417279,1512.27132902015,0.999947323165575,deadzone
271,ok,-462.8460630066693,1516.4727703081444,0.999947323165575,deadzone
272,ok,-468.924259532243,1520.5927935587242,0.999947323165575,deadzone
273,ok,-475.01700197532773,1524.5382414804772,0.999947323165575,deadzone
274,ok,-481.15470634773374,1528.5263327108696,0.999947323165575,deadzone
275,ok,-487.41365038231015,1532.3274169908836,0.999947323165575,deadzone
276,ok,-493.5991724617779,1536.1669646250084,0.999947323165575,deadzone
277,ok,-499.90908132866025,1539.8625074373558,0.999947323165575,deadzone
278,ok,-506.20024048164487,1543.5281506525353,0.999947323165575,deadzone
279,ok,-512.5386260636151,1547.097110603936,0.999947323165575,deadzone
280,ok,-518.9193366654217,1550.6162601457909,0.999947323165575,deadzone
281,ok,-525.2969621308148,1554.010506962426,0.999947323165575,deadzone
282,ok,-531.639781344682,1557.4534719930962,0.999947323165575,deadzone
283,ok,-538.0584453232586,1560.6433361517265,0.999947323165575,deadzone
284,ok,-544.4364765770733,1563.7682813154534,0.999947323165575,deadzone
285,ok,-550.7358330376446,1566.8835433470085,0.999947323165575,deadzone
286,ok,-557.1252106316388,1569.8580721365288,0.999947323165575,deadzone
287,ok,-563.4855421669781,1572.820031975396,0.999947323165575,deadzone
288,ok,-569.9100388176739,1575.6480220304802,0.999947323165575,deadzone
289,ok,-576.3461474068463,1578.3713425146416,0.999947323165575,deadzone
290,ok,-582.7768963463604,1581.0391291128471,0.999947323165575,deadzone
291,ok,-589.2578724510968,1583.6177876936272,0.999947323165575,deadzone
292,ok,-595.702157843858,1586.0316108213738,0.999947323165575,deadzone
293,ok,-602.1975892670453,1588.5160306440666,0.999947323165575,deadzone
294,ok,-608.6773985512555,1590.7507632719353,0.999947323165575,deadzone
295,ok,-615.163873065263,1593.0049401270226,0.999947323165575,deadzone
296,ok,-621.6787871010602,1595.099857901223,0.999947323165575,deadzone
297,ok,-628.2009714730084,1597.1679943548515,0.999947323165575,deadzone
298,ok,-634.6895035393536,1599.181383942254,0.999947323165575,deadzone
299,ok,-641.1804860718548,1600.9561115251854,0.999947323165575,deadzone
300,ok,-647.7209232933819,1602.7338863359764,0.999947323165575,deadzone
301,ok,-654.190475333482,1604.466089819558,0.999947323165575,deadzone
302,ok,-660.6965793259442,1606.0631267772987,0.999947323165575,deadzone
303,ok,-667.1605886109173,1607.6733274208382,0.999947323165575,deadzone
304,ok,-673.6430467255414,1609.1381076322868,0.999947323165575,deadzone
305,ok,-680.0796130783856,1610.5542088495567,0.999947323165575,deadzone
306,ok,-686.5304902680218,1611.831122015603,0.999947323165575,deadzone
307,ok,-692.9516361840069,1613.0617539631203,0.999947323165575,deadzone
308,ok,-699.452655185014,1614.2367773996666,0.999947323165575,deadzone
309,ok,-705.9537676461041,1615.3259844528511,0.999947323165575,deadzone
310,ok,-712.3857463486493,1616.3114304291084,0.999947323165575,deadzone
311,ok,-718.8132947571576,1617.2404099451378,0.999947323165575,deadzone
312,ok,-725.2193187363446,1618.1036324845627,0.999947323165575,deadzone
313,ok,-731.6141432411969,1618.8922476517037,0.999947323165575,deadzone
314,ok,-737.9601005204022,1619.5702737318352,0.999947323165575,deadzone
315,ok,-744.3615769036114,1620.1958828913048,0.999947323165575,deadzone
316,ok,-750.7267240174115,1620.6362161384895,0.999947323165575,deadzone
317,ok,-757.0431946404278,1621.0793887721375,0.999947323165575,deadzone
318,ok,-763.3893369324505,1621.3923703180626,0.999947323165575,deadzone
319,ok,-769.7283514626324,1621.7639265405014,0.999947323165575,deadzone
320,ok,-776.1102617867291,1622.0069207297638,0.999947323165575,deadzone
321,ok,-782.4583462364972,1622.068012570031,0.999947323165575,deadzone
322,ok,-788.7774528153241,1622.152079676278,0.999947323165575,deadzone
323,ok,-795.0687235482037,1622.104017530568,0.999947323165575,deadzone
324,ok,-801.3855055458844,1622.0709716426209,0.999947323165575,deadzone
325,ok,-807.6249636299908,1621.876249765046,0.999947323165575,deadzone
326,ok,-813.8537725098431,1621.634944354184,0.999947323165575,deadzone
327,ok,-820.0171278603375,1621.3347598658875,0.999947323165575,deadzone
328,ok,-826.2360046990216,1621.022981618531,0.999947323165575,deadzone
329,ok,-832.3624881394207,1620.592283998616,0.9998955885779308,ok
330,ok,-838.5139711983502,1620.1277494179085,0.9998955885779308,deadzone
331,ok,-844.6421049721539,1619.5925138341263,0.9998955885779308,deadzone
332,ok,-850.7077788002789,1618.99359348882,0.9998955885779308,deadzone
333,ok,-856.6733759529889,1618.432181631215,0.9998955885779308,deadzone
334,ok,-862.532461989671,1617.7245837794617,0.9998955885779308,deadzone
335,ok,-868.3483232147992,1616.889768754132,0.9998452869159236,ok
336,ok,-874.1484235413373,1615.9047238575295,0.9998452869159236,deadzone
337,ok,-879.9016193039715,1614.9048173176125,0.9998452869159236,deadzone
338,ok,-885.7140773423016,1613.893022988923,0.9997911635947259,ok
339,ok,-891.5515497811139,1612.7259516464546,0.9997911635947259,deadzone
340,ok,-897.3602045662701,1611.6150912987068,0.9997401092430271,ok
341,ok,-903.1645053513348,1610.383147452958,0.9997401092430271,deadzone
342,ok,-908.9659780152142,1609.1123990761116,0.9996860244453699,ok
343,ok,-914.7831386215985,1607.7693284498528,0.9996860244453699,deadzone
344,ok,-920.5760816223919,1606.4117372976616,0.9996860244453699,deadzone
345,ok,-926.3752230294049,1605.02567658294,0.9996860244453699,deadzone
346,ok,-932.200840819627,1603.6009047972038,0.9996860244453699,deadzone
347,ok,-937.9635609276593,1602.0573361860588,0.9996860244453699,deadzone
348,ok,-943.7442449219525,1600.5165357338265,0.9996860244453699,deadzone
349,ok,-949.5450452454388,1598.9364933716133,0.9996860244453699,deadzone
350,ok,-955.354616034776,1597.3261584984139,0.9996860244453699,deadzone
351,ok,-961.1267050392926,1595.5950478063896,0.9996860244453699,deadzone
352,ok,-966.9142116196454,1593.8968796478584,0.9996860244453699,deadzone
353,ok,-972.7179750092328,1592.1725370632485,0.9996860244453699,deadzone
354,ok,-978.5689495690167,1590.3443331466988,0.9996860244453699,deadzone
355,ok,-984.3991564400494,1588.4863586174324,0.9996860244453699,deadzone
356,ok,-990.2974523194134,1586.6655475841835,0.9996860244453699,deadzone
357,ok,-996.1807802803814,1584.7831415878609,0.9996860244453699,deadzone
358,ok,-1002.0478032715619,1582.8288843380287,0.9996860244453699,deadzone
359,ok,-1008.0033277161419,1580.8192968117073,0.9996860244453699,deadzone
360,ok,-1013.9315360672772,1578.798732017167,0.9996860244453699,deadzone
361,ok,-1019.9385570175946,1576.7427437053993,0.9996860244453699,deadzone
362,ok,-1025.972671378404,1574.624489759095,0.9996860244453699,deadzone
363,ok,-1032.05356060341,1572.4473902927712,0.9996860244453699,deadzone
364,ok,-1038.1397126801312,1570.3029904114082,0.9996860244453699,deadzone
365,ok,-1044.1465786583722,1568.013963197358,0.9996860244453699,deadzone
366,ok,-1050.2248471863568,1565.7567782150581,0.9996860244453699,deadzone
367,ok,-1056.2836712487042,1563.385091994889,0.9996860244453699,deadzone
368,ok,-1062.2612136490643,1560.972278569825,0.9996860244453699,deadzone
369,ok,-1068.2935875542462,1558.5012399898842,0.9996860244453699,deadzone
370,ok,-1074.2908486016095,1555.922906135209,0.9996860244453699,deadzone
371,ok,-1080.2143748886883,1553.3651668773964,0.9996860244453699,deadzone
372,ok,-1086.191693175584,1550.7871834980324,0.9996860244453699,deadzone
373,ok,-1092.1946128495038,1548.0617918716744,0.9996860244453699,deadzone
374,ok,-1098.2576335556805,1545.3961243377998,0.9996860244453699,deadzone
375,ok,-1104.258798468858,1542.645585034974,0.9996860244453699,deadzone
376,ok,-1110.256263602525,1539.8191714035347,0.9996860244453699,deadzone
377,ok,-1116.2006915695965,1536.9776792274788,0.9996860244453699,deadzone
378,ok,-1122.181673873216,1534.0205449806526,0.9996860244453699,deadzone
379,ok,-1128.103374350816,1531.0569543587044,0.9996860244453699,deadzone
380,ok,-1133.9612883217633,1528.0130209671333,0.9996860244453699,deadzone
381,ok,-1139.811852324754,1525.042912219651,0.9996860244453699,deadzone
382,ok,-1145.6013754494488,1521.8688475834206,0.9996860244453699,deadzone
383,ok,-1151.3606437332928,1518.7141053425148,0.9996860244453699,deadzone
384,ok,-1157.1542395241559,1515.4974291073158,0.9996860244453699,deadzone
385,ok,-1162.8575266487896,1512.1810939060524,0.9996860244453699,deadzone
386,ok,-1168.575925219804,1508.863495563157,0.9996860244453699,deadzone
387,ok,-1174.256435263902,1505.5541372047737,0.9996860244453699,deadzone
388,ok,-1179.88643251732,1502.1208245502785,0.9996860244453699,deadzone
389,ok,-1185.487859595567,1498.5883095012978,0.9996860244453699,deadzone
390,ok,-1191.0815352089703,1495.1654484020546,0.9996860244453699,deadzone
391,ok,-1196.5766147263348,1491.5458261715248,0.9996860244453699,deadzone
392,ok,-1202.0541413910687,1487.9025628315285,0.9996860244453699,deadzone
393,ok,-1207.4796990044415,1484.2788791405037,0.9996860244453699,deadzone
394,ok,-1212.9116886742413,1480.5703553901985,0.9996860244453699,deadzone
395,ok,-1218.2773541100323,1476.7722570644692,0.9996860244453699,deadzone
396,ok,-1223.7191237099469,1473.021509383805,0.9996860244453699,deadzone
397,ok,-1229.0234326012433,1469.1274842964485,0.9996860244453699,deadzone
398,ok,-1234.3642014153302,1465.2983293281868,0.9996860244453699,deadzone
399,ok,-1239.5623968727887,1461.2996375309303,0.9996860244453699,deadzone
400,ok,-1244.787480223924,1457.421037410386,0.9996860244453699,deadzone
401,ok,-1249.9633477814496,1453.3628875957802,0.9996860244453699,deadzone
402,ok,-1255.1693690903485,1449.2752039181069,0.9996860244453699,deadzone
403,ok,-1260.269612658769,1445.1577474819496,0.9996860244453699,deadzone
404,ok,-1265.3705137856305,1441.0812833057716,0.9996860244453699,deadzone
405,ok,-1270.405361521989,1436.8992593036965,0.9996860244453699,deadzone
406,ok,-1275.4378942139447,1432.733604167588,0.9996860244453699,deadzone
407,ok,-1280.35318743065,1428.4802925335243,0.9996860244453699,deadzone
408,ok,-1285.3106564171612,1424.1908428417519,0.9996860244453699,deadzone
409,ok,-1290.1798552162945,1419.860734676011,0.9996860244453699,deadzone
410,ok,-1295.0386880524457,1415.4484550701454,0.9996860244453699,deadzone
411,ok,-1299.868387568742,1411.0587789760903,0.9996860244453699,deadzone
412,ok,-1304.6300424225628,1406.5107085453346,0.9996860244453699,deadzone
413,ok,-1309.345709193498,1401.9975225673988,0.9996860244453699,deadzone
414,ok,-1314.0320356972516,1397.443365787156,0.9996860244453699,deadzone
415,ok,-1318.7667368538678,1392.8230945812538,0.9996860244453699,deadzone
416,ok,-1323.439203131944,1388.1360013233498,0.9996860244453699,deadzone
417,ok,-1328.0465687401593,1383.3441378818825,0.9996860244453699,deadzone
418,ok,-1332.71549545601,1378.6707169758156,0.9996860244453699,deadzone
419,ok,-1337.274046767503,1373.8199612842873,0.9996860244453699,deadzone
420,ok,-1341.8580597527325,1369.02011082042,0.9996860244453699,deadzone
421,ok,-1346.35030304268,1364.10919449199,0.9996860244453699,deadzone
422,ok,-1350.800042975694,1359.2483660923317,0.9996860244453699,deadzone
423,ok,-1355.257996428758,1354.286627982743,0.9996860244453699,deadzone
424,ok,-1359.6192096360028,1349.3251063572243,0.9996860244453699,deadzone
425,ok,-1363.8627523072064,1344.3090469585732,0.9996860244453699,deadzone
426,ok,-1368.1494701988995,1339.293035720475,0.9996860244453699,deadzone
427,ok,-1372.322184909135,1334.2007019268349,0.9996860244453699,deadzone
428,ok,-1376.4703916199505,1329.0550124393776,0.9996860244453699,deadzone
429,ok,-1380.656373847276,1323.8954469906166,0.9996860244453699,deadzone
430,ok,-1384.7650488503277,1318.6468684421852,0.9996860244453699,deadzone
431,ok,-1388.8550366051495,1313.3628160702065,0.9996860244453699,deadzone
432,ok,-1392.9098805077374,1308.0670139538124,0.9996860244453699,deadzone
433,ok,-1396.9084709770977,1302.717574809678,0.9996860244453699,deadzone
434,ok,-1400.9028874523938,1297.257668231614,0.9996860244453699,deadzone
435,ok,-1404.9140697605908,1291.83482572902,0.9996860244453699,deadzone
436,ok,-1408.8579374440014,1286.334877227433,0.9996860244453699,deadzone
437,ok,-1412.6775580532849,1280.7508351551369,0.9996860244453699,deadzone
438,ok,-1416.5440355427563,1275.1992060886696,0.9996860244453699,deadzone
439,ok,-1420.4291821606457,1269.5605284916237,0.9996860244453699,deadzone
440,ok,-1424.1935835964978,1263.8657705532387,0.9996860244453699,deadzone
441,ok,-1427.9938207753003,1258.1806809650734,0.9996860244453699,deadzone
442,ok,-1431.757234442979,1252.426152442582,0.9996860244453699,deadzone
443,ok,-1435.4973105080426,1246.6587307201698,0.9996860244453699,deadzone
444,ok,-1439.192090857774,1240.7767369495705,0.9996860244453699,deadzone
445,ok,-1442.8306053765118,1234.932223056443,0.9996860244453699,deadzone
446,ok,-1446.4223917610943,1229.0164749370888,0.9996860244453699,deadzone
447,ok,-1450.0540977604687,1223.1113264309242,0.9996860244453699,deadzone
448,ok,-1453.5951384194195,1217.168258403428,0.9996860244453699,deadzone
449,ok,-1457.1215158589184,1211.2122590290383,0.9996860244453699,deadzone
450,ok,-1460.5675979740918,1205.1666571842507,0.9996860244453699,deadzone
451,ok,-1464.082176554948,1199.1634247051552,0.9996860244453699,deadzone
452,ok,-1467.5044149048626,1193.0851223217323,0.9996860244453699,deadzone
453,ok,-1470.8554273732007,1186.9994122730568,0.9996860244453699,deadzone
454,ok,-1474.1740823872387,1180.8262574421242,0.9996860244453699,deadzone
455,ok,-1477.4732402451336,1174.6067783581093,0.9996860244453699,deadzone
456,ok,-1480.7187675125897,1168.3640792118385,0.9996860244453699,deadzone
457,ok,-1483.97313009575,1162.0946562038735,0.9996860244453699,deadzone
458,ok,-1487.0695298798382,1155.767524455674,0.9996860244453699,deadzone
459,ok,-1490.1846121437848,1149.3997771488503,0.9996860244453699,deadzone
460,ok,-1493.2747272141278,1143.0347325550392,0.9996860244453699,deadzone
461,ok,-1496.3134981282055,1136.661766265519,0.9996860244453699,deadzone
462,ok,-1499.348455298692,1130.2323448406532,0.9996860244453699,deadzone
463,ok,-1502.2766271717846,1123.7449242817238,0.9996860244453699,deadzone
464,ok,-1505.2254329808056,1117.2138459431008,0.9996860244453699,deadzone
465,ok,-1508.087006200105,1110.6786014782265,0.9996860244453699,deadzone
466,ok,-1510.995933163911,1104.1004321323708,0.9996860244453699,deadzone
467,ok,-1513.7834626324475,1097.4718134151772,0.9996860244453699,deadzone
468,ok,-1516.4883998520672,1090.8656580196694,0.9996860244453699,deadzone
469,ok,-1519.2210825569928,1084.199948524125,0.9996860244453699,deadzone
470,ok,-1521.8037003166974,1077.4510237919167,0.9996860244453699,deadzone
471,ok,-1524.4699119217694,1070.7223031269386,0.9996860244453699,deadzone
472,ok,-1526.9610081799328,1063.989041064866,0.9996860244453699,deadzone
473,ok,-1529.4827028401196,1057.1934783207253,0.9996860244453699,deadzone
474,ok,-1532.0049162991345,1050.3852588878945,0.9996860244453699,deadzone
475,ok,-1534.4048255570233,1043.5210258709267,0.9996860244453699,deadzone
476,ok,-1536.8070229180157,1036.6376378284767,0.9996860244453699,deadzone
477,ok,-1539.0746887810528,1029.698305820115,0.9996860244453699,deadzone
478,ok,-1541.3594802506268,1022.813452933915,0.9996860244453699,deadzone
479,ok,-1543.5440891869366,1015.9124457584694,0.9996860244453699,deadzone
480,ok,-1545.6716931946576,1008.9829156147316,0.9996860244453699,deadzone
481,ok,-1547.861585009843,1002.024773334153,0.9996860244453699,deadzone
482,ok,-1549.903095830232,995.0170738445595,0.9996860244453699,deadzone
483,ok,-1551.8900421746075,987.9615533100441,0.9996860244453699,deadzone
484,ok,-1553.9005232937634,980.9813139187172,0.9996860244453699,deadzone
485,ok,-1555.7962422259152,973.946358893998,0.9996860244453699,deadzone
486,ok,-1557.663745868951,966.8729588733986,0.9996860244453699,deadzone
487,ok,-1559.4702963717282,959.8169948803261,0.9996860244453699,deadzone
488,ok,-1561.1912915594876,952.6916668163612,0.9996860244453699,deadzone
489,ok,-1562.87136625126,945.5724551426247,0.9996860244453699,deadzone
490,ok,-1564.5178674347699,938.407480453141,0.9996860244453699,deadzone
491,ok,-1566.191821206361,931.1933924900368,0.9996860244453699,deadzone
492,ok,-1567.7443705685437,923.9847533451393,0.9996860244453699,deadzone
493,ok,-1569.31987022236,916.74840328563,0.9996860244453699,deadzone
494,ok,-1570.8447488434613,909.4844062076882,0.9996860244453699,deadzone
495,ok,-1572.2796003706753,902.2725875126198,0.9996860244453699,deadzone
496,ok,-1573.648262489587,894.9524271236733,0.9996860244453699,deadzone
497,ok,-1574.9165840037167,887.61616632808,0.9996860244453699,deadzone
498,ok,-1576.2585651762784,880.267841075547,0.9996860244453699,deadzone
499,ok,-1577.4686657078564,872.9051334606484,0.9996860244453699,deadzone
500,ok,-1578.6837577708066,865.5605976330116,0.9996860244453699,deadzone
501,ok,-1579.758087862283,858.1773617016152,0.9996860244453699,deadzone
502,ok,-1580.824067581445,850.7870251880959,0.9996860244453699,deadzone
503,ok,-1581.906593311578,843.3017956959084,0.9996860244453699,deadzone
504,ok,-1582.841991174966,835.8433158146217,0.9996860244453699,deadzone
505,ok,-1583.789318908006,828.3356702076271,0.9996860244453699,deadzone
506,ok,-1584.707654941827,820.7576033817604,0.9996860244453699,deadzone
507,ok,-1585.5889852531254,813.2051784740761,0.9996860244453699,deadzone
508,ok,-1586.3797458298504,805.601406310685,0.9996860244453699,deadzone
509,ok,-1587.1459489353,798.009916995652,0.9996860244453699,deadzone
510,ok,-1587.9096833951771,790.3449747310951,0.9996860244453699,deadzone
511,ok,-1588.5230824835598,782.7206327663735,0.9996860244453699,deadzone
512,ok,-1589.138604748994,775.0413348423317,0.9996860244453699,deadzone
513,ok,-1589.6982223279774,767.3579156147316,0.9996860244453699,deadzone
514,ok,-1590.2772291786969,759.6872937427834,0.9996860244453699,deadzone
515,ok,-1590.7825244553387,751.9490577923134,0.9996860244453699,deadzone
516,ok,-1591.2687443085015,744.1722800480202,0.9996860244453699,deadzone
517,ok,-1591.6879871375859,736.3904330478981,0.9996860244453699,deadzone
518,ok,-1592.0406629927456,728.6262094723061,0.9996860244453699,deadzone
519,ok,-1592.4503964073956,720.8431827770546,0.9996860244453699,deadzone
520,ok,-1592.658813495189,713.010601256974,0.9996860244453699,deadzone
521,ok,-1593.0350640006363,705.1369282947853,0.9996860244453699,deadzone
522,ok,-1593.1343715079129,697.2595355259255,0.9996860244453699,deadzone
523,ok,-1593.27052507177,689.3884966121987,0.9996860244453699,deadzone
524,ok,-1593.3654321320355,681.5373584972695,0.9996860244453699,deadzone
525,ok,-1593.3428881801665,673.6276962505654,0.9996860244453699,deadzone
526,ok,-1593.3947048224509,665.66987726558,0.9996860244453699,deadzone
527,ok,-1593.339860830456,657.7019812809303,0.9996860244453699,deadzone
528,ok,-1593.2739317454398,649.7711636768654,0.9996860244453699,deadzone
529,ok,-1593.1349951662123,641.7895629154518,0.9996860244453699,deadzone
530,ok,-1592.9808796085417,633.8428346859291,0.9996860244453699,deadzone
531,ok,-1592.7746815122664,625.9388315426186,0.9996860244453699,deadzone
532,ok,-1592.4322726763785,617.9681884991005,0.9996860244453699,deadzone
533,ok,-1592.1851245500147,609.9727160679176,0.9996860244453699,deadzone
534,ok,-1591.7963633276522,601.9284531818703,0.9996860244453699,deadzone
535,ok,-1591.4041003026068,593.8971802936867,0.9996860244453699,deadzone
536,ok,-1591.0306501723826,585.8502299534157,0.9996860244453699,deadzone
537,ok,-1590.5209790803492,577.8149487720802,0.9996860244453699,deadzone
538,ok,-1589.8842196799815,569.7976844059303,0.9996860244453699,deadzone
539,ok,-1589.2779021002352,561.7462460743263,0.9996860244453699,deadzone
540,ok,-1588.649572763592,553.6653573261574,0.9996860244453699,deadzone
541,ok,-1588.0261661149561,545.5737149463966,0.9996860244453699,deadzone
542,ok,-1587.3580931164324,537.4878060566261,0.9996860244453699,deadzone
543,ok,-1586.588701877743,529.4000298725441,0.9996860244453699,deadzone
544,ok,-1585.7735951282084,521.2724950062111,0.9996860244453699,deadzone
545,ok,-1584.9290187694132,513.2074982868508,0.9996860244453699,deadzone
546,ok,-1584.0757648088038,505.12666962016374,0.9996860244453699,deadzone
547,ok,-1583.144693288952,497.0404507862404,0.9996860244453699,deadzone
548,ok,-1582.1474258042872,488.9393002735451,0.9996860244453699,deadzone
549,ok,-1581.1493228413165,480.86685249675065,0.9996860244453699,deadzone
550,ok,-1580.1099494434893,472.7974040256813,0.9996860244453699,deadzone
551,ok,-1579.1007331348956,464.6557214008644,0.9996860244453699,deadzone
552,ok,-1578.012258503586,456.52225849498063,0.9996860244453699,deadzone
553,ok,-1576.9060549475253,448.31118938792497,0.9996860244453699,deadzone
554,ok,-1575.7256622053683,440.12009594310075,0.9996860244453699,deadzone
555,ok,-1574.5348154045641,431.8532635914162,0.9996860244453699,deadzone
556,ok,-1573.3506848551333,423.6204812275246,0.9996860244453699,deadzone
557,ok,-1572.1330725885928,415.3291308628395,0.9996860244453699,deadzone
558,ok,-1570.7853375412524,407.0255744205788,0.9996860244453699,deadzone
559,ok,-1569.4417785145342,398.66454098094255,0.9996860244453699,deadzone
560,ok,-1568.1202763058245,390.2164695011452,0.9996860244453699,deadzone
561,ok,-1566.6921088434756,381.8120810734108,0.9996860244453699,deadzone
562,ok,-1565.3265936113894,373.3362319217995,0.9996860244453699,deadzone
563,ok,-1563.836198542267,364.86386940348893,0.9996860244453699,deadzone
564,ok,-1562.4510311819613,356.31037399638444,0.9996860244453699,deadzone
565,ok,-1560.99591300264,347.7246844517067,0.9996860244453699,deadzone
566,ok,-1559.5314691998065,339.16584942210466,0.9996860244453699,deadzone
567,ok,-1557.994000647217,330.5561501728371,0.9996860244453699,deadzone
568,ok,-1556.4720027185977,321.899773334153,0.9996860244453699,deadzone
569,ok,-1554.9620359875262,313.2514235721901,0.9996860244453699,deadzone
570,ok,-1553.4518102146685,304.558895801194,0.9996860244453699,deadzone
571,ok,-1551.8791199661791,295.8562934147194,0.9996860244453699,deadzone
572,ok,-1550.23108670488,287.18825409282,0.9996860244453699,deadzone
573,ok,-1548.6743491627276,278.50253555644304,0.9996860244453699,deadzone
574,ok,-1547.0278017260134,269.76458141673356,0.9996860244453699,deadzone
575,ok,-1545.4137613512576,261.018895839341,0.9996860244453699,deadzone
576,ok,-1543.731797311455,252.21038792002946,0.9996860244453699,deadzone
577,ok,-1542.0860376097262,243.42823097575456,0.9996860244453699,deadzone
578,ok,-1540.3877174593508,234.60867378581315,0.9996860244453699,deadzone
579,ok,-1538.6985308863223,225.76260921824723,0.9996860244453699,deadzone
580,ok,-1536.8949331976473,216.9410912739113,0.9996860244453699,deadzone
581,ok,-1535.1013979651034,208.0468327747658,0.9996860244453699,deadzone
582,ok,-1533.3344888426363,198.93954346049577,0.9996860244453699,deadzone
583,ok,-1531.1746399141848,189.84683391917497,0.9996860244453699,deadzone
584,ok,-1529.4882056452334,180.64468452800065,0.9996860244453699,deadzone
585,ok,-1527.664367172867,171.3887355076149,0.9996860244453699,deadzone
586,ok,-1526.0672042109072,162.08887550700456,0.9996860244453699,deadzone
587,ok,-1524.4123397804797,152.80784103740007,0.9996860244453699,deadzone
588,ok,-1522.8538442589343,143.56671211589128,0.9996860244453699,deadzone
589,ok,-1521.350132200867,134.28188488353044,0.9996860244453699,deadzone
590,ok,-1519.9132227636874,125.0640456425026,0.9996860244453699,deadzone
591,ok,-1518.4641630388796,115.82417175639421,0.9996860244453699,deadzone
592,ok,-1517.0516029335558,106.69475052226335,0.9996860244453699,deadzone
593,ok,-1515.7222600914538,97.54072925914079,0.9996860244453699,deadzone
594,ok,-1514.4124921299517,88.37172291148454,0.9996860244453699,deadzone
595,ok,-1513.0694510675967,79.21476337779313,0.9996860244453699,deadzone
596,ok,-1511.732593987137,70.15115902293473,0.9996860244453699,deadzone
597,ok,-1510.3295559622347,61.152613376267254,0.9996860244453699,deadzone
598,ok,-1509.0312053896487,52.135024760849774,0.9996860244453699,deadzone
599,ok,-1507.808300230652,43.15242550242692,0.9996860244453699,deadzone
600,ok,-1506.5461829639971,34.20260975230485,0.9996860244453699,deadzone
601,ok,-1505.2284928299487,25.280808185227215,0.9996860244453699,deadzone
602,ok,-1503.9973547197878,16.379979823715985,0.9996860244453699,deadzone
603,ok,-1502.70627662912,7.508785937912762,0.9996860244453699,deadzone
604,ok,-1501.4243799187243,-1.3511917842552066,0.9996860244453699,deadzone
605,ok,-1500.1252517439425,-10.175792957656085,0.9996860244453699,deadzone
606,ok,-1498.791882250458,-18.958363796584308,0.9996860244453699,deadzone
607,ok,-1497.4661905504763,-27.75216033589095,0.9996860244453699,deadzone
608,ok,-1496.1259288527071,-36.52153804432601,0.9996860244453699,deadzone
609,ok,-1494.7981838919222,-45.2313473476097,0.9996860244453699,deadzone
610,ok,-1493.4146435000002,-53.95453574787825,0.9996860244453699,deadzone
611,ok,-1492.0491802431643,-62.61804130207747,0.9996860244453699,deadzone
612,ok,-1490.6452721096575,-71.27351215016097,0.9996860244453699,deadzone
613,ok,-1489.274273250252,-79.8860914958641,0.9996860244453699,deadzone
614,ok,-1487.882099006325,-88.44908263813704,0.9996860244453699,deadzone
615,ok,-1486.4767697788775,-96.99582889210433,0.9996860244453699,deadzone
616,ok,-1485.0590253807604,-105.53959682118148,0.9996860244453699,deadzone
617,ok,-1483.6863385178149,-114.0620415462181,0.9996860244453699,deadzone
618,ok,-1482.3062110878527,-122.53247287403792,0.9996860244453699,deadzone
619,ok,-1480.9415307976305,-130.96965625416487,0.9996860244453699,deadzone
620,ok,-1479.5703731514513,-139.27646854054183,0.9996860244453699,deadzone
621,ok,-1478.1738298870623,-147.58496883045882,0.9996860244453699,deadzone
622,ok,-1476.6739444471896,-155.8312704814598,0.9996860244453699,deadzone
623,ok,-1475.3271468617022,-164.05951717030257,0.9996860244453699,deadzone
624,ok,-1473.8872673250735,-172.24810722004622,0.9996860244453699,deadzone
625,ok,-1472.4152376390994,-180.3488896144554,0.9996860244453699,deadzone
626,ok,-1471.0530932880938,-188.45944907795638,0.9996860244453699,deadzone
627,ok,-1469.592026565224,-196.52286174427718,0.9996860244453699,deadzone
628,ok,-1468.2448895908892,-204.52354171406478,0.9996860244453699,deadzone
629,ok,-1466.8922539688647,-212.49393012654036,0.9996860244453699,deadzone
630,ok,-1465.5097778774798,-220.5242693675682,0.9996860244453699,deadzone
631,ok,-1464.1240626312792,-228.46885945927352,0.9996860244453699,deadzone
632,ok,-1462.6926415897906,-236.35169103275985,0.9996860244453699,deadzone
633,ok,-1461.4019008614123,-244.25285508763045,0.9996860244453699,deadzone
634,ok,-1460.1235127188265,-251.992006088607,0.9996860244453699,deadzone
635,ok,-1459.09046337381,-259.71985414158553,0.9996860244453699,deadzone
636,ok,-1457.6165680624545,-267.5209505809471,0.9996860244453699,deadzone
637,ok,-1456.3221616484225,-275.2621820224449,0.9996860244453699,deadzone
638,ok,-1454.8649388290942,-283.0163676990196,0.9996860244453699,deadzone
639,ok,-1453.3371909596026,-290.66291644703597,0.9996860244453699,deadzone
640,ok,-1451.8799509741366,-298.33084085118026,0.9996860244453699,deadzone
641,ok,-1450.3225260712206,-305.95980432163924,0.9996860244453699,deadzone
642,ok,-1448.766134712845,-313.61821630131453,0.9996860244453699,deadzone
643,ok,-1447.254723045975,-321.23357846867293,0.9996860244453699,deadzone
644,ok,-1445.655467722565,-328.8552053226158,0.9996860244453699,deadzone
645,ok,-1444.1152651049197,-336.4074056399986,0.9996860244453699,deadzone
646,ok,-1442.4492190815508,-343.8830554736778,0.9996860244453699,deadzone
647,ok,-1440.9045613743365,-351.39154079090804,0.9996860244453699,deadzone
648,ok,-1439.2478629089892,-358.8860752834007,0.9996860244453699,deadzone
649,ok,-1437.6509090401232,-366.316508079879,0.9996860244453699,deadzone
650,ok,-1435.9973460175097,-373.7813380016014,0.9996860244453699,deadzone
651,ok,-1434.3313311077654,-381.1892192615196,0.9996860244453699,deadzone
652,ok,-1432.6000880934298,-388.60832383763045,0.9996860244453699,deadzone
653,ok,-1430.9872579313815,-396.01850297581404,0.9996860244453699,deadzone
654,ok,-1429.2498780228198,-403.3345296634361,0.9996860244453699,deadzone
655,ok,-1427.5431658960879,-410.6225393069908,0.9996860244453699,deadzone
656,ok,-1425.8524894453585,-417.9234383357689,0.9996860244453699,deadzone
657,ok,-1424.111385796219,-425.2362096561119,0.9996860244453699,deadzone
658,ok,-1422.4329462982714,-432.515265728347,0.9996860244453699,deadzone
659,ok,-1420.6887278296053,-439.8061869395897,0.9996860244453699,deadzone
660,ok,-1418.9684767462313,-447.115541244857,0.9996860244453699,deadzone
661,ok,-1417.2016831375659,-454.3867886317894,0.9996860244453699,deadzone
662,ok,-1415.4627916552126,-461.6021068347618,0.9996860244453699,deadzone
663,ok,-1413.755135152489,-468.79950311314315,0.9996860244453699,deadzone
664,ok,-1411.9758097864687,-476.027970100753,0.9996860244453699,deadzone
665,ok,-1410.2071091867983,-483.20663144718856,0.9996860244453699,deadzone
666,ok,-1408.4715505577624,-490.34494044911116,0.9996860244453699,deadzone
667,ok,-1406.7332956530154,-497.4870255244896,0.9996860244453699,deadzone
668,ok,-1404.9301904179156,-504.56101396214217,0.9996860244453699,deadzone
669,ok,-1402.9434985853732,-511.6979434741661,0.9996860244453699,deadzone
670,ok,-1401.2001728750765,-518.7864730609581,0.9996860244453699,deadzone
671,ok,-1399.150307867676,-525.9239084972069,0.9996860244453699,deadzone
672,ok,-1397.3979869820178,-532.9976222766563,0.9996860244453699,deadzone
673,ok,-1395.7083446718752,-540.0534603847191,0.9996860244453699,deadzone
674,ok,-1394.096251938492,-547.1253254665062,0.9996860244453699,deadzone
675,ok,-1392.5047548748553,-554.1754238856956,0.9996860244453699,deadzone
676,ok,-1390.9455276466906,-561.2656352771446,0.9996860244453699,deadzone
677,ok,-1389.3261382319033,-568.3106196178123,0.9996860244453699,deadzone
678,ok,-1387.78410968557,-575.348994041793,0.9996860244453699,deadzone
679,ok,-1386.1929959990084,-582.4128554118797,0.9996860244453699,deadzone
680,ok,-1384.6863782145083,-589.4619162334129,0.9996860244453699,deadzone
681,ok,-1383.2662430740893,-596.452036167495,0.9996860244453699,deadzone
682,ok,-1381.7463029362261,-603.40034797322,0.9996860244453699,deadzone
683,ok,-1380.3480459190905,-610.3718822253868,0.9996860244453699,deadzone
684,ok,-1378.9267600513995,-617.2764547122642,0.9996860244453699,deadzone
685,ok,-1377.518585536629,-624.2279250873253,0.9996860244453699,deadzone
686,ok,-1376.1337686516345,-631.127917076461,0.9996860244453699,deadzone
687,ok,-1374.7387644983828,-638.0220687640831,0.9996860244453699,deadzone
688,ok,-1373.357170317322,-644.8759415401146,0.9996860244453699,deadzone
689,ok,-1371.9142414070666,-651.7923434032127,0.9996860244453699,deadzone
690,ok,-1370.6134987808764,-658.5640380633995,0.9996860244453699,deadzone
691,ok,-1369.219690296799,-665.3730309261009,0.9996860244453699,deadzone
692,ok,-1367.8721694685519,-672.1113775027916,0.9996860244453699,deadzone
693,ok,-1366.522314760834,-678.7717592967674,0.9996860244453699,deadzone
694,ok,-1365.1414646841586,-685.4269602550194,0.9996860244453699,deadzone
695,ok,-1363.7837013937533,-692.0938461078331,0.9996860244453699,deadzone
696,ok,-1362.4074024893343,-698.687490249984,0.9996860244453699,deadzone
697,ok,-1361.0170027948916,-705.3385708583519,0.9996860244453699,deadzone
698,ok,-1359.7007782198489,-711.8956086887047,0.9996860244453699,deadzone
699,ok,-1358.3275334574282,-718.486125732772,0.9996860244453699,deadzone
700,ok,-1356.981665108353,-725.0204937709495,0.9996860244453699,deadzone
701,ok,-1355.6359770037234,-731.5345742953941,0.9996860244453699,deadzone
702,ok,-1354.3387032486498,-738.0103500140831,0.9996860244453699,deadzone
703,ok,-1353.1330318190157,-744.4501703036949,0.9996860244453699,deadzone
704,ok,-1351.8459522463381,-750.9045050395653,0.9996860244453699,deadzone
705,ok,-1350.5752851702273,-757.312951351516,0.9996860244453699,deadzone
706,ok,-1349.265447113663,-763.6887467158958,0.9996860244453699,deadzone
707,ok,-1347.8669192530215,-769.9629366649315,0.9996860244453699,deadzone
708,ok,-1346.5759459473193,-776.2328899158165,0.9996860244453699,deadzone
709,ok,-1345.1479037739336,-782.4668185962364,0.9996860244453699,deadzone
710,ok,-1343.8846642710268,-788.7338068736717,0.9996860244453699,deadzone
711,ok,-1342.3365330435336,-794.842688347213,0.9996860244453699,deadzone
712,ok,-1341.007304403931,-801.0232823146507,0.9996860244453699,deadzone
713,ok,-1339.615953180939,-807.15616204869,0.9996860244453699,deadzone
714,ok,-1338.1655288673937,-813.2519920123741,0.9996860244453699,deadzone
715,ok,-1336.813286755234,-819.419957424514,0.9996860244453699,deadzone
716,ok,-1335.4668810106814,-825.4810569537804,0.9996860244453699,deadzone
717,ok,-1334.1342483498156,-831.4523365749046,0.9996860244453699,deadzone
718,ok,-1332.8379703499377,-837.4232166064903,0.9996860244453699,deadzone
719,ok,-1331.560775730759,-843.3758371127769,0.9997379221196959,ok
720,ok,-1330.2627161480486,-849.252410675399,0.9997379221196959,deadzone
721,ok,-1328.9245493151248,-855.0435369266197,0.9997379221196959,deadzone
722,ok,-1327.715443585068,-860.8492090953514,0.9997379221196959,deadzone
723,ok,-1326.4721902348101,-866.6361015094444,0.9997379221196959,deadzone
724,ok,-1325.366187427193,-872.3769777072594,0.9997379221196959,deadzone
725,ok,-1324.2052838541567,-878.0700600398704,0.9997379221196959,deadzone
726,ok,-1323.2000744082034,-883.68173053395,0.9997379221196959,deadzone
727,ok,-1322.1034778095782,-889.161647583358,0.9997379221196959,deadzone
728,ok,-1321.0690570808947,-894.6406629336998,0.9997379221196959,deadzone
729,ok,-1320.0747896768153,-900.0825689090416,0.9997379221196959,deadzone
730,ok,-1319.0899817682803,-905.499273086898,0.9997379221196959,deadzone
731,ok,-1318.1480768062174,-910.8527419818565,0.9997379221196959,deadzone
732,ok,-1317.1757756210864,-916.1884610904381,0.9997379221196959,deadzone
733,ok,-1316.322289917618,-921.5179598582909,0.9997379221196959,deadzone
734,ok,-1315.3589582778513,-926.8780815852806,0.9997379221196959,deadzone
735,ok,-1314.4567148424685,-932.1407487643883,0.9997379221196959,deadzone
736,ok,-1313.6313836313784,-937.396366382949,0.9997379221196959,deadzone
737,ok,-1312.7479840256274,-942.5544021381065,0.9997379221196959,deadzone
738,ok,-1311.9683659411967,-947.7350914729759,0.9997379221196959,deadzone
739,ok,-1311.0945336557925,-952.8934791339561,0.9997379221196959,deadzone
740,ok,-1310.367348883301,-958.032262112014,0.9997379221196959,deadzone
741,ok,-1309.6040105558932,-963.1713845981285,0.9997379221196959,deadzone
742,ok,-1308.8429713584483,-968.2389304889366,0.9997379221196959,deadzone
743,ok,-1308.1309923268855,-973.2537524951622,0.9997379221196959,deadzone
744,ok,-1307.4344789125025,-978.2453921092674,0.9997379221196959,deadzone
745,ok,-1306.7962093092501,-983.2092883838341,0.9997379221196959,deadzone
746,ok,-1306.128040406853,-988.126349712722,0.9997379221196959,deadzone
747,ok,-1305.521970126778,-993.0283344043419,0.9997379221196959,deadzone
748,ok,-1305.005835030228,-997.9102676166221,0.9997379221196959,deadzone
749,ok,-1304.3879796005785,-1002.7813551677391,0.9997379221196959,deadzone
750,ok,-1303.9671294130385,-1007.5807154430076,0.9997379221196959,deadzone
751,ok,-1303.4390133060515,-1012.3308770908043,0.9997379221196959,deadzone
752,ok,-1303.0128270424902,-1017.0307948840782,0.9997379221196959,deadzone
753,ok,-1302.6207644976676,-1021.6967876208946,0.9997379221196959,deadzone
754,ok,-1302.2975332774222,-1026.3070066226646,0.9997379221196959,deadzone
755,ok,-1302.042988691479,-1030.910834099166,0.9997379221196959,deadzone
756,ok,-1301.7561215497553,-1035.4602811587974,0.9997379221196959,deadzone
757,ok,-1301.5768985189497,-1039.9253142131492,0.9997379221196959,deadzone
758,ok,-1301.390181351453,-1044.34508159291,0.9997379221196959,deadzone
759,ok,-1301.1955625154078,-1048.6711070789024,0.9997379221196959,deadzone
760,ok,-1301.1337198205292,-1052.9831378711388,0.9997379221196959,deadzone
761,ok,-1301.0431204922497,-1057.2553475154564,0.9997379221196959,deadzone
762,ok,-1300.9867300279438,-1061.4882581485435,0.9997379221196959,deadzone
763,ok,-1300.9865038394928,-1065.642550255172,0.9997379221196959,deadzone
764,ok,-1301.0331089757383,-1069.7512257350609,0.9997379221196959,deadzone
765,ok,-1301.08916907385,-1073.866791988723,0.9997379221196959,deadzone
766,ok,-1301.1237220019102,-1078.072437073104,0.9997379221196959,deadzone
767,ok,-1301.0551290661097,-1082.352252270095,0.9997379221196959,deadzone
768,ok,-1301.056226067245,-1086.56019380223,0.9997379221196959,deadzone
769,ok,-1301.043094150722,-1090.855401779525,0.9997379221196959,deadzone
770,ok,-1301.0694758072495,-1095.2202213061973,0.9997379221196959,deadzone
771,ok,-1301.1193377003074,-1099.5895502818748,0.9997379221196959,deadzone
772,ok,-1301.250909410417,-1103.9797165645286,0.9997379221196959,deadzone
773,ok,-1301.384352080524,-1108.3265083087608,0.9997379221196959,deadzone
774,ok,-1301.5151953473687,-1112.728994156234,0.9997379221196959,deadzone
775,ok,-1301.6683492735028,-1117.0919869197533,0.9997379221196959,deadzone
776,ok,-1301.8494379147887,-1121.5509803546593,0.9997379221196959,deadzone
777,ok,-1302.053979806602,-1126.0238335384056,0.9997379221196959,deadzone
778,ok,-1302.2951047196984,-1130.502414013259,0.9997379221196959,deadzone
779,ok,-1302.5950608029962,-1134.9141991389915,0.9997379221196959,deadzone
780,ok,-1302.887995786965,-1139.3347952617332,0.9997379221196959,deadzone
781,ok,-1303.2095594480634,-1143.7283332599327,0.9997379221196959,deadzone
782,ok,-1303.5553611591458,-1148.1365869296715,0.9997379221196959,deadzone
783,ok,-1304.0925685241818,-1152.5817697299644,0.9997379221196959,deadzone
784,ok,-1304.5009209290147,-1157.1677062762901,0.9997379221196959,deadzone
785,ok,-1304.9108283296227,-1161.8911474002525,0.9997379221196959,deadzone
786,ok,-1305.333974160254,-1166.7101252330467,0.9997379221196959,deadzone
787,ok,-1305.7592488899827,-1171.6107447398826,0.9997379221196959,deadzone
788,ok,-1306.2604495063424,-1176.5881998790428,0.9997379221196959,deadzone
789,ok,-1306.7173590436578,-1181.631856228225,0.9997379221196959,deadzone
790,ok,-1307.211007811129,-1186.7435992015526,0.9997379221196959,deadzone
791,ok,-1307.8316126838326,-1191.7761433376,0.9997926772842429,ok
792,ok,-1308.4539674296975,-1196.858545566909,0.9997926772842429,deadzone
793,ok,-1309.1962746158242,-1201.9820406688377,0.9997926772842429,deadzone
794,ok,-1309.9067605510354,-1207.1200001491234,0.9997926772842429,deadzone
795,ok,-1310.7322443500161,-1212.2403924716637,0.9997926772842429,deadzone
796,ok,-1311.523195900023,-1217.4230482829735,0.9997926772842429,deadzone
797,ok,-1312.465293444693,-1222.6201417697594,0.9997926772842429,deadzone
798,ok,-1313.407439507544,-1227.8614304317161,0.9997926772842429,deadzone
799,ok,-1314.427877344191,-1233.1151664508507,0.9997926772842429,deadzone
800,ok,-1315.5264855995774,-1238.283159996383,0.9998439484604087,ok
801,ok,-1316.6330691948533,-1243.5609905971214,0.9998439484604087,deadzone
802,ok,-1317.8109909668565,-1248.8626740230247,0.9998439484604087,deadzone
803,ok,-1319.0069235935807,-1254.140901352279,0.9998439484604087,deadzone
804,ok,-1320.3427580967546,-1259.3993332637474,0.9998439484604087,deadzone
805,ok,-1321.7170926705003,-1264.7085693133995,0.9998439484604087,deadzone
806,ok,-1323.075379051268,-1270.0840633166954,0.9998439484604087,deadzone
807,ok,-1324.5242541208863,-1275.4612462772056,0.9998439484604087,deadzone
808,ok,-1326.003181733191,-1280.8279302371666,0.9998439484604087,deadzone
809,ok,-1327.4987483397126,-1286.2188866389915,0.9998439484604087,deadzone
810,ok,-1329.0765958204865,-1291.5869400752708,0.9998439484604087,deadzone
811,ok,-1330.6582215204835,-1297.1086304439232,0.9998439484604087,deadzone
812,ok,-1332.4345904961228,-1302.5993240131065,0.9998439484604087,deadzone
813,ok,-1334.1272169724107,-1308.1178643954918,0.9998439484604087,deadzone
814,ok,-1335.9284221306443,-1313.6329996837303,0.9998439484604087,deadzone
815,ok,-1337.7709101811051,-1319.1269715083763,0.9998439484604087,deadzone
816,ok,-1339.6135101690888,-1324.675108219497,0.9998439484604087,deadzone
817,ok,-1341.5849559679627,-1330.2091839564964,0.9998439484604087,deadzone
818,ok,-1343.4948763027787,-1335.7877609981224,0.9998439484604087,deadzone
819,ok,-1345.5280462875962,-1341.2860458148643,0.9998997003318977,ok
820,ok,-1347.5210066214204,-1346.807981277816,0.9998997003318977,deadzone
821,ok,-1349.6086948290467,-1352.242563511245,0.9998997003318977,deadzone
822,ok,-1351.783118762076,-1357.7606394542381,0.9998997003318977,deadzone
823,ok,-1353.8960965052247,-1363.2461521876976,0.9998997003318977,deadzone
824,ok,-1356.139944113791,-1368.6299894107506,0.9998997003318977,deadzone
825,ok,-1358.3284838572145,-1373.958058620803,0.9998997003318977,deadzone
826,ok,-1360.4277551546693,-1379.3450167430565,0.9998997003318977,deadzone
827,ok,-1362.8063674345613,-1384.6452224506065,0.9998997003318977,deadzone
828,ok,-1365.175938643515,-1390.088004852645,0.9998997003318977,deadzone
829,ok,-1367.5302687063813,-1395.6453993571922,0.9998997003318977,deadzone
830,ok,-1370.0096159353852,-1401.2284662974998,0.9998997003318977,deadzone
831,ok,-1372.4488296881318,-1406.941936279647,0.9998997003318977,deadzone
832,ok,-1375.0002766028047,-1412.7050130618736,0.9998997003318977,deadzone
833,ok,-1377.6389818564057,-1418.4554803622887,0.9998997003318977,deadzone
834,ok,-1380.3928337469697,-1424.2695644153282,0.9998997003318977,deadzone
835,ok,-1383.1339636221528,-1430.103888775222,0.9998997003318977,deadzone
836,ok,-1385.9420736208558,-1435.9682595981285,0.9998997003318977,deadzone
837,ok,-1388.7388880625367,-1441.9315240634605,0.9998997003318977,deadzone
838,ok,-1391.6182573214173,-1447.8559029353783,0.9998997003318977,deadzone
839,ok,-1394.436558522284,-1453.8568084491417,0.9998997003318977,deadzone
840,ok,-1397.377146281302,-1459.8297274364159,0.9998997003318977,deadzone
841,ok,-1400.254848279059,-1465.9091866267845,0.9998997003318977,deadzone
842,ok,-1403.2206969633698,-1471.9918377650902,0.9998997003318977,deadzone
843,ok,-1406.2359674349427,-1478.1733381999657,0.9998997003318977,deadzone
844,ok,-1409.3159037008882,-1484.3318569911644,0.9998997003318977,deadzone
845,ok,-1412.3619935885072,-1490.77916696202,0.9998997003318977,deadzone
846,ok,-1415.478703059256,-1497.2270548595116,0.9999566347866977,ok
847,ok,-1418.676411189139,-1503.648228908889,1.0000506083773741,ok
848,ok,-1421.7400608435273,-1510.057523037307,1.0001782123707255,ok
849,ok,-1425.0372913256288,-1516.4321172488853,1.0001782123707255,deadzone
850,ok,-1428.0963356867433,-1522.7531650317833,1.0001782123707255,deadzone
851,ok,-1431.250893868506,-1529.0444190753624,1.0001782123707255,deadzone
852,ok,-1434.4403903856874,-1535.3274748576805,1.0001782123707255,deadzone
853,ok,-1437.6468222513795,-1541.5500304950401,1.0001782123707255,deadzone
854,ok,-1440.742890395224,-1547.8225457919762,1.0001782123707255,deadzone
855,ok,-1443.932998456061,-1554.0068061603233,1.0001782123707255,deadzone
856,ok,-1447.1257799044251,-1560.3242013705894,1.0001782123707255,deadzone
857,ok,-1450.3593700304627,-1566.726311470382,1.0001782123707255,deadzone
858,ok,-1453.6130717173219,-1573.1289241565391,1.0001782123707255,deadzone
859,ok,-1456.886617936194,-1579.5538652194664,1.0001782123707255,deadzone
860,ok,-1460.1426973715425,-1585.943729187362,1.0001782123707255,deadzone
861,ok,-1463.5122459307313,-1592.5805156482384,1.0001782123707255,deadzone
862,ok,-1466.9532249346375,-1599.278192783706,1.0001782123707255,deadzone
863,ok,-1470.4545464888215,-1606.037844444625,1.0001782123707255,deadzone
864,ok,-1473.9663715735078,-1612.9163320316002,1.0001782123707255,deadzone
865,ok,-1477.5264373198152,-1619.893078113906,1.0001782123707255,deadzone
866,ok,-1481.1314294710755,-1626.8772609485313,1.0001782123707255,deadzone
867,ok,-1484.7753222361207,-1633.9196794284508,1.0002295413551967,ok
868,ok,-1488.4694559946656,-1641.0286200297996,1.0003196533184946,ok
869,ok,-1492.220984019339,-1648.1463525546715,1.000444694349858,ok
870,ok,-1495.9549878016114,-1655.4401228679344,1.000444694349858,deadzone
871,ok,-1499.7642078772187,-1662.799451137893,1.000496241807798,ok
872,ok,-1503.6309020891786,-1670.1918981326744,1.000496241807798,deadzone
873,ok,-1507.4652758017182,-1677.6164148105308,1.000496241807798,deadzone
874,ok,-1511.3804035559297,-1685.1153075946495,1.000496241807798,deadzone
875,ok,-1515.3262825384736,-1692.6319940341637,1.000548007041117,ok
876,ok,-1519.2924259081483,-1700.193072105758,1.000548007041117,deadzone
877,ok,-1523.262235917151,-1707.8776233447716,1.000548007041117,deadzone
878,ok,-1527.2757618799806,-1715.5896947635338,1.000548007041117,deadzone
879,ok,-1531.3484614267945,-1723.3967588199303,1.000548007041117,deadzone
880,ok,-1535.436781682074,-1731.2597639812157,1.000548007041117,deadzone
881,ok,-1539.5460818186402,-1739.17791154515,1.000548007041117,deadzone
882,ok,-1543.6377556696534,-1747.1681535495445,1.000548007041117,deadzone
883,ok,-1547.7106626406312,-1755.221199776046,1.000548007041117,deadzone
884,ok,-1551.8111236467957,-1763.2869603885338,1.000548007041117,deadzone
885,ok,-1555.9114039316773,-1771.4559161914513,1.000548007041117,deadzone
886,ok,-1560.0259797945619,-1779.7181928409263,1.000548007041117,deadzone
887,ok,-1564.171774663031,-1787.976944710128,1.000548007041117,deadzone
888,ok,-1568.342675484717,-1796.3535220874473,1.000548007041117,deadzone
889,ok,-1572.486402310431,-1804.8447540057823,1.000548007041117,deadzone
890,ok,-1576.668687619269,-1813.4532134784386,1.000548007041117,deadzone
891,ok,-1580.870730675757,-1822.1106469882652,1.000548007041117,deadzone
892,ok,-1585.073298253119,-1830.7381952060387,1.000548007041117,deadzone
893,ok,-1589.2988102808595,-1839.3875224841759,1.000548007041117,deadzone
894,ok,-1593.4651306048036,-1848.1208865894005,1.000548007041117,deadzone
895,ok,-1597.6410558596253,-1856.7914178622887,1.000548007041117,deadzone
896,ok,-1601.7469265833497,-1865.4723890079185,1.000548007041117,deadzone
897,ok,-1605.8573491945863,-1874.2462756885216,1.000548007041117,deadzone
898,ok,-1609.9394319429994,-1883.0460708392784,1.000548007041117,deadzone
899,ok,-1613.980735577643,-1891.8288800967857,1.000548007041117,deadzone
900,ok,-1617.9443056955934,-1900.696993614547,1.000548007041117,deadzone
901,ok,-1621.9504101648927,-1909.5088956607506,1.000548007041117,deadzone
902,ok,-1625.8135176077485,-1918.4370067371055,1.000548007041117,deadzone
903,ok,-1629.6565289869905,-1927.3836734546348,1.000548007041117,deadzone
904,ok,-1633.5060446634889,-1936.2679403079674,1.000548007041117,deadzone
905,ok,-1637.274525679648,-1945.2060249103233,1.000548007041117,deadzone
906,ok,-1640.947866000235,-1954.1740997089073,1.000548007041117,deadzone
907,ok,-1644.6763785257936,-1963.0922401202843,1.000548007041117,deadzone
908,ok,-1648.3412614241242,-1972.0716912997887,1.000548007041117,deadzone
909,ok,-1651.8535290136933,-1981.1550128711388,1.000548007041117,deadzone
910,ok,-1655.3767907992005,-1990.1673829806969,1.000548007041117,deadzone
911,ok,-1658.7845497503877,-1999.195188309066,1.000548007041117,deadzone
912,ok,-1662.217172421515,-2008.3173406375572,1.000548007041117,deadzone
913,ok,-1665.4586813822389,-2017.466989303939,1.000548007041117,deadzone
914,ok,-1668.7649805918336,-2026.655468727462,1.000548007041117,deadzone
915,ok,-1672.0289874449372,-2035.8036325229332,1.000548007041117,deadzone
916,ok,-1675.2340684309602,-2044.974020744674,1.000548007041117,deadzone
917,ok,-1678.3845134153962,-2054.1901929629967,1.000548007041117,deadzone
918,ok,-1681.461896456778,-2063.400546814315,1.000548007041117,deadzone
919,ok,-1684.5077741518617,-2072.6670892490074,1.000548007041117,deadzone
920,ok,-1687.4522655382752,-2081.890772606246,1.000548007041117,deadzone
921,ok,-1690.4016642943025,-2091.120167518966,1.000548007041117,deadzone
922,ok,-1693.2210641279817,-2100.409871841781,1.000548007041117,deadzone
923,ok,-1695.977459706366,-2109.671947265975,1.000548007041117,deadzone
924,ok,-1698.6955671682954,-2118.902068878524,1.000548007041117,deadzone
925,ok,-1701.3822870627046,-2128.1422479404137,1.000548007041117,deadzone
926,ok,-1703.868981398642,-2137.395803238265,1.000548007041117,deadzone
927,ok,-1706.4602749720216,-2146.652868057601,1.000548007041117,deadzone
928,ok,-1709.0403595343232,-2155.887339378707,1.000548007041117,deadzone
929,ok,-1711.4254913702607,-2165.1655500186607,1.000548007041117,deadzone
930,ok,-1713.9089806452394,-2174.416518951766,1.000548007041117,deadzone
931,ok,-1716.1980789080262,-2183.628508354537,1.000548007041117,deadzone
932,ok,-1718.4669196978211,-2192.892770553939,1.000548007041117,deadzone
933,ok,-1720.656272687018,-2202.159543777816,1.000548007041117,deadzone
934,ok,-1722.7708104029298,-2211.40536668431,1.000548007041117,deadzone
935,ok,-1724.970254458487,-2220.6821325076744,1.000548007041117,deadzone
936,ok,-1726.947644509375,-2230.0886113895103,1.000548007041117,deadzone
937,ok,-1728.9950659647584,-2239.4180085910484,1.000548007041117,deadzone
938,ok,-1730.956279553473,-2248.786671425216,1.000548007041117,deadzone
939,ok,-1732.7188945189118,-2258.0752418292686,1.000548007041117,deadzone
940,ok,-1734.5593710318208,-2267.3636529697105,1.0006017420121323,ok
941,ok,-1736.1720058098435,-2276.6930740131065,1.0006017420121323,deadzone
942,ok,-1737.854809321463,-2285.9824493182823,1.0006554476873422,ok
943,ok,-1739.4410097971559,-2295.298752571456,1.0006554476873422,deadzone
944,ok,-1740.954594053328,-2304.7003801120445,1.0006554476873422,deadzone
945,ok,-1742.4571075811982,-2314.0637223972008,1.0007081429144904,ok
946,ok,-1743.8591529503465,-2323.445570732467,1.0008009439328918,ok
947,ok,-1745.198614872992,-2332.8813274158165,1.0008009439328918,deadzone
948,ok,-1746.5600850954652,-2342.2809760821983,1.0008543580900193,ok
949,ok,-1747.6929215565324,-2351.723011757247,1.0008543580900193,deadzone
950,ok,-1748.8679407015443,-2361.1391790164635,1.000904849046235,ok
951,ok,-1749.9321214333177,-2370.6881187213585,1.0009964578107429,ok
952,ok,-1751.007545389235,-2380.1337440265343,1.001116758058361,ok
953,ok,-1752.0335419550538,-2389.641983772628,1.001257672668804,ok
954,ok,-1753.0237262621522,-2399.081551338546,1.0014303631340895,ok
955,ok,-1753.916350401938,-2408.522900368087,1.0016153535424384,ok
956,ok,-1754.6571095362306,-2417.992747093551,1.0018141822235391,ok
957,ok,-1755.4219256415963,-2427.4055221332237,1.0020216564984297,ok
958,ok,-1756.0497911944985,-2436.8454845203087,1.0022334163281088,ok
959,ok,-1756.6726575866342,-2446.3251064075157,1.0024526784985817,ok
960,ok,-1757.2062223926187,-2455.820791031234,1.0026726940000998,ok
961,ok,-1757.5483355894685,-2465.311221863143,1.0029182446260463,ok
962,ok,-1757.908061541617,-2474.7448432696983,1.0031607724034282,ok
963,ok,-1758.0355100408196,-2484.2383096469566,1.0034075390807986,ok
964,ok,-1758.3063541427255,-2493.710334564559,1.003655690674692,ok
965,ok,-1758.4689753428102,-2503.1747596515343,1.0038961325862716,ok
966,ok,-1758.4803177788854,-2512.660981918685,1.0041332551883342,ok
967,ok,-1758.5142934694886,-2522.098933006637,1.0041332551883342,deadzone
968,ok,-1758.3514766171575,-2531.539953972213,1.0041841462138061,ok
969,ok,-1758.2099803760648,-2540.9594609988853,1.004276642625175,ok
970,ok,-1757.9514105394483,-2550.3786266101524,1.0044024461979424,ok
971,ok,-1757.5821582749486,-2559.8066747440025,1.0044024461979424,deadzone
972,ok,-1757.1814579442143,-2569.216793800704,1.004454768013787,ok
973,ok,-1756.6994485333562,-2578.5951278461143,1.004454768013787,deadzone
974,ok,-1756.1011252477765,-2587.833314682357,1.0045135201803193,ok
975,ok,-1755.4366867020726,-2597.065588737838,1.0045135201803193,deadzone
976,ok,-1754.6795620396733,-2606.3527753604576,1.0045135201803193,deadzone
977,ok,-1754.0122999623418,-2615.545771385543,1.0045135201803193,deadzone
978,ok,-1753.0668104961514,-2624.8307435764,1.0045135201803193,deadzone
979,ok,-1752.0697987154126,-2634.0291917575523,1.0045135201803193,deadzone
980,ok,-1751.1390017345548,-2643.324803139083,1.0045135201803193,deadzone
981,ok,-1749.9890747144818,-2652.5309465182945,1.004567213274575,ok
982,ok,-1748.8690921142697,-2661.7634132159874,1.0046590212168924,ok
983,ok,-1747.6538930013776,-2670.9323594821617,1.0047849388486039,ok
984,ok,-1746.365849621594,-2680.1103828204796,1.004940026474824,ok
985,ok,-1744.9942938163877,-2689.1778552783653,1.0051257022669209,ok
986,ok,-1743.5365635231137,-2698.2039487613365,1.0053265704087908,ok
987,ok,-1742.0413713529706,-2707.1986835254356,1.0055405863616782,ok
988,ok,-1740.413485057652,-2716.2066943896934,1.0057793829491157,ok
989,ok,-1738.7437985017896,-2725.0981672061607,1.0060276603103704,ok
990,ok,-1736.9298821762204,-2733.921329285018,1.0062874059928832,ok
991,ok,-1735.0769734457135,-2742.5910146487877,1.0065524801559376,ok
992,ok,-1733.2973510101438,-2751.360543991439,1.00682252556547,ok
993,ok,-1731.2490187957883,-2760.138616348617,1.0070935129823846,ok
994,ok,-1729.272720105946,-2768.9633434070274,1.0073654223682234,ok
995,ok,-1727.1145794466138,-2777.7510564578697,1.0076375134759008,ok
996,ok,-1725.0363259389997,-2786.500059868209,1.007908287191255,ok
997,ok,-1722.8099277094007,-2795.1951415790245,1.0081970329412822,ok
998,ok,-1720.4777324274182,-2803.7939098132774,1.008473520836828,ok
999,ok,-1718.0616414621472,-2812.496972824447,1.0087504984794975,ok
1000,ok,-1715.6411309316754,-2821.1241109622642,1.0090324649912779,ok
1001,ok,-1713.1873498037457,-2829.7926709903404,1.0093155361791906,ok
1002,ok,-1710.6718065813184,-2838.3851878894493,1.0095879144043916,ok
1003,ok,-1708.0921437814832,-2847.0415265811607,1.0098584126829449,ok
1004,ok,-1705.5282321050763,-2855.6368711246178,1.0101242431661908,ok
1005,ok,-1702.7662742212415,-2864.1833656085655,1.01039235478685,ok
1006,ok,-1700.1084501817822,-2872.709616447799,1.010654488995368,ok
1007,ok,-1697.1673240736127,-2881.1866452945396,1.0109246466306576,ok
1008,ok,-1694.3646247461438,-2889.6548135532066,1.0111899774667672,ok
1009,ok,-1691.4063677862287,-2898.131992126815,1.011460815149226,ok
1010,ok,-1688.359147079289,-2906.478925491683,1.0117315309972725,ok
1011,ok,-1685.3196759298444,-2914.8976009143516,1.0119970524799977,ok
1012,ok,-1682.1473591402173,-2923.2827070010826,1.0122616678069787,ok
1013,ok,-1678.9474697187543,-2931.605726982467,1.012520017410192,ok
1014,ok,-1675.7039589956403,-2939.846527840011,1.0127699411004534,ok
1015,ok,-1672.410650022328,-2948.179879928939,1.0130208023071956,ok
1016,ok,-1669.056757695973,-2956.4140537036583,1.0132627184636964,ok
1017,ok,-1665.6251778677106,-2964.6219175113365,1.0135009361436373,ok
1018,ok,-1662.1544182375073,-2972.754273201339,1.0137309263181602,ok
1019,ok,-1658.5465266779065,-2980.871011520736,1.0139660870912277,ok
1020,ok,-1654.941457040608,-2988.942135597579,1.0142087798699928,ok
1021,ok,-1651.214002378285,-2996.9301440967247,1.014459569155292,ok
1022,ok,-1647.5349371507764,-3004.99502256047,1.0147158627630715,ok
1023,ok,-1643.7226283624768,-3012.9440539134666,1.0149680911744297,ok
1024,ok,-1639.885609395802,-3020.9832041515037,1.0152114345254788,ok
1025,ok,-1636.1129391267896,-3028.9915859950706,1.015451664790621,ok
1026,ok,-1632.0680344179273,-3036.8582270396873,1.0156843436744745,ok
1027,ok,-1628.1045868471265,-3044.7347791446373,1.0159187297005063,ok
1028,ok,-1624.0046374872327,-3052.581415916793,1.0161487246659475,ok
1029,ok,-1619.8401157930493,-3060.3899815334007,1.0163858103068222,ok
1030,ok,-1615.6299350336194,-3068.172841335647,1.0166248128081392,ok
1031,ok,-1611.3968288972974,-3075.953016544692,1.0168570782773492,ok
1032,ok,-1607.0603654459119,-3083.5914089931175,1.0170966247568092,ok
1033,ok,-1602.7423489168286,-3091.282837654464,1.0173367380565825,ok
1034,ok,-1598.3268449380994,-3098.91428163182,1.0175893697346672,ok
1035,ok,-1593.8331196382642,-3106.531500126235,1.0178378867021574,ok
1036,ok,-1589.2264692857862,-3114.060799385421,1.0180936938578564,ok
1037,ok,-1584.5728766992688,-3121.6259024394676,1.01834572200289,ok
1038,ok,-1579.8986051157117,-3129.204836632125,1.018591070481866,ok
1039,ok,-1575.0946552827954,-3136.5839274181053,1.018845859457925,ok
1040,ok,-1570.2893526628613,-3144.0141904605553,1.0191155597339838,ok
1041,ok,-1565.356580503285,-3151.411241318099,1.0193749529356413,ok
1042,ok,-1560.441779859364,-3158.764503742568,1.019645048443264,ok
1043,ok,-1555.4107463434339,-3166.004418159835,1.0199014462346268,ok
1044,ok,-1550.400495775044,-3173.241152550094,1.0201646817474301,ok
1045,ok,-1545.2866246774793,-3180.4949515117332,1.0204165001636272,ok
1046,ok,-1540.136387117207,-3187.6559646381065,1.020668611687571,ok
1047,ok,-1534.9685771539807,-3194.8745787395164,1.020668611687571,deadzone
1048,ok,-1529.720347173512,-3202.0626242412254,1.0207249342019267,ok
1049,ok,-1524.3510434702039,-3209.261943603866,1.0208219095828175,ok
1050,ok,-1518.9213326051831,-3216.3600390208885,1.0208219095828175,deadzone
1051,ok,-1513.4629442766309,-3223.4161694301292,1.020881838200954,ok
1052,ok,-1508.0304648950696,-3230.518768574111,1.0209872311903905,ok
1053,ok,-1502.401381738484,-3237.4718458903953,1.0211307617210215,ok
1054,ok,-1496.8671524599195,-3244.525624538772,1.0212962317245335,ok
1055,ok,-1491.1795103624463,-3251.473264004104,1.0214995050522044,ok
1056,ok,-1485.5137584283948,-3258.3413307918236,1.0217251177661202,ok
1057,ok,-1479.7003905847669,-3265.1716315997764,1.0219523555763876,ok
1058,ok,-1473.8573567941785,-3271.976215626113,1.022199014633314,ok
1059,ok,-1468.0676133707166,-3278.769431377761,1.0224415098843236,ok
1060,ok,-1462.0515053346753,-3285.3654153598472,1.022691595848933,ok
1061,ok,-1456.106357820332,-3291.9820573581383,1.0229349552578426,ok
1062,ok,-1450.005376584828,-3298.5074270023033,1.0231826319953974,ok
1063,ok,-1443.846851117909,-3305.07532384526,1.0234360926337338,ok
1064,ok,-1437.7933795526624,-3311.584435726516,1.023698519988726,ok
1065,ok,-1431.5078013017774,-3317.991445328109,1.0239725217397109,ok
1066,ok,-1425.343737848103,-3324.420563007705,1.024251520023193,ok
1067,ok,-1419.0247566774487,-3330.7159350169823,1.0245314722049945,ok
1068,ok,-1412.647951848805,-3336.9733441127464,1.0248351573754133,ok
1069,ok,-1406.239917524159,-3343.224023605697,1.0248351573754133,deadzone
1070,ok,-1399.6951205804944,-3349.208796764724,1.0249165361636847,ok
1071,ok,-1393.2776844576001,-3355.293492103927,1.025046186511431,ok
1072,ok,-1386.685254342854,-3361.260135437362,1.025223688160189,ok
1073,ok,-1379.969937570393,-3367.088598514907,1.025223688160189,deadzone
1074,ok,-1373.3489244058728,-3372.9313466800377,1.025307961944507,ok
1075,ok,-1366.561950929463,-3378.6900050891563,1.025442309239079,ok
1076,ok,-1359.6981942728162,-3384.2713158382103,1.025597588717664,ok
1077,ok,-1352.888849504292,-3389.96790197026,1.0257816545764813,ok
1078,ok,-1345.88945556432,-3395.403886104934,1.025989959253198,ok
1079,ok,-1338.8841435983777,-3401.0608189357445,1.026204163858837,ok
1080,ok,-1331.7787225320935,-3406.4439962161705,1.0264343713293247,ok
1081,ok,-1324.7345321252942,-3411.803219581954,1.0266645735553623,ok
1082,ok,-1317.585988767445,-3416.967359806411,1.0269010633315934,ok
1083,ok,-1310.5003240182996,-3422.038531090133,1.027143650742728,ok
1084,ok,-1303.2883260324597,-3426.9918716205284,1.0273832688203983,ok
1085,ok,-1296.208899743855,-3431.9330976260826,1.0276337329860397,ok
1086,ok,-1288.8564941957593,-3436.626497055404,1.027892678772578,ok
1087,ok,-1281.7422492578626,-3441.2532866252586,1.028138924588794,ok
1088,ok,-1274.4763977602124,-3445.974421764724,1.028138924588794,deadzone
1089,ok,-1267.077190168202,-3450.3971874965355,1.0281935459129536,ok
1090,ok,-1259.6927869394422,-3454.822779919021,1.0282861904711025,ok
1091,ok,-1252.2938025072217,-3459.0681336177513,1.0284205778269548,ok
1092,ok,-1244.9041416719556,-3463.2649591220543,1.028577729071115,ok
1093,ok,-1237.5667975023389,-3467.33518006932,1.0287471622297362,ok
1094,ok,-1230.1887433603406,-3471.3846013797447,1.0287471622297362,deadzone
1095,ok,-1222.7419231012464,-3475.1550264609978,1.0288067680000414,ok
1096,ok,-1215.3649790361524,-3478.9683871520683,1.0289041905516443,ok
1097,ok,-1207.9296767786145,-3482.623940016143,1.0290312634543541,ok
1098,ok,-1200.4587333276868,-3486.2272842181846,1.0291816640744966,ok
1099,ok,-1192.99514079839,-3489.6959905875847,1.0291816640744966,deadzone
1100,ok,-1185.5719692781568,-3492.9957626117393,1.0291816640744966,deadzone
1101,ok,-1178.0917480066419,-3496.3277185214683,1.0292365552630636,ok
1102,ok,-1170.6140067651868,-3499.4672582400963,1.0292365552630636,deadzone
1103,ok,-1163.134325273335,-3502.5390370143577,1.0292960041182704,ok
1104,ok,-1155.6335184648633,-3505.5002687228844,1.0293942565262528,ok
1105,ok,-1148.153163202107,-3508.3323264373466,1.0293942565262528,deadzone
1106,ok,-1140.713996656239,-3511.121235157363,1.0293942565262528,deadzone
1107,ok,-1133.2712814882398,-3513.7275707973167,1.0293942565262528,deadzone
1108,ok,-1125.9133889749646,-3516.3145666373894,1.0293942565262528,deadzone
1109,ok,-1118.5590684488416,-3518.8144827140495,1.0293942565262528,deadzone
1110,ok,-1111.1758720949292,-3521.1714616073295,1.0293942565262528,deadzone
1111,ok,-1103.8096311166883,-3523.4709031833336,1.0293942565262528,deadzone
1112,ok,-1096.4225933626294,-3525.666623379104,1.0293942565262528,deadzone
1113,ok,-1088.966877706349,-3527.848226572387,1.0293942565262528,deadzone
1114,ok,-1081.1598622873425,-3530.175437952392,1.0293942565262528,deadzone
1115,ok,-1073.2591378763318,-3532.4660294307396,1.0293942565262528,deadzone
1116,ok,-1065.2742250040174,-3534.6580033553764,1.0293942565262528,deadzone
1117,ok,-1057.1745441034436,-3536.797824884765,1.0293942565262528,deadzone
1118,ok,-1048.9634082391858,-3539.0256166709587,1.0293942565262528,deadzone
1119,ok,-1040.7595164850354,-3541.1635868800804,1.0293942565262528,deadzone
1120,ok,-1032.4508597925305,-3543.3619337333366,1.0293942565262528,deadzone
1121,ok,-1024.0641086176038,-3545.541727568023,1.0293942565262528,deadzone
1122,ok,-1015.586745031178,-3547.77756288182,1.0293942565262528,deadzone
1123,ok,-1007.0278785303235,-3549.897521997802,1.0293942565262528,deadzone
1124,ok,-998.4639308527112,-3551.9853971255943,1.0293942565262528,deadzone
1125,ok,-989.9686572626233,-3553.9001249326393,1.0293942565262528,deadzone
1126,ok,-981.3772456720471,-3556.1411322606727,1.0293942565262528,deadzone
1127,ok,-972.6290032938123,-3558.465290213935,1.0293942565262528,deadzone
1128,ok,-963.8929889276624,-3560.965774680488,1.0293942565262528,deadzone
1129,ok,-955.0079429224133,-3563.46921243798,1.0293942565262528,deadzone
1130,ok,-946.0546929910779,-3566.1002511037514,1.0293942565262528,deadzone
1131,ok,-937.0691630914807,-3568.887504483573,1.0293942565262528,deadzone
1132,ok,-927.9939277246594,-3571.61951246392,1.0293942565262528,deadzone
1133,ok,-918.8288886621594,-3574.507664824836,1.0293942565262528,deadzone
1134,ok,-909.5210216119885,-3577.50579991471,1.0294773072254306,ok
1135,ok,-900.1458966806531,-3580.717190171592,1.029606188058122,ok
1136,ok,-890.653564222157,-3584.1049424661323,1.0297692193742753,ok
1137,ok,-881.0064027383924,-3587.0305866254494,1.0299634091763856,ok
1138,ok,-871.3932483270764,-3590.1400555623695,1.0301853017926443,ok
1139,ok,-861.775052793324,-3593.266832734458,1.0304406890998685,ok
1140,ok,-852.132266767323,-3596.174574281089,1.0307147183832734,ok
1141,ok,-842.4755637720227,-3599.0786477578804,1.0310091075915646,ok
1142,ok,-832.8188150003552,-3601.9258710397407,1.0312997686969225,ok
1143,ok,-823.0809533670545,-3604.6604343904182,1.0312997686969225,deadzone
1144,ok,-813.3344600275159,-3607.474372769706,1.0312997686969225,deadzone
1145,ok,-803.5808694437146,-3610.1836911691353,1.0313521760710507,ok
1146,ok,-794.0248124673963,-3612.88145437371,1.0313521760710507,deadzone
1147,ok,-784.4668128564954,-3615.492471362464,1.0313521760710507,deadzone
1148,ok,-774.4750697687268,-3618.235246325843,1.0313521760710507,deadzone
1149,ok,-764.8967301920056,-3620.800094748847,1.0313521760710507,deadzone
1150,ok,-755.2852208688855,-3623.238595868461,1.0313521760710507,deadzone
1151,ok,-745.6815021112561,-3625.7967332853004,1.0313521760710507,deadzone
1152,ok,-736.0708959177136,-3628.3739444268867,1.0313521760710507,deadzone
1153,ok,-726.4243390634656,-3630.8371304525062,1.0313521760710507,deadzone
1154,ok,-716.7118871286511,-3633.4085961831734,1.0313521760710507,deadzone
1155,ok,-707.0067288950086,-3635.930970574729,1.0313521760710507,deadzone
1156,ok,-697.283594854176,-3638.56363024842,1.0313521760710507,deadzone
1157,ok,-687.500635869801,-3641.0888914121315,1.0313521760710507,deadzone
1158,ok,-677.7163913324475,-3643.674215222709,1.0313521760710507,deadzone
1159,ok,-667.9637849405408,-3646.266784097068,1.0313521760710507,deadzone
1160,ok,-658.1839768961072,-3648.8170269979164,1.0313521760710507,deadzone
1161,ok,-648.4050777032971,-3651.5300094140694,1.0313521760710507,deadzone
1162,ok,-638.6242559030652,-3654.1918326867744,1.0313521760710507,deadzone
1163,ok,-628.907304532826,-3656.9494151128456,1.0313521760710507,deadzone
1164,ok,-619.156698949635,-3659.726311112754,1.0313521760710507,deadzone
1165,ok,-609.491719968617,-3662.4543427480385,1.0313521760710507,deadzone
1166,ok,-599.8098199442029,-3665.2791551603004,1.0313521760710507,deadzone
1167,ok,-590.0629136636853,-3668.019030000083,1.0313521760710507,deadzone
1168,ok,-580.3626039102674,-3670.8364385617897,1.0313521760710507,deadzone
1169,ok,-570.630536802113,-3673.664206649177,1.0313521760710507,deadzone
1170,ok,-560.9780042245984,-3676.529881621711,1.0313521760710507,deadzone
1171,ok,-551.3542525842786,-3679.2851912034675,1.0313521760710507,deadzone
1172,ok,-541.6785609796643,-3682.187683726661,1.0313521760710507,deadzone
1173,ok,-532.0217807367444,-3685.0689274324104,1.0313521760710507,deadzone
1174,ok,-522.3679854944348,-3687.9756571305916,1.0313521760710507,deadzone
1175,ok,-512.7182061746716,-3690.9086023820564,1.0313521760710507,deadzone
1176,ok,-503.1043012216687,-3693.8218518747017,1.0313521760710507,deadzone
1177,ok,-493.4805200174451,-3696.817506934516,1.0313521760710507,deadzone
1178,ok,-483.90578056126833,-3699.766341830604,1.0313521760710507,deadzone
1179,ok,-474.3236138895154,-3702.6956187738106,1.0313521760710507,deadzone
1180,ok,-464.7867677286267,-3705.645671035163,1.0313521760710507,deadzone
1181,ok,-455.1406238153577,-3708.704847718589,1.0313521760710507,deadzone
1182,ok,-445.60932040959597,-3711.7464295877144,1.0313521760710507,deadzone
1183,ok,-436.07952953130007,-3714.698794747703,1.0313521760710507,deadzone
1184,ok,-426.59679199010134,-3717.7383092893288,1.0313521760710507,deadzone
1185,ok,-417.12403751164675,-3720.758772755973,1.0313521760710507,deadzone
1186,ok,-407.625506170094,-3723.84443225991,1.0313521760710507,deadzone
1187,ok,-398.2154424265027,-3726.9078835500404,1.0313521760710507,deadzone
1188,ok,-388.9287631586194,-3729.9543642057106,1.0313521760710507,deadzone
1189,ok,-379.5465667322278,-3732.927728320472,1.0313521760710507,deadzone
1190,ok,-370.33214545994997,-3736.0738526834175,1.0313521760710507,deadzone
1191,ok,-361.03461910039186,-3738.9345170510933,1.0313521760710507,deadzone
1192,ok,-351.8278911188245,-3742.0715097440407,1.0313521760710507,deadzone
1193,ok,-342.5648181512952,-3745.104355718009,1.0313521760710507,deadzone
1194,ok,-333.355073697865,-3748.1359554780647,1.0313521760710507,deadzone
1195,ok,-324.2468850687146,-3751.1374959005043,1.0313521760710507,deadzone
1196,ok,-314.93606162816286,-3754.140757705085,1.0313521760710507,deadzone
1197,ok,-305.6609590128064,-3757.2033752454445,1.0313521760710507,deadzone
1198,ok,-296.3762013986707,-3760.245015288703,1.0313521760710507,deadzone
1199,ok,-287.152418859303,-3763.3260087026283,1.0313521760710507,deadzone
1200,ok,-277.88748241215944,-3766.4243458760902,1.0313521760710507,deadzone
1201,ok,-268.61243510991335,-3769.5313598169014,1.0313521760710507,deadzone
1202,ok,-259.38369251042604,-3772.600882912986,1.0313521760710507,deadzone
1203,ok,-250.13907123357058,-3775.7234252942726,1.0313521760710507,deadzone
1204,ok,-240.93194366246462,-3778.907657290809,1.0313521760710507,deadzone
1205,ok,-231.746337659657,-3782.01804890763,1.0313521760710507,deadzone
1206,ok,-222.59939838200808,-3785.2014168752357,1.0313521760710507,deadzone
1207,ok,-213.42849231511354,-3788.307361747138,1.0313521760710507,deadzone
1208,ok,-204.33993984013796,-3791.498354102485,1.0313521760710507,deadzone
1209,ok,-195.19787479192019,-3794.572119618766,1.0313521760710507,deadzone
1210,ok,-186.09491897374392,-3797.6767541421577,1.0313521760710507,deadzone
1211,ok,-176.95709110051394,-3800.7974611772224,1.0313521760710507,deadzone
1212,ok,-167.90010333806276,-3804.0454265130684,1.0313521760710507,deadzone
1213,ok,-158.8545377328992,-3807.121215726249,1.0313521760710507,deadzone
1214,ok,-149.867582090199,-3810.3274106038734,1.0313521760710507,deadzone
1215,ok,-140.8775870874524,-3813.3435577405617,1.0313521760710507,deadzone
1216,ok,-131.92614627629519,-3816.4691792977974,1.0313521760710507,deadzone
1217,ok,-122.96160388737917,-3819.4779581082985,1.0313521760710507,deadzone
1218,ok,-113.9840085580945,-3822.6163896573707,1.0313521760710507,deadzone
1219,ok,-105.0589597299695,-3825.717873717658,1.0313521760710507,deadzone
1220,ok,-96.10885024815798,-3828.7639559758827,1.0313521760710507,deadzone
1221,ok,-87.20582652837038,-3831.738391782157,1.0313521760710507,deadzone
1222,ok,-78.31570411473513,-3834.777359629981,1.0313521760710507,deadzone
1223,ok,-69.46620536595583,-3837.7019030107185,1.0313521760710507,deadzone
1224,ok,-60.5561053827405,-3840.777013684623,1.0313521760710507,deadzone
1225,ok,-51.723825223743916,-3843.680138017051,1.0313521760710507,deadzone
1226,ok,-42.81797290593386,-3846.7552367700264,1.0313521760710507,deadzone
1227,ok,-33.96291137486696,-3849.700400496833,1.0313521760710507,deadzone
1228,ok,-25.166863210499287,-3852.733883525245,1.0313521760710507,deadzone
1229,ok,-16.333959348499775,-3855.6447280896828,1.0313521760710507,deadzone
1230,ok,-7.558699376881123,-3858.6632789624855,1.0313521760710507,deadzone
1231,ok,1.1929066106677055,-3861.5219532502815,1.0313521760710507,deadzone
1232,ok,9.906524889171124,-3864.418409491889,1.0313521760710507,deadzone
1233,ok,18.651933901011944,-3867.319938327186,1.0313521760710507,deadzone
1234,ok,27.35452388972044,-3870.2409750474617,1.0313521760710507,deadzone
1235,ok,36.07490371912718,-3873.0660113347694,1.0313521760710507,deadzone
1236,ok,44.74945663660765,-3876.0191952241585,1.0313521760710507,deadzone
1237,ok,53.375499956309795,-3878.9560121549293,1.0313521760710507,deadzone
1238,ok,61.95296596735716,-3881.7821749700233,1.0313521760710507,deadzone
1239,ok,70.51649021357298,-3884.630235816352,1.0313521760710507,deadzone
1240,ok,79.06646560877562,-3887.4752809060737,1.0313521760710507,deadzone
1241,ok,87.52700542658567,-3890.2571648610756,1.0313521760710507,deadzone
1242,ok,96.01508354395628,-3892.9948185933754,1.0313521760710507,deadzone
1243,ok,104.38464569300413,-3895.8385793222114,1.0313521760710507,deadzone
1244,ok,112.82473968714476,-3898.584731007926,1.0313521760710507,deadzone
1245,ok,121.23995517939329,-3901.3486944688484,1.0313521760710507,deadzone
1246,ok,129.60997127741575,-3904.0799092305824,1.0313521760710507,deadzone
1247,ok,137.97162460535765,-3906.7631513131782,1.0313521760710507,deadzone
1248,ok,146.28646206110716,-3909.483635808341,1.0313521760710507,deadzone
1249,ok,154.54908012598753,-3912.2239531530067,1.0313521760710507,deadzone
1250,ok,162.81292556971312,-3914.931054974906,1.0313521760710507,deadzone
1251,ok,171.04412769526243,-3917.6273833764717,1.0313521760710507,deadzone
1252,ok,179.2838890478015,-3920.272276307456,1.0313521760710507,deadzone
1253,ok,187.45308803766966,-3922.9026528848335,1.0313521760710507,deadzone
1254,ok,195.5828220769763,-3925.5218366635963,1.0313521760710507,deadzone
1255,ok,203.72942661494017,-3928.1349245561287,1.0313521760710507,deadzone
1256,ok,211.8221256658435,-3930.7585007203743,1.0313521760710507,deadzone
1257,ok,220.00267338007689,-3933.2596272481605,1.0313521760710507,deadzone
1258,ok,228.11194061487913,-3935.9284655107185,1.0313521760710507,deadzone
1259,ok,236.19787430018187,-3938.488962317817,1.0313521760710507,deadzone
1260,ok,244.23314117640257,-3940.9522847188637,1.0313521760710507,deadzone
1261,ok,252.20713495463133,-3943.521809722297,1.0313521760710507,deadzone
1262,ok,260.15937780588865,-3945.9667026055977,1.0313521760710507,deadzone
1263,ok,268.0695450231433,-3948.381525184028,1.0313521760710507,deadzone
1264,ok,275.9550917074084,-3950.8914293302223,1.0313521760710507,deadzone
1265,ok,283.86498998850584,-3953.2520395768806,1.0313521760710507,deadzone
1266,ok,291.7439796850085,-3955.6442157281563,1.0313521760710507,deadzone
1267,ok,299.6555802747607,-3957.98129191529,1.0313521760710507,deadzone
1268,ok,307.5226142331958,-3960.3344408525154,1.0313521760710507,deadzone
1269,ok,315.3887951299548,-3962.5793465627357,1.0313521760710507,deadzone
1270,ok,323.23083471506834,-3964.8573233140633,1.0313521760710507,deadzone
1271,ok,331.10452961176634,-3967.0754493726417,1.0313521760710507,deadzone
1272,ok,338.9801461622119,-3969.2886640084907,1.0313521760710507,deadzone
1273,ok,346.7197220250964,-3971.573334599845,1.0313521760710507,deadzone
1274,ok,354.56308960169554,-3973.7374745858833,1.0313521760710507,deadzone
1275,ok,362.3545710965991,-3975.802177096717,1.0313521760710507,deadzone
1276,ok,370.1100337430835,-3977.9574734224007,1.0313521760710507,deadzone
1277,ok,377.86812614649534,-3980.033317233436,1.0313521760710507,deadzone
1278,ok,385.64802860468626,-3982.207800532691,1.0313521760710507,deadzone
1279,ok,393.50302385538816,-3984.237399484031,1.0313521760710507,deadzone
1280,ok,401.2963073179126,-3986.3489641202614,1.0313521760710507,deadzone
1281,ok,409.1153557226062,-3988.4166192067787,1.0313521760710507,deadzone
1282,ok,416.8582823202014,-3990.451618338935,1.0313521760710507,deadzone
1283,ok,424.6201560422778,-3992.4880062593147,1.0313521760710507,deadzone
1284,ok,432.3859388753772,-3994.4177812589332,1.0313521760710507,deadzone
1285,ok,440.1929657384753,-3996.3721764339134,1.0313521760710507,deadzone
1286,ok,447.9936401769519,-3998.232512141578,1.0313521760710507,deadzone
1287,ok,455.7476055547595,-4000.163933779113,1.0313521760710507,deadzone
1288,ok,463.55540680140257,-4002.0195583356544,1.0313521760710507,deadzone
1289,ok,471.3803932592273,-4003.9385620607063,1.0313521760710507,deadzone
1290,ok,479.2135946676135,-4005.865031148307,1.0313521760710507,deadzone
1291,ok,486.9995520040393,-4007.6014150632545,1.0313521760710507,deadzone
1292,ok,494.84914468973875,-4009.468974019401,1.0313521760710507,deadzone
1293,ok,502.6322901174426,-4011.237875129096,1.0313521760710507,deadzone
1294,ok,510.49206375330687,-4013.039849068038,1.0313521760710507,deadzone
1295,ok,518.3125917837024,-4014.7809849036857,1.0313521760710507,deadzone
1296,ok,526.2183411046863,-4016.452137376182,1.0313521760710507,deadzone
1297,ok,534.0800836011767,-4018.1814759029076,1.0313521760710507,deadzone
1298,ok,542.0153925344348,-4019.869560743682,1.0313521760710507,deadzone
1299,ok,549.9525573179126,-4021.5080694211647,1.0313521760710507,deadzone
1300,ok,557.9187862798572,-4023.151176716201,1.0313521760710507,deadzone
1301,ok,565.9374582692981,-4024.763553048484,1.0313521760710507,deadzone
1302,ok,573.9204366132617,-4026.3053885949776,1.0313521760710507,deadzone
1303,ok,581.9299065992236,-4027.7491288436577,1.0313521760710507,deadzone
1304,ok,589.9784600660205,-4029.2494182838127,1.0313521760710507,deadzone
1305,ok,598.0088212415576,-4030.7120901597664,1.0313521760710507,deadzone
1306,ok,606.0000178739429,-4032.0318029178306,1.0313521760710507,deadzone
1307,ok,614.0421292707324,-4033.4580616010353,1.0313521760710507,deadzone
1308,ok,622.0859868451953,-4034.694904710166,1.0313521760710507,deadzone
1309,ok,630.2028033658862,-4035.920550729148,1.0313521760710507,deadzone
1310,ok,638.3036706373096,-4037.0503057492897,1.0313521760710507,deadzone
1311,ok,646.4446532651782,-4038.182489301078,1.0313521760710507,deadzone
1312,ok,654.5671317502856,-4039.2931366218254,1.0313521760710507,deadzone
1313,ok,662.7228591367602,-4040.393826152198,1.0313521760710507,deadzone
1314,ok,670.8558118268847,-4041.3317891610786,1.0313521760710507,deadzone
1315,ok,678.9847638532519,-4042.3357640756294,1.0313521760710507,deadzone
1316,ok,687.1991441175342,-4043.2217337740585,1.0313521760710507,deadzone
1317,ok,695.3375203534961,-4044.034555996768,1.0313521760710507,deadzone
1318,ok,703.5167052671313,-4044.814520861022,1.0313521760710507,deadzone
1319,ok,711.6840102598071,-4045.492422367446,1.0313521760710507,deadzone
1320,ok,719.7262618467212,-4046.3021043790504,1.0313521760710507,deadzone
1321,ok,727.8441083356738,-4046.830410982482,1.0313521760710507,deadzone
1322,ok,736.0594994947314,-4047.4936847938225,1.0313521760710507,deadzone
1323,ok,744.2713401243091,-4047.97156196367,1.0313521760710507,deadzone
1324,ok,752.3828303739429,-4048.4669583691284,1.0313521760710507,deadzone
1325,ok,760.6658074781299,-4048.827180112712,1.0313521760710507,deadzone
1326,ok,768.9123761579394,-4049.2732271207497,1.0313521760710507,deadzone
1327,ok,777.2238852903247,-4049.5413943780586,1.0313521760710507,deadzone
1328,ok,785.4680249616504,-4049.858345354907,1.0313521760710507,deadzone
1329,ok,793.7449138090014,-4050.0937904966995,1.0313521760710507,deadzone
1330,ok,801.8354918882251,-4050.264095420949,1.0313521760710507,deadzone
1331,ok,810.0907685682178,-4050.3243664605543,1.0313521760710507,deadzone
1332,ok,818.2540013715625,-4050.301323558204,1.0313521760710507,deadzone
1333,ok,826.4187056943774,-4050.228415879421,1.0313521760710507,deadzone
1334,ok,834.6481530591846,-4050.294376644306,1.0313521760710507,deadzone
1335,ok,842.9048039838672,-4049.990801873617,1.0313521760710507,deadzone
1336,ok,851.1390988752246,-4049.8326486377046,1.0313521760710507,deadzone
1337,ok,859.3870236799121,-4049.5602744845673,1.0313521760710507,deadzone
1338,ok,867.59381365031,-4049.1649894742295,1.0313521760710507,deadzone
1339,ok,875.882185690105,-4048.7662258474156,1.0313521760710507,deadzone
1340,ok,884.1198317930102,-4048.257695111446,1.0313521760710507,deadzone
1341,ok,892.4138400480151,-4047.7203389732167,1.0313521760710507,deadzone
1342,ok,900.5612428113818,-4047.0726785985753,1.0313521760710507,deadzone
1343,ok,908.795663587749,-4046.407790097408,1.0313521760710507,deadzone
1344,ok,917.0044000074267,-4045.5876991478726,1.0313521760710507,deadzone
1345,ok,925.2108132764697,-4044.8263817755505,1.0313521760710507,deadzone
1346,ok,933.3709981366992,-4043.920295807533,1.0313521760710507,deadzone
1347,ok,941.6748444959521,-4042.9979545800015,1.0313521760710507,deadzone
1348,ok,949.9609601423144,-4041.923437925987,1.0313521760710507,deadzone
1349,ok,958.2900741025805,-4040.9283901182935,1.0313521760710507,deadzone
1350,ok,966.5156094953418,-4039.8171415058896,1.0313521760710507,deadzone
1351,ok,974.8259055539966,-4038.6754871336743,1.0313521760710507,deadzone
1352,ok,983.083562605083,-4037.422350975685,1.0313521760710507,deadzone
1353,ok,991.2356946393847,-4036.192378732376,1.0313521760710507,deadzone
1354,ok,999.4598214551806,-4034.8199307648465,1.0313521760710507,deadzone
1355,ok,1007.6228644773364,-4033.337274882011,1.0313521760710507,deadzone
1356,ok,1015.8814885541797,-4031.9689355818555,1.0313521760710507,deadzone
1357,ok,1024.0740430280566,-4030.4089683024213,1.0313521760710507,deadzone
1358,ok,1032.1957480832934,-4028.8943433491513,1.0313521760710507,deadzone
1359,ok,1040.3170716688037,-4027.261417123489,1.0313521760710507,deadzone
1360,ok,1048.4407031461596,-4025.6361245838925,1.0312999852909766,ok
1361,ok,1056.492890112102,-4023.8664920059964,1.0312999852909766,deadzone
1362,ok,1064.546697370708,-4022.0653743473813,1.0312999852909766,deadzone
1363,ok,1072.5338537618518,-4020.265873881988,1.0312999852909766,deadzone
1364,ok,1080.4720075055957,-4018.3131710020825,1.0312999852909766,deadzone
1365,ok,1088.433988802135,-4016.434887859039,1.0312999852909766,deadzone
1366,ok,1096.4297163411975,-4014.416733714752,1.0312999852909766,deadzone
1367,ok,1104.3925735875964,-4012.4185191122815,1.0312999852909766,deadzone
1368,ok,1112.2315099164844,-4010.28530249279,1.0312999852909766,deadzone
1369,ok,1120.1615960523486,-4008.1767259566113,1.0312999852909766,deadzone
1370,ok,1127.9176089689136,-4005.8880949942395,1.0312999852909766,deadzone
1371,ok,1135.7113892957568,-4003.619901510887,1.0312999852909766,deadzone
1372,ok,1143.4724500104785,-4001.2723411051556,1.0312999852909766,deadzone
1373,ok,1151.1770241186023,-3998.8719120947644,1.0312999852909766,deadzone
1374,ok,1158.949348680675,-3996.3641329733655,1.0312999852909766,deadzone
1375,ok,1166.6461117193103,-3993.9351025549695,1.0312999852909766,deadzone
1376,ok,1174.3935143873096,-3991.30590257328,1.0312999852909766,deadzone
1377,ok,1182.1061584874988,-3988.6582663981244,1.0312999852909766,deadzone
1378,ok,1189.7967779561877,-3985.994088026695,1.0312999852909766,deadzone
1379,ok,1197.4286196157336,-3983.2470537154004,1.0312999852909766,deadzone
1380,ok,1205.0751387998462,-3980.480734440498,1.0312999852909766,deadzone
1381,ok,1212.6341454908252,-3977.6535359350964,1.0312999852909766,deadzone
1382,ok,1220.1955439969897,-3974.8076780764386,1.0312999852909766,deadzone
1383,ok,1227.7153808996081,-3971.8290708987042,1.0312999852909766,deadzone
1384,ok,1235.2153842374682,-3968.865194651298,1.0312999852909766,deadzone
1385,ok,1242.611527197063,-3965.74135384243,1.0312999852909766,deadzone
1386,ok,1250.034499399364,-3962.7051611868665,1.0312999852909766,deadzone
1387,ok,1257.3767378255725,-3959.5202165571973,1.0312999852909766,deadzone
1388,ok,1264.7342059537768,-3956.316703650169,1.0312999852909766,deadzone
1389,ok,1272.0642588064075,-3953.0098055331036,1.0312999852909766,deadzone
1390,ok,1279.3301269933581,-3949.704968783073,1.0312999852909766,deadzone
1391,ok,1286.5952522680163,-3946.246756645851,1.0312999852909766,deadzone
1392,ok,1293.8202125951648,-3942.8098669974133,1.0312999852909766,deadzone
1393,ok,1301.000307790935,-3939.2872360674664,1.0312999852909766,deadzone
1394,ok,1308.1290790960193,-3935.7861755816266,1.0312999852909766,deadzone
1395,ok,1315.164186231792,-3932.158554884605,1.0312999852909766,deadzone
1396,ok,1322.263349287212,-3928.5383192030713,1.0312999852909766,deadzone
1397,ok,1329.3393571302295,-3924.838817450218,1.0312999852909766,deadzone
1398,ok,1336.3386976644397,-3921.031361672096,1.0312999852909766,deadzone
1399,ok,1343.348186723888,-3917.298113438301,1.0312999852909766,deadzone
1400,ok,1350.3112742826343,-3913.3357130018994,1.0312999852909766,deadzone
1401,ok,1357.2325570508838,-3909.4468139139935,1.0312999852909766,deadzone
1402,ok,1364.1135995313525,-3905.3793400255963,1.0312999852909766,deadzone
1403,ok,1370.9894106313586,-3901.405970188789,1.0312999852909766,deadzone
1404,ok,1377.834876768291,-3897.298592659645,1.0312999852909766,deadzone
1405,ok,1384.5931498929858,-3893.0765267340466,1.0312999852909766,deadzone
1406,ok,1391.3551895543933,-3888.922239872627,1.0312999852909766,deadzone
1407,ok,1398.0938308164477,-3884.6842108694836,1.0312999852909766,deadzone
1408,ok,1404.734284631908,-3880.2887831656262,1.0312999852909766,deadzone
1409,ok,1411.4340283796191,-3875.94444522541,1.0312999852909766,deadzone
1410,ok,1418.0551564618945,-3871.523890110664,1.0312999852909766,deadzone
1411,ok,1424.651437036693,-3867.018900963478,1.0312999852909766,deadzone
1412,ok,1431.1947295591235,-3862.520866486244,1.0312999852909766,deadzone
1413,ok,1437.6745045110583,-3857.904014202766,1.0312999852909766,deadzone
1414,ok,1444.175902120769,-3853.2572446791455,1.0312999852909766,deadzone
1415,ok,1450.6135327741504,-3848.542986485176,1.0312999852909766,deadzone
1416,ok,1456.994343034923,-3843.7155967680737,1.0312999852909766,deadzone
1417,ok,1463.4108426496387,-3839.003463360481,1.0312999852909766,deadzone
1418,ok,1469.6608579084277,-3834.038351627998,1.0312999852909766,deadzone
1419,ok,1475.9859373494983,-3829.103322598152,1.0312999852909766,deadzone
1420,ok,1482.1783277913928,-3824.116265389137,1.0312999852909766,deadzone
1421,ok,1488.4352419301867,-3819.0579949347302,1.0312999852909766,deadzone
1422,ok,1494.5479104444385,-3813.9592338530347,1.0312999852909766,deadzone
1423,ok,1500.6219155713916,-3808.7470842329785,1.0312999852909766,deadzone
1424,ok,1506.749716989696,-3803.519622418098,1.0312999852909766,deadzone
1425,ok,1512.845751516521,-3798.2716947523877,1.0312999852909766,deadzone
1426,ok,1518.8173563405871,-3792.8208690611646,1.0312999852909766,deadzone
1427,ok,1524.786977045238,-3787.4763990370557,1.0312999852909766,deadzone
1428,ok,1530.7115991041064,-3781.984317394905,1.0312999852909766,deadzone
1429,ok,1536.5891330167651,-3776.4682036368176,1.0312999852909766,deadzone
1430,ok,1542.4905402585864,-3771.02869138401,1.0312999852909766,deadzone
1431,ok,1548.3120548650622,-3765.3638888327405,1.0312999852909766,deadzone
1432,ok,1553.9797737523913,-3759.683804604225,1.0312999852909766,deadzone
1433,ok,1559.725064508617,-3753.970691296272,1.0312999852909766,deadzone
1434,ok,1565.4478018209338,-3748.32055101078,1.0312999852909766,deadzone
1435,ok,1570.9853651449084,-3742.480022999458,1.0312999852909766,deadzone
1436,ok,1576.53446315974,-3736.6703730551526,1.0312999852909766,deadzone
1437,ok,1581.9754850789905,-3730.8184329001233,1.0312999852909766,deadzone
1438,ok,1587.394691221416,-3724.7911406485364,1.0312999852909766,deadzone
1439,ok,1592.7257754728198,-3718.811352345161,1.0312999852909766,deadzone
1440,ok,1598.0395471975207,-3712.7711006132886,1.0312999852909766,deadzone
1441,ok,1603.1919600889087,-3706.7306061713025,1.0312999852909766,deadzone
1442,ok,1608.419039003551,-3700.599910828285,1.0312999852909766,deadzone
1443,ok,1613.5676386281848,-3694.4384180037305,1.0312999852909766,deadzone
1444,ok,1618.5785362645984,-3688.122477146797,1.0312999852909766,deadzone
1445,ok,1623.5840728208423,-3681.899393650703,1.0312999852909766,deadzone
1446,ok,1628.5439884588122,-3675.619487377815,1.0312999852909766,deadzone
1447,ok,1633.4204370900989,-3669.2720018355176,1.0312999852909766,deadzone
1448,ok,1638.1830284520984,-3662.868260952644,1.0312999852909766,deadzone
1449,ok,1642.9753673002124,-3656.514133068733,1.0312999852909766,deadzone
1450,ok,1647.6589143201709,-3649.995231720619,1.0312999852909766,deadzone
1451,ok,1652.3335678502917,-3643.5533848730847,1.0312999852909766,deadzone
1452,ok,1656.87497638911,-3637.0724726645276,1.0312999852909766,deadzone
1453,ok,1661.2869336530566,-3630.4636546103284,1.0312999852909766,deadzone
1454,ok,1665.7742922231555,-3623.876226994209,1.0312999852909766,deadzone
1455,ok,1670.1705262586474,-3617.215193363838,1.0312999852909766,deadzone
1456,ok,1674.450087301433,-3610.5021544424817,1.0312999852909766,deadzone
1457,ok,1678.6980178281665,-3603.7973862616345,1.0312999852909766,deadzone
1458,ok,1682.9399254247546,-3597.0381871191785,1.0312999852909766,deadzone
1459,ok,1687.0574657842517,-3590.23181304615,1.0312999852909766,deadzone
1460,ok,1691.0954549238086,-3583.3362675635144,1.0312999852909766,deadzone
1461,ok,1695.0033726617694,-3576.479432198219,1.0312999852909766,deadzone
1462,ok,1698.8333072587848,-3569.520516964607,1.0312999852909766,deadzone
1463,ok,1702.7142839357257,-3562.661868187599,1.0312434503534942,ok
1464,ok,1706.515699379146,-3555.6971102682874,1.0312434503534942,deadzone
1465,ok,1710.199425213039,-3548.663568588905,1.0312434503534942,deadzone
1466,ok,1713.8746318742633,-3541.6764732329175,1.0312434503534942,deadzone
1467,ok,1717.4094734117389,-3534.6266723601148,1.0312434503534942,deadzone
1468,ok,1720.9998214170337,-3527.598581406288,1.0312434503534942,deadzone
1469,ok,1724.4713725969195,-3520.532087895088,1.0312434503534942,deadzone
1470,ok,1727.9088280126452,-3513.4439707724378,1.0312434503534942,deadzone
1471,ok,1731.3061485216022,-3506.3651491133496,1.0312434503534942,deadzone
1472,ok,1734.5048243924975,-3499.233299347572,1.0312434503534942,deadzone
1473,ok,1737.7136292383075,-3492.071359249763,1.0312434503534942,deadzone
1474,ok,1740.7399132177234,-3484.939911934547,1.0312434503534942,deadzone
1475,ok,1743.850342027843,-3477.828252407722,1.0312434503534942,deadzone
1476,ok,1746.739716283977,-3470.5699892966077,1.0312434503534942,deadzone
1477,ok,1749.6418163701892,-3463.3736902205274,1.0312434503534942,deadzone
1478,ok,1752.4727537557483,-3456.1676932303235,1.0312434503534942,deadzone
1479,ok,1755.1208081170917,-3448.8826037375256,1.0312434503534942,deadzone
1480,ok,1757.7816350385547,-3441.6305209128186,1.0312434503534942,deadzone
1481,ok,1760.3759214803576,-3434.380422684364,1.0312434503534942,deadzone
1482,ok,1762.8654122278094,-3427.075931164436,1.0312434503534942,deadzone
1483,ok,1765.2941932603717,-3419.8072935072705,1.0312434503534942,deadzone
1484,ok,1767.59261392802,-3412.4374905554578,1.0312434503534942,deadzone
1485,ok,1769.8940880224109,-3405.0754743544385,1.0312434503534942,deadzone
1486,ok,1772.1055803224444,-3397.688994976692,1.0312434503534942,deadzone
1487,ok,1774.2255601808429,-3390.260191055946,1.0312434503534942,deadzone
1488,ok,1776.3278553411365,-3382.8222304312512,1.0312434503534942,deadzone
1489,ok,1778.3405094072223,-3375.325500103645,1.0312434503534942,deadzone
1490,ok,1780.349624864757,-3367.888668629341,1.0312434503534942,deadzone
1491,ok,1782.1401917859912,-3360.359607311897,1.0312434503534942,deadzone
1492,ok,1783.9625935479999,-3352.9116917578503,1.0312434503534942,deadzone
1493,ok,1785.708560101688,-3345.4022799460217,1.0312434503534942,deadzone
1494,ok,1787.3818802759051,-3337.9234682051465,1.0312434503534942,deadzone
1495,ok,1789.0487842485309,-3330.497953983955,1.0312434503534942,deadzone
1496,ok,1790.4497960731387,-3323.0114198653027,1.0312434503534942,deadzone
1497,ok,1791.8440228626132,-3315.527482601814,1.0312434503534942,deadzone
1498,ok,1793.1657131835818,-3308.086945149116,1.0312434503534942,deadzone
1499,ok,1794.5220529958606,-3300.581417175941,1.0312434503534942,deadzone
1500,ok,1795.7921662256122,-3293.0936017958447,1.0312434503534942,deadzone
1501,ok,1796.9012817069888,-3285.589570137672,1.0312434503534942,deadzone
1502,ok,1798.141364209354,-3278.0642372099683,1.0312434503534942,deadzone
1503,ok,1799.1135818883777,-3270.596077057533,1.0312434503534942,deadzone
1504,ok,1800.132390730083,-3263.061107727699,1.0312434503534942,deadzone
1505,ok,1801.0877306386828,-3255.6090846983716,1.0312434503534942,deadzone
1506,ok,1801.8189521357417,-3248.085581871681,1.0312434503534942,deadzone
1507,ok,1802.6062564179301,-3240.6261926619336,1.0312434503534942,deadzone
1508,ok,1803.2792429849505,-3233.171103092842,1.0312434503534942,deadzone
1509,ok,1803.8713641092181,-3225.6943565336987,1.0312434503534942,deadzone
1510,ok,1804.3803580328822,-3218.159423920326,1.0312434503534942,deadzone
1511,ok,1804.896901063621,-3210.64751825016,1.0312434503534942,deadzone
1512,ok,1805.2820111140609,-3203.1273728339,1.0312434503534942,deadzone
1513,ok,1805.6330119594932,-3195.600989910774,1.0312434503534942,deadzone
1514,ok,1805.868786893785,-3188.1004911391065,1.0312434503534942,deadzone
1515,ok,1806.0878441855311,-3180.5082007376477,1.0312434503534942,deadzone
1516,ok,1806.2095397338271,-3172.9286342589185,1.0312434503534942,deadzone
1517,ok,1806.2596054300666,-3165.370668980293,1.0312434503534942,deadzone
1518,ok,1806.3155310377479,-3157.722918125801,1.0312434503534942,deadzone
1519,ok,1806.1268940791488,-3150.101156326942,1.0312434503534942,deadzone
1520,ok,1806.0192173346877,-3142.414885136299,1.0312434503534942,deadzone
1521,ok,1805.829099677503,-3134.718133064918,1.0312434503534942,deadzone
1522,ok,1805.634840093553,-3127.0710068671033,1.0312434503534942,deadzone
1523,ok,1805.2922634705901,-3119.386242958717,1.0312434503534942,deadzone
1524,ok,1804.9877180084586,-3111.6913567511365,1.0312434503534942,deadzone
1525,ok,1804.49625851959,-3104.0367642370984,1.0312434503534942,deadzone
1526,ok,1804.0191300734878,-3096.4052940336987,1.0312434503534942,deadzone
1527,ok,1803.3369351252913,-3088.7941304175183,1.0312434503534942,deadzone
1528,ok,1802.6317486986518,-3081.226279827766,1.0312434503534942,deadzone
1529,ok,1801.8008389100432,-3073.627736660652,1.0312434503534942,deadzone
1530,ok,1800.973722063005,-3065.941460701637,1.0312434503534942,deadzone
1531,ok,1800.0165600404143,-3058.332782360725,1.0312434503534942,deadzone
1532,ok,1798.9330770596862,-3050.7189379660413,1.0312434503534942,deadzone
1533,ok,1797.8252831324935,-3043.08821639698,1.0312434503534942,deadzone
1534,ok,1796.6269725188613,-3035.5405827490613,1.0312434503534942,deadzone
1535,ok,1795.336194358766,-3028.0114861456677,1.0312434503534942,deadzone
1536,ok,1793.9807299003005,-3020.5645123450086,1.0312434503534942,deadzone
1537,ok,1792.5569121465087,-3013.0705066649243,1.0312434503534942,deadzone
1538,ok,1791.008789025247,-3005.624758812599,1.0312434503534942,deadzone
1539,ok,1789.3993603810668,-2998.0833111731336,1.0312434503534942,deadzone
1540,ok,1787.7160982713103,-2990.604519936256,1.0312434503534942,deadzone
1541,ok,1785.9102410897613,-2983.1650200812146,1.0312434503534942,deadzone
1542,ok,1784.1231346949935,-2975.708990666084,1.0312434503534942,deadzone
1543,ok,1782.139238677919,-2968.276274296455,1.0312434503534942,deadzone
1544,ok,1780.2025681361556,-2960.901710602455,1.0312434503534942,deadzone
1545,ok,1778.0129800662398,-2953.604683014564,1.0312434503534942,deadzone
1546,ok,1775.8620680198073,-2946.2839075056836,1.0312434503534942,deadzone
1547,ok,1773.448314987123,-2938.8149424521253,1.0312434503534942,deadzone
1548,ok,1771.0093389376998,-2931.4436021773145,1.0312434503534942,deadzone
1549,ok,1768.6286836490035,-2924.006079765968,1.0312434503534942,deadzone
1550,ok,1766.0400424823165,-2916.7298642126843,1.0312434503534942,deadzone
1551,ok,1763.313719831407,-2909.4569874731824,1.0312434503534942,deadzone
1552,ok,1760.6097522601485,-2902.2355619398877,1.0312434503534942,deadzone
1553,ok,1757.7245519980788,-2895.0272437063977,1.0312434503534942,deadzone
1554,ok,1754.7842920646071,-2887.793179604225,1.0312434503534942,deadzone
1555,ok,1751.8175123557448,-2880.596843334846,1.0312434503534942,deadzone
1556,ok,1748.6486562117934,-2873.511181923561,1.0312434503534942,deadzone
1557,ok,1745.4735082015395,-2866.444115730934,1.0312434503534942,deadzone
1558,ok,1742.2139511927962,-2859.45163354557,1.0312434503534942,deadzone
1559,ok,1738.7750473842025,-2852.5841103522107,1.0312434503534942,deadzone
1560,ok,1735.3414042815566,-2845.7557855574414,1.0312434503534942,deadzone
1561,ok,1731.8207116946578,-2839.041055294685,1.0312434503534942,deadzone
1562,ok,1728.2077906951308,-2832.383295151405,1.0312434503534942,deadzone
1563,ok,1724.4644184932113,-2825.8156791655347,1.0312434503534942,deadzone
1564,ok,1720.643251977861,-2819.3001771895215,1.0312434503534942,deadzone
1565,ok,1716.7263785228133,-2812.9383636442944,1.0312434503534942,deadzone
1566,ok,1712.7493799552321,-2806.610438915901,1.0312434503534942,deadzone
1567,ok,1708.69307359308,-2800.3346286742017,1.0312434503534942,deadzone
1568,ok,1704.5678752288222,-2794.0664139715955,1.0312434503534942,deadzone
1569,ok,1700.2969368323684,-2787.9386526076123,1.0312434503534942,deadzone
1570,ok,1696.041766487062,-2781.823902699165,1.0312434503534942,deadzone
1571,ok,1691.7318747863173,-2775.7949353186414,1.0312434503534942,deadzone
1572,ok,1687.3342636451125,-2769.8713904349133,1.0312434503534942,deadzone
1573,ok,1682.8743422850966,-2764.031413647346,1.0312434503534942,deadzone
1574,ok,1678.3770602568984,-2758.1308818785474,1.0312434503534942,deadzone
1575,ok,1673.7621286734939,-2752.401219937019,1.0312434503534942,deadzone
1576,ok,1669.1773179396987,-2746.801329704933,1.0312434503534942,deadzone
1577,ok,1664.4752715453506,-2741.3262134520337,1.0312434503534942,deadzone
1578,ok,1659.748903594911,-2735.814413639717,1.0312434503534942,deadzone
1579,ok,1654.9173229560256,-2730.3971615759656,1.0312434503534942,deadzone
1580,ok,1650.0933597907424,-2725.0510960547253,1.0311890588919623,ok
1581,ok,1645.1813085898757,-2719.8339076964185,1.0311890588919623,deadzone
1582,ok,1640.257873378694,-2714.73350772541,1.0311890588919623,deadzone
1583,ok,1635.2410019263625,-2709.7267790762708,1.0311890588919623,deadzone
1584,ok,1630.2598579749465,-2704.8025155989453,1.0311890588919623,deadzone
1585,ok,1625.1177957877517,-2699.9641462294385,1.0311890588919623,deadzone
1586,ok,1620.0196798667312,-2695.18089589756,1.0311890588919623,deadzone
1587,ok,1614.8254316672683,-2690.5720087019727,1.0311890588919623,deadzone
1588,ok,1609.696865402162,-2686.0328284231946,1.0311890588919623,deadzone
1589,ok,1604.4042480811477,-2681.624322029762,1.0311890588919623,deadzone
1590,ok,1599.1643708571792,-2677.206078621559,1.0311890588919623,deadzone
1591,ok,1593.7515629157424,-2672.9127684561536,1.0311890588919623,deadzone
1592,ok,1588.2650564536452,-2668.670832726173,1.0311890588919623,deadzone
1593,ok,1582.7911165580153,-2664.420854183845,1.0311890588919623,deadzone
1594,ok,1577.1406424865127,-2660.420144650154,1.0311890588919623,deadzone
1595,ok,1571.5699818953872,-2656.396071049385,1.0311890588919623,deadzone
1596,ok,1565.8930137977004,-2652.55257687252,1.0311890588919623,deadzone
1597,ok,1560.2175124511123,-2648.647512051277,1.0311890588919623,deadzone
1598,ok,1554.489788375795,-2644.8986814944074,1.0311890588919623,deadzone
1599,ok,1548.8416713103652,-2641.1844104258344,1.0311890588919623,deadzone
1600,ok,1543.046315036714,-2637.727357956581,1.0311890588919623,deadzone
1601,ok,1537.3019975051284,-2634.2723492113873,1.0311890588919623,deadzone
1602,ok,1531.3873856887221,-2631.0382913080975,1.0311890588919623,deadzone
1603,ok,1525.4491723403335,-2627.7050279108807,1.0311890588919623,deadzone
1604,ok,1519.386423908174,-2624.5073183504865,1.0311890588919623,deadzone
1605,ok,1513.287643276155,-2621.260736080818,1.0311890588919623,deadzone
1606,ok,1507.1997140273452,-2618.179412218742,1.0311890588919623,deadzone
1607,ok,1501.1091841086745,-2615.1658199755475,1.0311890588919623,deadzone
1608,ok,1494.9400609359145,-2612.1989992586896,1.0311890588919623,deadzone
1609,ok,1488.7175339087844,-2609.2567881075665,1.0311890588919623,deadzone
1610,ok,1482.4678676947951,-2606.4574829069898,1.0311890588919623,deadzone
1611,ok,1476.1455858573318,-2603.7324205366895,1.0311890588919623,deadzone
1612,ok,1469.8991869315505,-2600.9408598868176,1.0311890588919623,deadzone
1613,ok,1463.5421427115798,-2598.4254620997235,1.0311890588919623,deadzone
1614,ok,1457.147322975099,-2595.782612892799,1.0311890588919623,deadzone
1615,ok,1450.6916850432754,-2593.184697720222,1.0311890588919623,deadzone
1616,ok,1444.0868767127395,-2590.9237843481824,1.0311890588919623,deadzone
1617,ok,1437.5173028334975,-2588.3102158037946,1.0311890588919623,deadzone
1618,ok,1430.9275158271194,-2586.0576685396954,1.0311890588919623,deadzone
1619,ok,1424.297619663179,-2583.7406748263165,1.0311890588919623,deadzone
1620,ok,1417.720441661775,-2581.5216902224347,1.0311890588919623,deadzone
1621,ok,1411.0380376204848,-2579.427414271049,1.0311890588919623,deadzone
1622,ok,1404.4380076751113,-2577.476960751228,1.0311890588919623,deadzone
1623,ok,1397.7639716491103,-2575.6101129977033,1.0311890588919623,deadzone
1624,ok,1391.041284404695,-2573.761036607437,1.0311890588919623,deadzone
1625,ok,1384.2990926131606,-2571.9784666029736,1.0311890588919623,deadzone
1626,ok,1377.5319364890456,-2570.3347981898114,1.0311890588919623,deadzone
1627,ok,1370.7140048369765,-2568.7413459746167,1.0311890588919623,deadzone
1628,ok,1363.9424546584487,-2567.302269312553,1.0311890588919623,deadzone
1629,ok,1357.1525963172317,-2565.904569956474,1.0311890588919623,deadzone
1630,ok,1350.402913890779,-2564.682450982742,1.0311890588919623,deadzone
1631,ok,1343.6537531241775,-2563.4709182707593,1.0311890588919623,deadzone
1632,ok,1336.883460842073,-2562.4482000796124,1.0311890588919623,deadzone
1633,ok,1330.087309204042,-2561.3874646155164,1.0311890588919623,deadzone
1634,ok,1323.2943003997207,-2560.520261260681,1.0311890588919623,deadzone
1635,ok,1316.5071552619338,-2559.6463342038915,1.0311890588919623,deadzone
1636,ok,1309.740086875856,-2558.9132458297536,1.0311890588919623,deadzone
1637,ok,1302.9612387046218,-2558.208303007297,1.0311890588919623,deadzone
1638,ok,1296.2567866668105,-2557.4753315178677,1.0311890588919623,deadzone
1639,ok,1289.4774554595351,-2556.940402778797,1.0311890588919623,deadzone
1640,ok,1282.7302392348647,-2556.600732359104,1.0311890588919623,deadzone
1641,ok,1276.0059331282973,-2556.2930620638654,1.0311890588919623,deadzone
1642,ok,1269.3652089461684,-2556.0814648149535,1.0311890588919623,deadzone
1643,ok,1262.732512794435,-2556.0496834395453,1.0311890588919623,deadzone
1644,ok,1256.126058422029,-2556.042529392056,1.0311890588919623,deadzone
1645,ok,1249.5306156501174,-2556.126310396008,1.0311890588919623,deadzone
1646,ok,1242.9706953391433,-2556.312077182345,1.0311890588919623,deadzone
1647,ok,1236.3504670485854,-2556.4628892121837,1.0311890588919623,deadzone
1648,ok,1229.7688945159316,-2556.706414747052,1.0311890588919623,deadzone
1649,ok,1223.1821678504348,-2556.9285615859553,1.0311890588919623,deadzone
1650,ok,1216.5779155120254,-2557.257790612988,1.0311890588919623,deadzone
1651,ok,1210.0288050994277,-2557.6115528820083,1.0311890588919623,deadzone
1652,ok,1203.4137662276626,-2558.0566185591742,1.0311890588919623,deadzone
1653,ok,1196.9113582000136,-2558.531411695294,1.0311890588919623,deadzone
1654,ok,1190.3215678557754,-2559.0142722306773,1.0311890588919623,deadzone
1655,ok,1183.7386668547988,-2559.530798035674,1.0311890588919623,deadzone
1656,ok,1177.2204793319106,-2560.076348262839,1.0311890588919623,deadzone
1657,ok,1170.6019957885146,-2560.6159531651065,1.0311890588919623,deadzone
1658,ok,1164.0905841216445,-2561.241956668906,1.0311890588919623,deadzone
1659,ok,1157.4831460341811,-2561.883949357085,1.0311890588919623,deadzone
1660,ok,1150.9556387290359,-2562.5929519711062,1.0311890588919623,deadzone
1661,ok,1144.4000705108047,-2563.306280213408,1.0311890588919623,deadzone
1662,ok,1137.9069221839309,-2564.052943187766,1.0311890588919623,deadzone
1663,ok,1131.406151138246,-2564.8125868616626,1.0311890588919623,deadzone
1664,ok,1124.9363501891494,-2565.6164555726573,1.0311890588919623,deadzone
1665,ok,1118.499807201326,-2566.35413231235,1.0311890588919623,deadzone
1666,ok,1112.037959896028,-2567.259487825446,1.0311890588919623,deadzone
1667,ok,1105.5481308326125,-2568.0745413480327,1.0311890588919623,deadzone
1668,ok,1099.1318224295974,-2569.021152514033,1.0311890588919623,deadzone
1669,ok,1092.6634939536452,-2569.8949107108638,1.0311890588919623,deadzone
1670,ok,1086.239466510713,-2570.783790963702,1.0311890588919623,deadzone
1671,ok,1079.7902935370803,-2571.745139378123,1.0311890588919623,deadzone
1672,ok,1073.336100898683,-2572.708795445971,1.0311890588919623,deadzone
1673,ok,1066.8825705870986,-2573.659364956431,1.0311890588919623,deadzone
1674,ok,1060.4670360907912,-2574.576869743876,1.0311890588919623,deadzone
1675,ok,1054.0589674338698,-2575.5118348179385,1.0311890588919623,deadzone
1676,ok,1047.7266882285476,-2576.493001180701,1.0311890588919623,deadzone
1677,ok,1041.3873504027724,-2577.3537303982303,1.0311890588919623,deadzone
1678,ok,1035.0552781447768,-2578.3700240431353,1.0311890588919623,deadzone
1679,ok,1028.7575705870986,-2579.3973962841555,1.0311890588919623,deadzone
1680,ok,1022.4819777831435,-2580.4940635738894,1.0311890588919623,deadzone
1681,ok,1016.1814683303237,-2581.531976061873,1.0311890588919623,deadzone
1682,ok,1009.9538830146194,-2582.653337794356,1.031134014056934,ok
1683,ok,1003.7501610144973,-2583.661598998122,1.0310371548328108,ok
1684,ok,997.5518143996596,-2584.737345176749,1.030903774869744,ok
1685,ok,991.4239271506667,-2585.7558033047244,1.0307331875973467,ok
1686,ok,985.2808025702834,-2586.7245225487277,1.0305253901158142,ok
1687,ok,979.1469949111342,-2587.7482239780948,1.030271894751222,ok
1688,ok,973.02692206949,-2588.7791342316195,1.0299876688729075,ok
1689,ok,966.9543698653579,-2589.6786174355075,1.0296520477480926,ok
1690,ok,960.889639697969,-2590.747862535529,1.0292696344526786,ok
1691,ok,954.8504284247756,-2591.7324037132785,1.0288325123023587,ok
1692,ok,948.8236845359206,-2592.8086847839877,1.028339548965137,ok
1693,ok,942.8097427710891,-2593.7728354511783,1.0277994569915587,ok
1694,ok,936.8873537406325,-2594.8846635399386,1.0272064902708666,ok
1695,ok,930.9101889953017,-2595.875846880488,1.0265660916542558,ok
1696,ok,924.978347145021,-2596.884570497088,1.0258897886175709,ok
1697,ok,919.0965278968215,-2597.8961284337565,1.0251654773798067,ok
1698,ok,913.2677095755935,-2598.8762119589373,1.0244003261290564,ok
1699,ok,907.4552586898208,-2599.947423535399,1.023600084114773,ok
1700,ok,901.7034843787551,-2600.842025655322,1.0227780281433931,ok
1701,ok,895.9842503890395,-2601.895930188708,1.021926654405892,ok
1702,ok,890.2541573867202,-2602.813974278979,1.0210606082946203,ok
1703,ok,884.5798056945205,-2603.785532492213,1.020186352380182,ok
1704,ok,878.9374798163772,-2604.74714251142,1.0192994221273002,ok
1705,ok,873.2618230208755,-2605.6222639260814,1.0184140161647521,ok
1706,ok,867.7027753219008,-2606.609642344527,1.017513346733702,ok
1707,ok,862.0575073584914,-2607.4879439650103,1.0166188703924952,ok
1708,ok,856.4490974768996,-2608.397670882754,1.0157328231217224,ok
1709,ok,850.9096482619643,-2609.3060336289927,1.0148562019203344,ok
1710,ok,845.3057411536574,-2610.1546119628474,1.0139895500181464,ok
1711,ok,839.8466714248061,-2611.057247239165,1.0131281227409725,ok
1712,ok,834.287748657167,-2611.8861718354747,1.0122717413592421,ok
1713,ok,828.7578533515334,-2612.722931283526,1.0114165397203354,ok
1714,ok,823.2252210006118,-2613.5345379291102,1.0105729205862914,ok
1715,ok,817.7928489074111,-2614.3462264118716,1.0097265038781247,ok
1716,ok,812.3701527938247,-2615.145164030604,1.0088841236705561,ok
1717,ok,806.969422660768,-2615.8452235637233,1.0080464529969628,ok
1718,ok,801.5497415885329,-2616.6585145173594,1.007213221367567,ok
1719,ok,796.1731389388442,-2617.459427732043,1.0063792779604779,ok
1720,ok,790.707595191896,-2618.2818380771205,1.0055498118013366,ok
1721,ok,785.3455937728286,-2619.08148761373,1.004721928765075,ok
1722,ok,779.9918578490615,-2619.8903773007914,1.003898805498487,ok
1723,ok,774.6147540435195,-2620.6737562594935,1.003075102607361,ok
1724,ok,769.2639144286513,-2621.450430589728,1.0022572830964942,ok
1725,ok,763.9689038619399,-2622.176424461417,1.0014306974730443,ok
1726,ok,758.6658395156264,-2622.940154212527,1.000614287546925,ok
1727,ok,753.4063599929214,-2623.689606207423,0.9997816334316854,ok
1728,ok,748.1511786803603,-2624.462192314677,0.9989442426284167,ok
1729,ok,742.8572495803237,-2625.240304249339,0.9981004433209748,ok
1730,ok,737.6442411765456,-2626.0195246515796,0.997254164639642,ok
1731,ok,732.3800018653274,-2626.7318841991946,0.9964070398016118,ok
1732,ok,727.190080486238,-2627.5811776099727,0.9955644461846729,ok
1733,ok,722.0484054908156,-2628.3468543468043,0.994718482009915,ok
1734,ok,716.8856418952346,-2629.158804851584,0.9938644100273748,ok
1735,ok,711.7340434417129,-2629.964808183722,0.9930062869315748,ok
1736,ok,706.6296509131789,-2630.724105852656,0.9921392017415784,ok
1737,ok,701.4748638495803,-2631.4877737937495,0.9912746493108288,ok
1738,ok,696.4182046279311,-2632.3083180366084,0.9904032459642222,ok
1739,ok,691.2783263549209,-2633.1696493206546,0.9895424915923269,ok
1740,ok,686.1514719352126,-2633.8653806028888,0.9886766746520856,ok
1741,ok,681.2116516456008,-2634.8822013912722,0.987823026916801,ok
1742,ok,676.1755317077041,-2635.619462507777,0.9869620300220433,ok
1743,ok,671.2382911071181,-2636.571940976195,0.9861144111425043,ok
1744,ok,666.40059312433,-2637.285360532813,0.9852725681304184,ok
1745,ok,661.696684204042,-2638.105701702647,0.9844419726337248,ok
1746,ok,657.074876151979,-2639.1585865197703,0.9836244931384323,ok
1747,ok,652.373517356813,-2640.0853412924334,0.9828403140846607,ok
1748,ok,647.7363627776504,-2640.871412414126,0.9820803461873598,ok
1749,ok,642.9923442229629,-2641.7842365680262,0.9813459021490003,ok
1750,ok,638.2255376204848,-2642.5795072494075,0.9806442583505867,ok
1751,ok,633.4722183570266,-2643.37563850265,0.979961999700026,ok
1752,ok,628.6790741309524,-2644.189941304736,0.9793009240992507,ok
1753,ok,623.9205959662795,-2644.9748145518824,0.9786580521928799,ok
1754,ok,619.1813705787063,-2645.710895913653,0.9780242694814396,ok
1755,ok,614.4635885581374,-2646.4990203557536,0.9774066644656809,ok
1756,ok,609.767527423799,-2647.190892833285,0.9767872900250241,ok
1757,ok,605.0567358359694,-2647.8800082979724,0.9761767169233323,ok
1758,ok,600.3970383033156,-2648.5483573852107,0.975558907632079,ok
1759,ok,595.768353305757,-2649.2431999621913,0.9749320628923577,ok
1760,ok,591.1546338424087,-2649.894932168536,0.9742961443823542,ok
1761,ok,586.467695556581,-2650.567707019858,0.9736503748034768,ok
1762,ok,581.8650711402297,-2651.2977243242785,0.9729875270938487,ok
1763,ok,577.2754872664809,-2651.931752759032,0.9723172847741843,ok
1764,ok,572.6711929664016,-2652.63379247766,0.9716204039509563,ok
1765,ok,568.0174373015761,-2653.35256763082,0.9709082361225183,ok
1766,ok,563.3549254760146,-2654.021400826983,0.9701863497360241,ok
1767,ok,558.7922566756606,-2654.7003055391833,0.9694255005960166,ok
1768,ok,554.0960305556655,-2655.3956976709887,0.9686510555711689,ok
1769,ok,549.469247661531,-2656.0426641283557,0.967851693398127,ok
1770,ok,544.8720773085952,-2656.6179197011515,0.9670338504409529,ok
1771,ok,540.2985676154494,-2657.2284984765574,0.9661958730265447,ok
1772,ok,535.7443788871169,-2657.943925398402,0.96534344798299,ok
1773,ok,531.1538852080703,-2658.524827855639,0.9644671672101961,ok
1774,ok,526.535352550447,-2659.226136642508,0.9635822320083207,ok
1775,ok,521.9218867644668,-2659.8498531160876,0.9626796798084045,ok
1776,ok,517.3324483260512,-2660.5452969847247,0.9617485195055758,ok
1777,ok,512.7158010825515,-2661.1494963942096,0.9608080100509201,ok
1778,ok,508.10197003930807,-2661.8005966125056,0.9598532043966689,ok
1779,ok,503.5151775702834,-2662.467198628001,0.9588812143125474,ok
1780,ok,498.92321809381247,-2663.141058939509,0.957888900884471,ok
1781,ok,494.25350841134787,-2663.7160625634715,0.9568789405408795,ok
1782,ok,489.6108649596572,-2664.3469972787425,0.9558535765076813,ok
1783,ok,484.9914677962661,-2664.9944048700854,0.9548222032904566,ok
1784,ok,480.30436261743307,-2665.5320414481685,0.9537775118992694,ok
1785,ok,475.5771573409438,-2666.223320263438,0.9527187738190204,ok
1786,ok,470.9352296218276,-2666.845110016875,0.9516465104567695,ok
1787,ok,466.1812871322036,-2667.5011976538226,0.9505641682302748,ok
1788,ok,461.45391257852316,-2668.165538090281,0.9494663694937953,ok
1789,ok,456.71413596719503,-2668.7463057814166,0.9483586368437616,ok
1790,ok,451.99057468026876,-2669.3622250733897,0.9472268043600792,ok
1791,ok,447.2055915221572,-2669.968803900294,0.9460907260415902,ok
1792,ok,442.4919856414199,-2670.552585559897,0.9449463784060492,ok
1793,ok,437.7388170585036,-2671.133317965083,0.9437949457879329,ok
1794,ok,432.9594748839736,-2671.699217814021,0.9426263861756238,ok
1795,ok,428.178485237062,-2672.2864898024127,0.9414474243126403,ok
1796,ok,423.3575929030776,-2672.8912869272754,0.9402485882293289,ok
1797,ok,418.52031310647726,-2673.47667576652,0.9390309029059769,ok
1798,ok,413.67919047921896,-2674.089822667651,0.9378066975176569,ok
1799,ok,408.83187802881,-2674.6735814390704,0.9365566382079388,ok
1800,ok,403.9409578666091,-2675.3063007770106,0.935302134049233,ok
1801,ok,398.96578677743673,-2675.953709977679,0.9340351593481968,ok
1802,ok,394.0081351622939,-2676.592214184813,0.9327443917376939,ok
1803,ok,389.07385190576315,-2677.2087126551196,0.9314225917154579,ok
1804,ok,384.02678998559713,-2677.9402143536136,0.9300874183428376,ok
1805,ok,378.97140058130026,-2678.54602094274,0.9287384089707007,ok
1806,ok,373.8751152381301,-2679.2357215462252,0.9273693453563122,ok
1807,ok,368.8110159263015,-2679.8642773805186,0.9259736954536006,ok
1808,ok,363.6327427253127,-2680.539745825343,0.9245788259498259,ok
1809,ok,358.50968535989523,-2681.1159950671718,0.9231802776889518,ok
1810,ok,353.2705853804946,-2681.866402405314,0.9217777382290648,ok
1811,ok,348.0835030898452,-2682.5951718268916,0.9203685512959973,ok
1812,ok,342.8005498275161,-2683.2266236720607,0.9189529443369876,ok
1813,ok,337.4531658515334,-2683.8512624083087,0.9175178531302944,ok
1814,ok,332.1615756377578,-2684.5241179047152,0.9160723125496665,ok
1815,ok,326.87776120752096,-2685.2024521408603,0.9146113085122921,ok
1816,ok,321.5187061652541,-2685.8677596626803,0.9131496711303992,ok
1817,ok,316.24766429513693,-2686.567519265227,0.9116798898471278,ok
1818,ok,310.8667491301894,-2687.228914815001,0.9102026065981832,ok
1819,ok,305.51437409967184,-2687.8619046388194,0.9087234571798126,ok
1820,ok,300.1256078109145,-2688.5731737194583,0.9072390929030043,ok
1821,ok,294.7015050277114,-2689.2230424461886,0.9057369996523361,ok
1822,ok,289.2298534736037,-2689.856783467345,0.9042220209294732,ok
1823,ok,283.70861848443747,-2690.593117314391,0.9027083762883469,ok
1824,ok,278.18474324792624,-2691.3063420830294,0.9011748691064047,ok
1825,ok,272.6477630957961,-2691.9868956981227,0.899635125236877,ok
1826,ok,267.08439906686544,-2692.6526034055278,0.8980757447226988,ok
1827,ok,261.41646798700094,-2693.4514062581584,0.8965180651671473,ok
1828,ok,255.71722825616598,-2694.265681403689,0.8949572934057505,ok
1829,ok,249.99432452768087,-2695.001075285487,0.8933999176350118,ok
1830,ok,244.2085483893752,-2695.9070406137034,0.8918227106993031,ok
1831,ok,238.3592413291335,-2696.7294262228534,0.8902493180577118,ok
1832,ok,232.45852979272604,-2697.624437767081,0.8886677223212948,ok
1833,ok,226.47736247628927,-2698.4212323008105,0.8870884727473992,ok
1834,ok,220.44993098825216,-2699.365977424197,0.8854871647372662,ok
1835,ok,214.4936078414321,-2700.2676779208705,0.8838689825361559,ok
1836,ok,208.44646295160055,-2701.218983131461,0.8822426391382949,ok
1837,ok,202.38405879586935,-2702.2360605774447,0.8806011494909224,ok
1838,ok,196.24312909692526,-2703.1927282987162,0.8789463053320843,ok
1839,ok,190.10664638131857,-2704.2041090903804,0.8772938108346572,ok
1840,ok,183.89808782190084,-2705.259382384829,0.8756363515031843,ok
1841,ok,177.6819861754775,-2706.428998249583,0.8739559147805417,ok
1842,ok,171.51405938714743,-2707.661366599612,0.8722868635967854,ok
1843,ok,165.1068113669753,-2708.935289162211,0.8706136839667885,ok
1844,ok,158.67420180886984,-2710.308372276835,0.8689634727687612,ok
1845,ok,152.2318342551589,-2711.712411302142,0.8673199984121611,ok
1846,ok,145.69271262735128,-2712.9685205398127,0.8656791173841706,ok
1847,ok,139.20413478463888,-2714.6534593282267,0.8640366612779523,ok
1848,ok,132.6390484198928,-2716.3360666213557,0.8623944499544407,ok
1849,ok,126.06351455301046,-2717.7896888433024,0.860757981569027,ok
1850,ok,119.4346216544509,-2719.3926737485453,0.8591202194776595,ok
1851,ok,112.89600833505392,-2720.993070143275,0.8575001270841848,ok
1852,ok,106.34305223077536,-2722.585681456141,0.8558856429853381,ok
1853,ok,99.66192849725485,-2724.2644473491237,0.854303324277287,ok
1854,ok,93.03328021615744,-2725.841977137141,0.8527547570960755,ok
1855,ok,86.46835645288229,-2727.4551899610087,0.8512462629962764,ok
1856,ok,79.98206790536642,-2729.0398487029597,0.8497841437390278,ok
1857,ok,73.68405135720968,-2730.568647521548,0.8483668790899832,ok
1858,ok,67.43758472055197,-2732.0445399461314,0.8470002078084862,ok
1859,ok,61.321796737611294,-2733.4096046863124,0.8456783717229652,ok
1860,ok,55.217362724244595,-2734.8814454255626,0.844397786221795,ok
1861,ok,49.25967534631491,-2736.2390450416133,0.8431525400497367,ok
1862,ok,43.38190969079733,-2737.5231409249827,0.8419396646911854,ok
1863,ok,37.48095162957907,-2738.826587575488,0.8407536992426041,ok
1864,ok,31.59428294748068,-2740.2775547681376,0.8395878196079843,ok
1865,ok,25.75069173425436,-2741.665390986018,0.8384403130904036,ok
1866,ok,19.900225959718227,-2743.192743915133,0.8373152834694484,ok
1867,ok,14.138098560273647,-2744.712885993533,0.8362133717034531,ok
1868,ok,8.429539047181606,-2746.2869346318766,0.8351251435955207,ok
1869,ok,2.628996215760708,-2747.9069211659953,0.8340460813278622,ok
1870,ok,-3.0886370316147804,-2749.532839196734,0.8329811346563738,ok
1871,ok,-8.774439491331577,-2751.268524664454,0.8319236888081298,ok
1872,ok,-14.480141796171665,-2752.9101174054667,0.8308757235333172,ok
1873,ok,-20.179159320890903,-2754.682786363177,0.8298326489396629,ok
1874,ok,-25.85102239996195,-2756.399108069949,0.8288059453954212,ok
1875,ok,-31.415101684629917,-2758.146050351672,0.8277864241360466,ok
1876,ok,-37.03889433294535,-2760.012059587054,0.8267753852554164,ok
1877,ok,-42.628661789000034,-2761.8027464328334,0.8257663736605277,ok
1878,ok,-48.19711700826883,-2763.7059588609263,0.8247740475819129,ok
1879,ok,-53.77548138052225,-2765.5194144425914,0.8237819145281302,ok
1880,ok,-59.40448252111673,-2767.51520301681,0.8227974046052721,ok
1881,ok,-64.93781439214945,-2769.4806612906978,0.8218181732401002,ok
1882,ok,-70.5282451286912,-2771.448285716586,0.8208288090435487,ok
1883,ok,-76.17997566610575,-2773.555150645785,0.8198372310977305,ok
1884,ok,-81.80324140936136,-2775.663704770617,0.818847189353114,ok
1885,ok,-87.39113251119852,-2777.7969962535426,0.8178538700733563,ok
1886,ok,-92.94912163168192,-2780.0969759402797,0.8168648624836445,ok
1887,ok,-98.46762768179178,-2782.3667651591823,0.8158721203033217,ok
1888,ok,-103.99539343267679,-2784.6141292033717,0.8148846547455929,ok
1889,ok,-109.52193752676249,-2787.004417556338,0.8138826238983883,ok
1890,ok,-115.05427757650614,-2789.396119969897,0.8128926623432424,ok
1891,ok,-120.57099691778421,-2791.821894305758,0.8118889402567402,ok
1892,ok,-126.0776173248887,-2794.3149370132014,0.8108824159293913,ok
1893,ok,-131.67727104574442,-2796.7829493461177,0.8098725299458372,ok
1894,ok,-137.2541333809495,-2799.2817434249446,0.8088494161896519,ok
1895,ok,-142.82439247518778,-2802.0118750510737,0.8078160545355882,ok
1896,ok,-148.35619417577982,-2804.6193412719294,0.8067881194074211,ok
1897,ok,-153.8991004601121,-2807.3540867744014,0.80576558615765,ok
1898,ok,-159.4450637474656,-2809.92649020534,0.8047458615617917,ok
1899,ok,-165.0272342339158,-2812.661398309283,0.8037316809974806,ok
1900,ok,-170.60690704733133,-2815.4012071071193,0.8027286778198729,ok
1901,ok,-176.3064090386033,-2818.2369343219325,0.8017100235193094,ok
1902,ok,-181.96277347952127,-2821.0674110827968,0.8006966354477161,ok
1903,ok,-187.69399467855692,-2823.906432765536,0.7996682232945843,ok
1904,ok,-193.40942589193583,-2826.6907669482753,0.7986469709418644,ok
1905,ok,-199.18271557241678,-2829.6463738856837,0.7976173659011906,ok
1906,ok,-204.92377773672342,-2832.59290017467,0.7965857224768238,ok
1907,ok,-210.64607349783182,-2835.627960103564,0.7955372819458882,ok
1908,ok,-216.37483517080545,-2838.622743028216,0.7944780241572023,ok
1909,ok,-222.12912050634623,-2841.699471849017,0.7934168064539318,ok
1910,ok,-227.85420624166727,-2844.689150470309,0.7923460545734727,ok
1911,ok,-233.6601745262742,-2847.750308650546,0.7912754509748918,ok
1912,ok,-239.54207054525614,-2850.7810961185023,0.7901913272660025,ok
1913,ok,-245.4324051514268,-2853.9076167522,0.7891091713648023,ok
1914,ok,-251.29236666113138,-2857.06981672626,0.7880265981376734,ok
1915,ok,-257.2354327812791,-2860.2717834888026,0.7869621947121119,ok
1916,ok,-263.14985386282206,-2863.3795906482264,0.7858951560088185,ok
1917,ok,-269.1006313934922,-2866.526472228579,0.7848469321586737,ok
1918,ok,-275.0448862686753,-2869.7523163734004,0.783807998323794,ok
1919,ok,-281.00690618902445,-2872.9164613662288,0.7827922450511177,ok
1920,ok,-287.0092512741685,-2876.0791334090754,0.7817835768543812,ok
1921,ok,-293.03577534109354,-2879.232340711169,0.7807946845712004,ok
1922,ok,-299.09812942892313,-2882.4206170020625,0.7798252844338431,ok
1923,ok,-305.0979916229844,-2885.534092801623,0.7788639956750348,ok
1924,ok,-311.15364948660135,-2888.642039197497,0.7779204350690844,ok
1925,ok,-317.206497348845,-2891.7930392203853,0.7769830926930514,ok
1926,ok,-323.2172567024827,-2894.8548587737605,0.776048780801378,ok
1927,ok,-329.29281631857157,-2897.976546901278,0.7751193618720131,ok
1928,ok,-335.34911028295755,-2901.0473329005763,0.7741896747347244,ok
1929,ok,-341.3561507835984,-2904.110279458575,0.7732664520002819,ok
1930,ok,-347.3698617592454,-2907.197545903735,0.7723423722450637,ok
1931,ok,-353.36083570867777,-2910.274731057696,0.7714217551556463,ok
1932,ok,-359.4039932861924,-2913.28790225368,0.7704927929682124,ok
1933,ok,-365.45421854406595,-2916.2987855849788,0.7695705790284452,ok
1934,ok,-371.5062333717942,-2919.3036712585017,0.7686439368189157,ok
1935,ok,-377.57798639684916,-2922.3179272590205,0.767730970855527,ok
1936,ok,-383.6006180420518,-2925.282293218188,0.7668258176183459,ok
1937,ok,-389.60849729925394,-2928.2409891067073,0.7659389142262564,ok
1938,ok,-395.59387842565775,-2931.1230062423274,0.7650548194615429,ok
1939,ok,-401.6299673691392,-2934.095529693179,0.764184940851206,ok
1940,ok,-407.65726725012064,-2936.888161319308,0.7633219450896737,ok
1941,ok,-413.65235678106546,-2939.773767608218,0.762475309263429,ok
1942,ok,-419.69906202703714,-2942.6429673610255,0.7616403613346535,ok
1943,ok,-425.7798363342881,-2945.490541833453,0.7608206299025416,ok
1944,ok,-431.77493730932474,-2948.2203005729243,0.7600182466979836,ok
1945,ok,-437.6895434036851,-2951.0215937076136,0.7592282125840379,ok
1946,ok,-443.6928731575608,-2953.757182973437,0.7584417517418613,ok
1947,ok,-449.59983936697245,-2956.4859227119014,0.7576709524580507,ok
1948,ok,-455.4597999230027,-2959.3330735145137,0.7569094559234627,ok
1949,ok,-461.29690996557474,-2962.115832227282,0.7561748788039923,ok
1950,ok,-467.15248695760965,-2964.877863782458,0.7554728875741757,ok
1951,ok,-473.0198156014085,-2967.5649012504146,0.754820628462279,ok
1952,ok,-478.84322134405375,-2970.2098845420405,0.7542109413423477,ok
1953,ok,-484.6552311554551,-2972.9803449092433,0.7536638399458767,ok
1954,ok,-490.40878549963236,-2975.5635982928798,0.7531690757589484,ok
1955,ok,-496.15798679739237,-2978.214303153567,0.7527301105272887,ok
1956,ok,-501.9349385872483,-2980.8018971858546,0.7523491704651994,ok
1957,ok,-507.6462165489793,-2983.44073762279,0.7520092206979737,ok
1958,ok,-513.3317157402635,-2985.950425046496,0.7517137539370672,ok
1959,ok,-518.9550005570054,-2988.5263496814296,0.7517137539370672,deadzone
1960,ok,-524.5005399361253,-2991.0299219070002,0.7517137539370672,deadzone
1961,ok,-530.0481878891587,-2993.6373471198604,0.7517137539370672,deadzone
1962,ok,-535.5426460877061,-2996.1793335853145,0.7517137539370672,deadzone
1963,ok,-541.0604569092393,-2998.71195020061,0.7517137539370672,deadzone
1964,ok,-546.5508972778916,-3001.1710785804316,0.7517137539370672,deadzone
1965,ok,-552.0230881348252,-3003.6811756072566,0.7517137539370672,deadzone
1966,ok,-557.4716526642442,-3006.155011075549,0.7517137539370672,deadzone
1967,ok,-562.8876210823655,-3008.6662677703425,0.7517137539370672,deadzone
1968,ok,-568.1884423866868,-3010.9960905490443,0.7517137539370672,deadzone
1969,ok,-573.5782710686326,-3013.405070918612,0.7517137539370672,deadzone
1970,ok,-578.9611608162522,-3015.7148825107142,0.7517137539370672,deadzone
1971,ok,-584.2867671623826,-3018.0911137042567,0.7517137539370672,deadzone
1972,ok,-589.5346309319139,-3020.4345914302394,0.7517137539370672,deadzone
1973,ok,-594.7742697373033,-3022.8370312629268,0.7517137539370672,deadzone
1974,ok,-599.9531046524644,-3025.3522962508723,0.7517137539370672,deadzone
1975,ok,-605.159480728209,-3027.9009827552363,0.7517137539370672,deadzone
1976,ok,-610.2118965759873,-3030.4394458709285,0.7517137539370672,deadzone
1977,ok,-615.2511383667588,-3033.090054887347,0.7517137539370672,deadzone
1978,ok,-620.1661593094468,-3035.7237252173945,0.7517137539370672,deadzone
1979,ok,-625.1568924561143,-3038.4144584117457,0.7517137539370672,deadzone
1980,ok,-630.098894752562,-3041.0939816413447,0.7517137539370672,deadzone
1981,ok,-635.0304423943162,-3043.749532598071,0.7517137539370672,deadzone
1982,ok,-639.827132858336,-3046.4630407271907,0.7517137539370672,deadzone
1983,ok,-644.6351038590074,-3049.1692027030513,0.7517137539370672,deadzone
1984,ok,-649.4885312691331,-3051.8811477599666,0.7517137539370672,deadzone
1985,ok,-654.3101603165269,-3054.566406148486,0.7517137539370672,deadzone
1986,ok,-659.0847641602159,-3057.2034241138026,0.7517137539370672,deadzone
1987,ok,-663.8717552796006,-3059.8381480155513,0.7517137539370672,deadzone
1988,ok,-668.63722769171,-3062.452219146304,0.7517137539370672,deadzone
1989,ok,-673.3553225174546,-3065.0132328448817,0.7517137539370672,deadzone
1990,ok,-678.0662848129869,-3067.576330321841,0.7517137539370672,deadzone
1991,ok,-682.6850315704942,-3070.1169535098597,0.7517137539370672,deadzone
1992,ok,-687.2730471268296,-3072.6029945788905,0.7517137539370672,deadzone
1993,ok,-691.8744489327073,-3075.0743864951655,0.7517137539370672,deadzone
1994,ok,-696.4030601158738,-3077.3928343234584,0.7517137539370672,deadzone
1995,ok,-700.9884549751878,-3079.687209743075,0.7517137539370672,deadzone
1996,ok,-705.5366660729051,-3081.9621423659846,0.7517137539370672,deadzone
1997,ok,-710.0743729248643,-3083.955094474368,0.7517137539370672,deadzone
1998,ok,-714.7131802216172,-3086.058990138583,0.7517137539370672,deadzone
1999,ok,-719.3461920395494,-3088.0212108073756,0.7517137539370672,deadzone
2000,ok,-723.9852263107896,-3089.874330895953,0.7517137539370672,deadzone
2001,ok,-728.608382858336,-3091.6381105361506,0.7517137539370672,deadzone
2002,ok,-733.2903477326035,-3093.3280749497935,0.7517137539370672,deadzone
2003,ok,-737.9870125427842,-3094.7984219966456,0.7517137539370672,deadzone
2004,ok,-742.7561842575669,-3096.267175453715,0.7517137539370672,deadzone
2005,ok,-747.4436260834336,-3097.5719137368724,0.7517137539370672,deadzone
2006,ok,-752.2000075951219,-3098.9044317184016,0.7517137539370672,deadzone
2007,ok,-757.040888465941,-3100.31438018661,0.7517137539370672,deadzone
2008,ok,-761.7394606247544,-3101.394730943255,0.7517137539370672,deadzone
2009,ok,-766.4948345795274,-3102.5892815766856,0.7517137539370672,deadzone
2010,ok,-771.2662045136094,-3103.57641102653,0.7517137539370672,deadzone
2011,ok,-776.0478998795152,-3104.503220337443,0.7517137539370672,deadzone
2012,ok,-780.8919493332505,-3105.3726414619014,0.7517137539370672,deadzone
2013,ok,-785.7379748001695,-3106.1599769769236,0.7517137539370672,deadzone
2014,ok,-790.6262146607041,-3106.8138876138255,0.7517137539370672,deadzone
2015,ok,-795.5563670769334,-3107.5177591023967,0.7517137539370672,deadzone
2016,ok,-800.4700295105577,-3108.0144555745646,0.7517137539370672,deadzone
2017,ok,-805.4771672859788,-3108.5496504483745,0.7517137539370672,deadzone
2018,ok,-810.5315195694566,-3108.950990217738,0.7517137539370672,deadzone
2019,ok,-815.6049901619554,-3109.1667983708903,0.7517137539370672,deadzone
2020,ok,-820.6969052925706,-3109.4330229936168,0.7517137539370672,deadzone
2021,ok,-825.8714315071702,-3109.6871247468516,0.7517137539370672,deadzone
2022,ok,-831.0393025055528,-3109.7116103349254,0.7517137539370672,deadzone
2023,ok,-836.3195082321763,-3109.762051361613,0.7517137539370672,deadzone
2024,ok,-841.6180812492967,-3109.687553900294,0.7517137539370672,deadzone
2025,ok,-846.9383145943284,-3109.560353296809,0.7517137539370672,deadzone
2026,ok,-852.2904655113816,-3109.4048717198893,0.7517137539370672,deadzone
2027,ok,-857.6444617882371,-3109.208608883433,0.7517137539370672,deadzone
2028,ok,-863.0893556252122,-3108.9301631627604,0.7517137539370672,deadzone
2029,ok,-868.5134741440415,-3108.5783660588786,0.7517137539370672,deadzone
2030,ok,-873.8853909149766,-3108.114587086253,0.7517137539370672,deadzone
2031,ok,-879.3824249878526,-3107.835900324397,0.7517137539370672,deadzone
2032,ok,-884.7988182678819,-3107.434543150477,0.7517137539370672,deadzone
2033,ok,-890.2732664719224,-3106.928887861781,0.7517137539370672,deadzone
2034,ok,-895.8208815231919,-3106.3186831651255,0.7517137539370672,deadzone
2035,ok,-901.3765799179673,-3105.5980125842616,0.7517137539370672,deadzone
2036,ok,-906.9493033066392,-3104.6246959147975,0.7517137539370672,deadzone
2037,ok,-912.5795699730515,-3103.586920994334,0.7517137539370672,deadzone
2038,ok,-918.213396705687,-3102.4340487895533,0.7517137539370672,deadzone
2039,ok,-923.8592411652207,-3101.1681406674907,0.7517137539370672,deadzone
2040,ok,-929.4860378876328,-3099.8541008410975,0.7517137539370672,deadzone
2041,ok,-935.0347372666001,-3098.3495955644175,0.7517137539370672,deadzone
2042,ok,-940.7069951668382,-3096.890767353587,0.7517137539370672,deadzone
2043,ok,-946.3083268776536,-3095.3582335887477,0.7517137539370672,deadzone
2044,ok,-951.9450699463487,-3093.7224806724116,0.7517137539370672,deadzone
2045,ok,-957.5470759049058,-3092.020205515437,0.7517137539370672,deadzone
2046,ok,-963.1705519333482,-3090.2564202724025,0.7517137539370672,deadzone
2047,ok,-968.8678146973252,-3088.4969108281657,0.7517137539370672,deadzone
2048,ok,-974.525028385222,-3086.600793379359,0.7517137539370672,deadzone
2049,ok,-980.2399164810777,-3084.7226016698405,0.7517137539370672,deadzone
2050,ok,-985.9240824356675,-3082.814411181025,0.7517137539370672,deadzone
2051,ok,-991.6488072052598,-3080.761413591914,0.7517137539370672,deadzone
2052,ok,-997.3537971153855,-3078.7140424428508,0.7517137539370672,deadzone
2053,ok,-1003.0772959366441,-3076.6189263043925,0.7517137539370672,deadzone
2054,ok,-1008.8290001526475,-3074.431893366389,0.7517137539370672,deadzone
2055,ok,-1014.5939728394151,-3072.258658426814,0.7517137539370672,deadzone
2056,ok,-1020.2315827980638,-3070.027930754237,0.7517137539370672,deadzone
2057,ok,-1025.9828626289964,-3067.7338700471446,0.7517137539370672,deadzone
2058,ok,-1031.7344323769212,-3065.405824202113,0.7517137539370672,deadzone
2059,ok,-1037.382510341704,-3063.0172920404,0.7517137539370672,deadzone
2060,ok,-1043.1855599060655,-3060.717377680354,0.7517137539370672,deadzone
2061,ok,-1048.8690067902207,-3058.209277409129,0.7517137539370672,deadzone
2062,ok,-1054.5807539597154,-3055.7756204782054,0.7517137539370672,deadzone
2063,ok,-1060.2475678101182,-3053.2768774209544,0.7517137539370672,deadzone
2064,ok,-1065.95652166754,-3050.7269282517955,0.7517137539370672,deadzone
2065,ok,-1071.6424862518907,-3048.1283655343577,0.7517137539370672,deadzone
2066,ok,-1077.3369366303086,-3045.4743008790538,0.7517137539370672,deadzone
2067,ok,-1082.9955441132188,-3042.739216583781,0.7517137539370672,deadzone
2068,ok,-1088.7114049568772,-3039.9920246778056,0.7517137539370672,deadzone
2069,ok,-1094.333239234984,-3037.232249754481,0.7517137539370672,deadzone
2070,ok,-1100.015226997435,-3034.423315065913,0.7517137539370672,deadzone
2071,ok,-1105.6501232758164,-3031.5557387052104,0.7517137539370672,deadzone
2072,ok,-1111.2446147575974,-3028.685051220469,0.7517137539370672,deadzone
2073,ok,-1116.918007530272,-3025.781034248881,0.7517137539370672,deadzone
2074,ok,-1122.4996806755662,-3022.8160841641948,0.7517137539370672,deadzone
2075,ok,-1128.0708314552903,-3019.8171990094706,0.7517137539370672,deadzone
2076,ok,-1133.6768786087632,-3016.82490589004,0.7517137539370672,deadzone
2077,ok,-1139.200812973082,-3013.736604708247,0.7517137539370672,deadzone
2078,ok,-1144.7822491303086,-3010.685387152247,0.7517137539370672,deadzone
2079,ok,-1150.255379833281,-3007.5368583379313,0.7517137539370672,deadzone
2080,ok,-1155.7984973564744,-3004.4498598752543,0.7517137539370672,deadzone
2081,ok,-1161.2754584923387,-3001.2343685803935,0.7517137539370672,deadzone
2082,ok,-1166.8396550789475,-2998.0482297120616,0.7517137539370672,deadzone
2083,ok,-1172.3678347244859,-2994.8043985543773,0.7517137539370672,deadzone
2084,ok,-1177.911882556975,-2991.5187421021983,0.7517137539370672,deadzone
2085,ok,-1183.3710233345628,-2988.1830349145457,0.7517137539370672,deadzone
2086,ok,-1188.83018604666,-2984.855571287684,0.7517137539370672,deadzone
2087,ok,-1194.274537242949,-2981.430538910441,0.7517137539370672,deadzone
2088,ok,-1199.6807986870408,-2977.9949567494914,0.7517137539370672,deadzone
2089,ok,-1205.0948301926255,-2974.5434119878337,0.7517137539370672,deadzone
2090,ok,-1210.482454456389,-2971.045235174708,0.7517137539370672,deadzone
2091,ok,-1215.9405204430223,-2967.6472289739177,0.7517137539370672,deadzone
2092,ok,-1221.2766567841172,-2964.1389129338786,0.7517137539370672,deadzone
2093,ok,-1226.6408669129014,-2960.580374496989,0.7517137539370672,deadzone
2094,ok,-1231.9619328156114,-2956.9752266583964,0.7517137539370672,deadzone
2095,ok,-1237.2858473435044,-2953.348986404948,0.7517137539370672,deadzone
2096,ok,-1242.6724239960313,-2949.67012407165,0.7517137539370672,deadzone
2097,ok,-1247.9978224411607,-2945.9932069955394,0.7517137539370672,deadzone
2098,ok,-1253.2319246903062,-2942.1913023171946,0.7517137539370672,deadzone
2099,ok,-1258.507911838591,-2938.3665120778605,0.7517137539370672,deadzone
2100,ok,-1263.7793528214097,-2934.5141027150676,0.7517137539370672,deadzone
2101,ok,-1269.050051368773,-2930.7096972642466,0.7517137539370672,deadzone
2102,ok,-1274.3548151627183,-2926.817630547099,0.7517137539370672,deadzone
2103,ok,-1279.5608164444566,-2922.940084713511,0.7517137539370672,deadzone
2104,ok,-1284.7483765259385,-2918.95109893661,0.7517137539370672,deadzone
2105,ok,-1289.967950977385,-2914.9726112065837,0.7517137539370672,deadzone
2106,ok,-1295.0983630791306,-2910.929531830363,0.7517137539370672,deadzone
2107,ok,-1300.335864700377,-2906.9266579328105,0.7517137539370672,deadzone
2108,ok,-1305.4234429970384,-2902.8354275403544,0.7517137539370672,deadzone
2109,ok,-1310.599165596068,-2898.7276861844584,0.7517137539370672,deadzone
2110,ok,-1315.692894615233,-2894.596984642558,0.7517137539370672,deadzone
2111,ok,-1320.6835748329759,-2890.353365677409,0.7517137539370672,deadzone
2112,ok,-1325.772403396666,-2886.1886122403666,0.7517137539370672,deadzone
2113,ok,-1330.7811504974961,-2881.9519374547526,0.7517137539370672,deadzone
2114,ok,-1335.7086450234056,-2877.6475846944377,0.7517137539370672,deadzone
2115,ok,-1340.7137395516038,-2873.4383795438334,0.7517137539370672,deadzone
2116,ok,-1345.619215644896,-2869.0946471868083,0.7517137539370672,deadzone
2117,ok,-1350.534372009337,-2864.701884048991,0.7517137539370672,deadzone
2118,ok,-1355.5303174629807,-2860.3836014447734,0.7517137539370672,deadzone
2119,ok,-1360.375756420195,-2855.991775768809,0.7517137539370672,deadzone
2120,ok,-1365.2456642761827,-2851.5561120687053,0.7517137539370672,deadzone
2121,ok,-1370.0427757874131,-2847.073264378123,0.7517137539370672,deadzone
2122,ok,-1374.8395349159837,-2842.578927773051,0.7517137539370672,deadzone
2123,ok,-1379.6456767693162,-2837.9825995145366,0.7517137539370672,deadzone
2124,ok,-1384.389289535582,-2833.4276488004252,0.7517137539370672,deadzone
2125,ok,-1389.129975952208,-2828.8295591054484,0.7517137539370672,deadzone
2126,ok,-1393.7913853302598,-2824.1438167272136,0.7517137539370672,deadzone
2127,ok,-1398.541002906859,-2819.5211770711467,0.7517137539370672,deadzone
2128,ok,-1403.1903769150376,-2814.77056910377,0.7517137539370672,deadzone
2129,ok,-1407.750093139708,-2810.0551717458293,0.7517137539370672,deadzone
2130,ok,-1412.408479847014,-2805.315374153666,0.7517137539370672,deadzone
2131,ok,-1416.981225170195,-2800.5428817449138,0.7517137539370672,deadzone
2132,ok,-1421.654778636992,-2795.7342894254252,0.7517137539370672,deadzone
2133,ok,-1426.1154195442796,-2790.8501370130107,0.7517137539370672,deadzone
2134,ok,-1430.6328550949693,-2785.9844410596415,0.7517137539370672,deadzone
2135,ok,-1435.1612269058824,-2781.078756588511,0.7517137539370672,deadzone
2136,ok,-1439.9602090492845,-2776.2816417394206,0.7517137539370672,deadzone
2137,ok,-1444.5539132729173,-2771.3795864759013,0.7517137539370672,deadzone
2138,ok,-1448.963426746428,-2766.3928163228557,0.7517137539370672,deadzone
2139,ok,-1453.3024574890733,-2761.364532726817,0.7517137539370672,deadzone
2140,ok,-1457.6446959152818,-2756.2706997571513,0.7517137539370672,deadzone
2141,ok,-1462.0126639977098,-2751.1720130620524,0.7517137539370672,deadzone
2142,ok,-1466.3104883804917,-2746.023942249827,0.7517137539370672,deadzone
2143,ok,-1470.6099931374192,-2740.8657367406413,0.7517137539370672,deadzone
2144,ok,-1474.9165331497788,-2735.666294354014,0.7517137539370672,deadzone
2145,ok,-1479.071146644652,-2730.3942110715434,0.7517137539370672,deadzone
2146,ok,-1483.3063131943345,-2725.167918461375,0.7517137539370672,deadzone
2147,ok,-1487.4204956665635,-2719.8484332738444,0.7517137539370672,deadzone
2148,ok,-1491.5660182610154,-2714.505749004893,0.7517137539370672,deadzone
2149,ok,-1495.5890342369676,-2709.0378329930827,0.7517137539370672,deadzone
2150,ok,-1499.6621953621507,-2703.6248548207805,0.7517137539370672,deadzone
2151,ok,-1503.6423524990678,-2698.1916625676677,0.7517137539370672,deadzone
2152,ok,-1507.6419572010636,-2692.6715581594035,0.7517137539370672,deadzone
2153,ok,-1511.4996709004045,-2687.109901207499,0.7517137539370672,deadzone
2154,ok,-1515.3520881310105,-2681.534801739268,0.7517137539370672,deadzone
2155,ok,-1519.0837394371629,-2675.909774082713,0.7517137539370672,deadzone
2156,ok,-1522.8732744827867,-2670.3085391698405,0.7517137539370672,deadzone
2157,ok,-1526.5561629906297,-2664.653816002421,0.7517137539370672,deadzone
2158,ok,-1530.1943868771195,-2658.9782736478373,0.7517137539370672,deadzone
2159,ok,-1533.835446037352,-2653.2693703351542,0.7517137539370672,deadzone
2160,ok,-1537.4432930126786,-2647.5053942380473,0.7517137539370672,deadzone
2161,ok,-1540.9580442085862,-2641.673084991984,0.7517137539370672,deadzone
2162,ok,-1544.4807569161057,-2635.8194959340617,0.7517137539370672,deadzone
2163,ok,-1547.9574913159013,-2629.9564101872966,0.7517137539370672,deadzone
2164,ok,-1551.3867718353868,-2624.030527370982,0.7517137539370672,deadzone
2165,ok,-1554.8259522095323,-2618.0800359426066,0.7517137539370672,deadzone
2166,ok,-1558.1692256107926,-2612.1333639798686,0.7517137539370672,deadzone
2167,ok,-1561.569693006575,-2606.120362061076,0.7517137539370672,deadzone
2168,ok,-1564.8071774616838,-2600.0216834722087,0.7517137539370672,deadzone
2169,ok,-1568.0644582882524,-2593.936960953288,0.7517137539370672,deadzone
2170,ok,-1571.254296220839,-2587.844878929667,0.7517137539370672,deadzone
2171,ok,-1574.4241758957505,-2581.711411255412,0.7517137539370672,deadzone
2172,ok,-1577.6299370899796,-2575.462892311625,0.7517137539370672,deadzone
2173,ok,-1580.8213864937425,-2569.2323067365214,0.7517137539370672,deadzone
2174,ok,-1583.9365975037217,-2562.9914310155436,0.7517137539370672,deadzone
2175,ok,-1587.0188635960221,-2556.722904461436,0.7517137539370672,deadzone
2176,ok,-1589.9762026444077,-2550.4313085256144,0.7517137539370672,deadzone
2177,ok,-1592.9438175335526,-2544.1681435285136,0.7517137539370672,deadzone
2178,ok,-1595.8567177429795,-2537.8295834241435,0.7517137539370672,deadzone
2179,ok,-1598.722496189177,-2531.5052025495097,0.7517137539370672,deadzone
2180,ok,-1601.543218292296,-2525.092993992381,0.7517137539370672,deadzone
2181,ok,-1604.1987842693925,-2518.687705772929,0.7517137539370672,deadzone
2182,ok,-1606.971738256514,-2512.339802998118,0.7517137539370672,deadzone
2183,ok,-1609.519776262343,-2505.908511894755,0.7517137539370672,deadzone
2184,ok,-1612.1721481457353,-2499.554188030772,0.7517137539370672,deadzone
2185,ok,-1614.6281334534287,-2493.134188431315,0.7517137539370672,deadzone
2186,ok,-1617.1294500008225,-2486.763172405772,0.751673153038771,ok
2187,ok,-1619.5705358162522,-2480.444205063395,0.7516041450052802,ok
2188,ok,-1621.997378744185,-2474.0746729550883,0.7514982662230243,ok
2189,ok,-1624.2982405796647,-2467.7128608403727,0.7513711945171502,ok
2190,ok,-1626.4219974651933,-2461.3702881513163,0.7512221643995742,ok
2191,ok,-1628.6377126351,-2455.1587307630107,0.7510570586577218,ok
2192,ok,-1630.6392721310258,-2448.9030454335734,0.750876131828708,ok
2193,ok,-1632.6863865032792,-2442.6801817594096,0.7506842398003235,ok
2194,ok,-1634.7190746441483,-2436.4336898503825,0.750482980719183,ok
2195,ok,-1636.6735015287995,-2430.257862347178,0.7502809031197083,ok
2196,ok,-1638.5608183518052,-2424.121112602763,0.7500760166316072,ok
2197,ok,-1640.409519828856,-2417.997370499186,0.7498669691107638,ok
2198,ok,-1642.206078208983,-2411.9029286084697,0.7496640032697884,ok
2199,ok,-1643.8963054791093,-2405.8677590070292,0.7494635362530764,ok
2200,ok,-1645.623443879187,-2399.8499772725627,0.7492677029004376,ok
2201,ok,-1647.1739839687943,-2393.8570211110637,0.7490808279205611,ok
2202,ok,-1648.7405521050096,-2387.955112713389,0.7489021135891851,ok
2203,ok,-1650.2384630814195,-2382.1020109830424,0.7487304872074355,ok
2204,ok,-1651.6020928993821,-2376.2031915364787,0.7487304872074355,deadzone
2205,ok,-1652.9760334864259,-2370.3417327580974,0.7487304872074355,deadzone
2206,ok,-1654.234182395041,-2364.5442497907206,0.7487304872074355,deadzone
2207,ok,-1655.494147695601,-2358.855271118693,0.7487304872074355,deadzone
2208,ok,-1656.7117207422853,-2353.167577999644,0.7487304872074355,deadzone
2209,ok,-1657.7812081947923,-2347.5893738446757,0.7487304872074355,deadzone
2210,ok,-1658.8828871622682,-2342.009562271647,0.7487304872074355,deadzone
2211,ok,-1659.9254984036088,-2336.52829768043,0.7487304872074355,deadzone
2212,ok,-1660.8522541895509,-2331.096402901225,0.7487304872074355,deadzone
2213,ok,-1661.753653742373,-2325.7237260518596,0.7487304872074355,deadzone
2214,ok,-1662.5621197000146,-2320.425650375895,0.7487304872074355,deadzone
2215,ok,-1663.393014229834,-2315.1314861951396,0.7487304872074355,deadzone
2216,ok,-1664.0998561158776,-2309.9357931790873,0.7487304872074355,deadzone
2217,ok,-1664.8455953970551,-2304.7068174062297,0.7487304872074355,deadzone
2218,ok,-1665.5083154812455,-2299.5164196668193,0.7487304872074355,deadzone
2219,ok,-1666.1014413014054,-2294.3766482053325,0.7487304872074355,deadzone
2220,ok,-1666.7147458568215,-2289.2789986310527,0.7487304872074355,deadzone
2221,ok,-1667.1489197686315,-2284.2315714536235,0.7487304872074355,deadzone
2222,ok,-1667.6187940314412,-2279.173458832316,0.7487304872074355,deadzone
2223,ok,-1668.0155226960778,-2274.2626311955974,0.7487304872074355,deadzone
2224,ok,-1668.3578935042024,-2269.335365551524,0.7487304872074355,deadzone
2225,ok,-1668.7541961446404,-2264.3639643369243,0.7487304872074355,deadzone
2226,ok,-1668.938367433846,-2259.482944744639,0.7487304872074355,deadzone
2227,ok,-1669.2370581701398,-2254.603989857249,0.7487304872074355,deadzone
2228,ok,-1669.4001436904073,-2249.739850300364,0.7487304872074355,deadzone
2229,ok,-1669.5539798662066,-2244.8936693845317,0.7487304872074355,deadzone
2230,ok,-1669.7135809585452,-2240.063421028666,0.7487304872074355,deadzone
2231,ok,-1669.6947848126292,-2235.341985004954,0.7487304872074355,deadzone
2232,ok,-1669.754134260118,-2230.544893520884,0.7487304872074355,deadzone
2233,ok,-1669.6753794625401,-2225.884241837077,0.7487304872074355,deadzone
2234,ok,-1669.5830402299762,-2221.2920286832377,0.7487304872074355,deadzone
2235,ok,-1669.4761479273438,-2216.6846277890727,0.7487304872074355,deadzone
2236,ok,-1669.325217910111,-2212.1209752736613,0.7487304872074355,deadzone
2237,ok,-1669.2288124114275,-2207.5716135678813,0.7487304872074355,deadzone
2238,ok,-1668.9580949693918,-2203.075364845805,0.7487304872074355,deadzone
2239,ok,-1668.7061556726694,-2198.6045792279765,0.7487304872074355,deadzone
2240,ok,-1668.5054419189692,-2194.1370022473857,0.7487304872074355,deadzone
2241,ok,-1668.112149938941,-2189.714485901408,0.7487304872074355,deadzone
2242,ok,-1667.8345750421286,-2185.2833044705912,0.7487304872074355,deadzone
2243,ok,-1667.6007387042046,-2180.8919923482463,0.7487304872074355,deadzone
2244,ok,-1667.165060698986,-2176.6272685704753,0.7487304872074355,deadzone
2245,ok,-1666.8187302947044,-2172.364725845866,0.7487304872074355,deadzone
2246,ok,-1666.36402246356,-2168.170055168681,0.7487304872074355,deadzone
2247,ok,-1665.8895298540592,-2163.9650571523234,0.7487304872074355,deadzone
2248,ok,-1665.462109386921,-2159.8029034314677,0.7487304872074355,deadzone
2249,ok,-1664.9575605988503,-2155.7272727666423,0.7487304872074355,deadzone
2250,ok,-1664.437505722046,-2151.584153908305,0.7487304872074355,deadzone
2251,ok,-1663.816930770874,-2147.501089352183,0.7487304872074355,deadzone
2252,ok,-1663.2578901648521,-2143.3941214261577,0.7487304872074355,deadzone
2253,ok,-1662.6333550214767,-2139.322218197398,0.7487304872074355,deadzone
2254,ok,-1661.9975115656853,-2135.2653739629313,0.7487304872074355,deadzone
2255,ok,-1661.3956664800644,-2131.163671749644,0.7487304872074355,deadzone
2256,ok,-1660.702684879303,-2127.0948431668803,0.7487304872074355,deadzone
2257,ok,-1660.0259592533112,-2123.0770390210673,0.7487304872074355,deadzone
2258,ok,-1659.287614285946,-2119.014091747813,0.7487304872074355,deadzone
2259,ok,-1658.6010905504227,-2114.954765575938,0.7487304872074355,deadzone
2260,ok,-1657.7825873494148,-2111.0074882684276,0.7487304872074355,deadzone
2261,ok,-1657.0483006834984,-2106.9978575883433,0.7487304872074355,deadzone
2262,ok,-1656.1680955290794,-2103.052907246165,0.7487304872074355,deadzone
2263,ok,-1655.3781213760376,-2099.106473225169,0.7487304872074355,deadzone
2264,ok,-1654.5488433241844,-2095.1566648660228,0.7487304872074355,deadzone
2265,ok,-1653.6793199777603,-2091.2470023809,0.7487304872074355,deadzone
2266,ok,-1652.7214606404305,-2087.3472035108134,0.7487304872074355,deadzone
2267,ok,-1651.8048659563065,-2083.45944835525,0.7487304872074355,deadzone
2268,ok,-1650.8301317095757,-2079.6259005246684,0.7487304872074355,deadzone
2269,ok,-1649.8576979637146,-2075.7464895425364,0.7487304872074355,deadzone
2270,ok,-1648.8630425930023,-2071.876333492808,0.7487304872074355,deadzone
2271,ok,-1647.7564285993576,-2067.9793720422313,0.7487304872074355,deadzone
2272,ok,-1646.7523888349533,-2064.118959921412,0.7487304872074355,deadzone
2273,ok,-1645.666355729103,-2060.2461586175486,0.7487304872074355,deadzone
2274,ok,-1644.552901506424,-2056.4403405366465,0.7487304872074355,deadzone
2275,ok,-1643.4388233423233,-2052.606425064616,0.7487304872074355,deadzone
2276,ok,-1642.236919760704,-2048.822139519267,0.7487304872074355,deadzone
2277,ok,-1641.0468434095383,-2045.0191641030833,0.7487304872074355,deadzone
2278,ok,-1639.7658307552338,-2041.2756185708568,0.7487304872074355,deadzone
2279,ok,-1638.5782541036606,-2037.4239080129191,0.7487304872074355,deadzone
2280,ok,-1637.2866936922073,-2033.6518898187205,0.7487304872074355,deadzone
2281,ok,-1635.9652699232101,-2029.8430450139567,0.7487304872074355,deadzone
2282,ok,-1634.6676474809647,-2026.065733927302,0.7487304872074355,deadzone
2283,ok,-1633.3507722616196,-2022.3068354306743,0.7487304872074355,deadzone
2284,ok,-1631.9842128753662,-2018.5220921216533,0.7487304872074355,deadzone
2285,ok,-1630.6251674890518,-2014.771865624003,0.7487304872074355,deadzone
2286,ok,-1629.2266725301743,-2011.0073676286265,0.7487304872074355,deadzone
2287,ok,-1627.7329831123352,-2007.3226530728862,0.7487304872074355,deadzone
2288,ok,-1626.17027926445,-2003.6658568559214,0.7487304872074355,deadzone
2289,ok,-1624.6822115182877,-1999.9656944451854,0.7487304872074355,deadzone
2290,ok,-1623.1240538358688,-1996.2320387540385,0.7487304872074355,deadzone
2291,ok,-1621.5649762153625,-1992.6052885232493,0.7487304872074355,deadzone
2292,ok,-1620.0272099971771,-1988.9015135942027,0.7487304872074355,deadzone
2293,ok,-1618.364113330841,-1985.2868414102122,0.7487304872074355,deadzone
2294,ok,-1616.7550591230392,-1981.605383890681,0.7487304872074355,deadzone
2295,ok,-1615.0625766515732,-1978.0124340234324,0.7487304872074355,deadzone
2296,ok,-1613.391083240509,-1974.3655231175944,0.7487304872074355,deadzone
2297,ok,-1611.750077366829,-1970.7321677384898,0.7487304872074355,deadzone
2298,ok,-1609.9563629627228,-1967.1815126119182,0.7487304872074355,deadzone
2299,ok,-1608.213063120842,-1963.6497049508616,0.7487304872074355,deadzone
2300,ok,-1606.4024940729141,-1960.1203932939097,0.7487304872074355,deadzone
2301,ok,-1604.6133481264114,-1956.5768974004313,0.7487304872074355,deadzone
2302,ok,-1602.733620762825,-1953.050019997172,0.7487304872074355,deadzone
2303,ok,-1600.8547011613846,-1949.5207204995677,0.7487304872074355,deadzone
2304,ok,-1598.9659360647202,-1945.9487273870036,0.7487304872074355,deadzone
2305,ok,-1597.0395621061325,-1942.3895905194804,0.7487304872074355,deadzone
2306,ok,-1595.1062216758728,-1938.8076684651896,0.7487304872074355,deadzone
2307,ok,-1593.1605080366135,-1935.2852318463847,0.7487304872074355,deadzone
2308,ok,-1591.2066469192505,-1931.7021300969645,0.7487304872074355,deadzone
2309,ok,-1589.1908900737762,-1928.2084334073588,0.7487304872074355,deadzone
2310,ok,-1587.1554346084595,-1924.7137396512553,0.7487304872074355,deadzone
2311,ok,-1585.1230721473694,-1921.2095971284434,0.7487304872074355,deadzone
2312,ok,-1583.0082790851593,-1917.7196560082957,0.7487304872074355,deadzone
2313,ok,-1580.922617673874,-1914.1968760667369,0.7487304872074355,deadzone
2314,ok,-1578.7500505447388,-1910.7235033689067,0.7487304872074355,deadzone
2315,ok,-1576.6524345874786,-1907.176754492335,0.7487304872074355,deadzone
2316,ok,-1574.4719417095184,-1903.7675869641826,0.7487304872074355,deadzone
2317,ok,-1572.283201932907,-1900.2966587720439,0.7487304872074355,deadzone
2318,ok,-1570.0743198394775,-1896.8272347627208,0.7487304872074355,deadzone
2319,ok,-1567.848408460617,-1893.4048562226817,0.7487304872074355,deadzone
2320,ok,-1565.5248551368713,-1890.0061247525737,0.7487304872074355,deadzone
2321,ok,-1563.2381191253662,-1886.5615697083995,0.7487304872074355,deadzone
2322,ok,-1560.8916656970978,-1883.132280129008,0.7487304872074355,deadzone
2323,ok,-1558.5000162124634,-1879.717619436793,0.7487304872074355,deadzone
2324,ok,-1556.085928440094,-1876.2341602025554,0.7487304872074355,deadzone
2325,ok,-1553.6345624923706,-1872.7453594384715,0.7487304872074355,deadzone
2326,ok,-1551.1138014793396,-1869.310840385966,0.7487304872074355,deadzone
2327,ok,-1548.6185150146484,-1865.7706349072978,0.7487304872074355,deadzone
2328,ok,-1546.0442819595337,-1862.2747368989512,0.7487304872074355,deadzone
2329,ok,-1543.4752748012543,-1858.7535872636363,0.7487304872074355,deadzone
2330,ok,-1540.8824656009674,-1855.2331743417308,0.7487304872074355,deadzone
2331,ok,-1538.2056086063385,-1851.708577173762,0.7487304872074355,deadzone
2332,ok,-1535.4431743621826,-1848.1774339852855,0.7487304872074355,deadzone
2333,ok,-1532.7401702404022,-1844.6266806302592,0.7487304872074355,deadzone
2334,ok,-1529.9426519870758,-1841.10504509788,0.7487304872074355,deadzone
2335,ok,-1527.0582914352417,-1837.5633924184367,0.7487304872074355,deadzone
2336,ok,-1524.1961278915405,-1833.9095959840342,0.7487304872074355,deadzone
2337,ok,-1521.2437303066254,-1830.232241886668,0.7487304872074355,deadzone
2338,ok,-1518.2553119659424,-1826.6165611920878,0.7487304872074355,deadzone
2339,ok,-1515.2721695899963,-1822.9453373132274,0.7487304872074355,deadzone
2340,ok,-1512.2288761138916,-1819.2904191194102,0.7487304872074355,deadzone
2341,ok,-1509.1427819728851,-1815.576231974177,0.7487304872074355,deadzone
2342,ok,-1506.0398666858673,-1811.8982210336253,0.7487304872074355,deadzone
2343,ok,-1502.884339094162,-1808.081949728541,0.7487304872074355,deadzone
2344,ok,-1499.6315507888794,-1804.3416538415477,0.7487304872074355,deadzone
2345,ok,-1496.416113615036,-1800.5450413404033,0.7487304872074355,deadzone
2346,ok,-1493.1282765865326,-1796.7608268437907,0.7487304872074355,deadzone
2347,ok,-1489.8007991313934,-1792.9736843286082,0.7487304872074355,deadzone
2348,ok,-1486.4487426280975,-1789.1521258531138,0.7487304872074355,deadzone
2349,ok,-1483.0273418426514,-1785.3409950910136,0.7487304872074355,deadzone
2350,ok,-1479.6215889453888,-1781.4620418725535,0.7487304872074355,deadzone
2351,ok,-1476.0762073993683,-1777.7056720433757,0.7487304872074355,deadzone
2352,ok,-1472.5532443523407,-1773.8806235967204,0.7487304872074355,deadzone
2353,ok,-1469.042162179947,-1770.0037548718974,0.7487304872074355,deadzone
2354,ok,-1465.371253490448,-1766.2321491418406,0.7487304872074355,deadzone
2355,ok,-1461.7370612621307,-1762.225362795405,0.7487304872074355,deadzone
2356,ok,-1457.961353302002,-1758.2732849298045,0.7487304872074355,deadzone
2357,ok,-1454.1619477272034,-1754.2777548013255,0.7487304872074355,deadzone
2358,ok,-1450.259783744812,-1750.2968273339793,0.7487304872074355,deadzone
2359,ok,-1446.2949481010437,-1746.200707453303,0.7487304872074355,deadzone
2360,ok,-1442.263207435608,-1742.1016173539683,0.7487304872074355,deadzone
2361,ok,-1438.188696861267,-1738.048731344752,0.7487304872074355,deadzone
2362,ok,-1434.027018547058,-1733.9701190171763,0.7487304872074355,deadzone
2363,ok,-1429.8336300849915,-1729.90049554687,0.7487304872074355,deadzone
2364,ok,-1425.5915188789368,-1725.7563691316172,0.7487304872074355,deadzone
2365,ok,-1421.268409729004,-1721.6814217744395,0.7487304872074355,deadzone
2366,ok,-1416.9749627113342,-1717.5048937974498,0.7487304872074355,deadzone
2367,ok,-1412.5916299819946,-1713.3712005792186,0.7487304872074355,deadzone
2368,ok,-1408.1723537445068,-1709.2034487901255,0.7487304872074355,deadzone
2369,ok,-1403.6736769676208,-1705.0963874040172,0.7487304872074355,deadzone
2370,ok,-1399.1617212295532,-1700.9351325212047,0.7487304872074355,deadzone
2371,ok,-1394.604627609253,-1696.7416410623118,0.7487304872074355,deadzone
2372,ok,-1389.9540910720825,-1692.5989175019786,0.7487304872074355,deadzone
2373,ok,-1385.2806634902954,-1688.3733425317332,0.7487304872074355,deadzone
2374,ok,-1380.5143189430237,-1684.248983877711,0.7487304872074355,deadzone
2375,ok,-1375.7384023666382,-1680.0367193398997,0.7487304872074355,deadzone
2376,ok,-1370.8646259307861,-1675.9493518052623,0.7487304872074355,deadzone
2377,ok,-1365.9967255592346,-1671.7008805451915,0.7487304872074355,deadzone
2378,ok,-1361.0032901763916,-1667.5874996362254,0.7487304872074355,deadzone
2379,ok,-1356.020975112915,-1663.3721890626475,0.7487304872074355,deadzone
2380,ok,-1350.981538772583,-1659.197554606013,0.7487304872074355,deadzone
2381,ok,-1345.924533367157,-1654.9294262109324,0.7487304872074355,deadzone
2382,ok,-1340.809739112854,-1650.7782740769908,0.7487304872074355,deadzone
2383,ok,-1335.605863571167,-1646.5918860612437,0.7487304872074355,deadzone
2384,ok,-1330.4003038406372,-1642.361514586024,0.7487304872074355,deadzone
2385,ok,-1325.1090755462646,-1638.1687231240794,0.7487304872074355,deadzone
2386,ok,-1319.7646794319153,-1633.9453535256907,0.7487304872074355,deadzone
2387,ok,-1314.3733859062195,-1629.7625966249034,0.7487304872074355,deadzone
2388,ok,-1308.8883934020996,-1625.5136089501902,0.7487304872074355,deadzone
2389,ok,-1303.376721382141,-1621.2704940019175,0.7487304872074355,deadzone
2390,ok,-1297.860682964325,-1617.0621514497325,0.7487304872074355,deadzone
2391,ok,-1292.2607235908508,-1612.920952337794,0.7487304872074355,deadzone
2392,ok,-1286.6207447052002,-1608.641670721583,0.7487304872074355,deadzone
2393,ok,-1280.8433713912964,-1604.4832668481395,0.7487304872074355,deadzone
2394,ok,-1275.0609560012817,-1600.2131500421092,0.7487304872074355,deadzone
2395,ok,-1269.19242477417,-1595.9755759416148,0.7487304872074355,deadzone
2396,ok,-1263.2931838035583,-1591.748209494166,0.7487304872074355,deadzone
2397,ok,-1257.3344526290894,-1587.614658373408,0.7487304872074355,deadzone
2398,ok,-1251.3159856796265,-1583.3923812089488,0.7487304872074355,deadzone
2399,ok,-1245.2676033973694,-1579.2215776620433,0.7487304872074355,deadzone
2400,ok,-1239.1753950119019,-1575.089788931422,0.7487304872074355,deadzone
2401,ok,-1233.037950515747,-1570.937285440974,0.7487304872074355,deadzone
2402,ok,-1226.8676581382751,-1566.7546167550609,0.7487304872074355,deadzone
2403,ok,-1220.656494140625,-1562.747449892573,0.7487304872074355,deadzone
2404,ok,-1214.3661804199219,-1558.7119188485667,0.7487304872074355,deadzone
2405,ok,-1208.1011776924133,-1554.6054220376536,0.7487304872074355,deadzone
2406,ok,-1201.7429113388062,-1550.5605397401378,0.7487304872074355,deadzone
2407,ok,-1195.3596801757812,-1546.5202684579417,0.7487304872074355,deadzone
2408,ok,-1188.9834504127502,-1542.494622248225,0.7487304872074355,deadzone
2409,ok,-1182.4465155601501,-1538.5334742246196,0.7487304872074355,deadzone
2410,ok,-1175.9345297813416,-1534.4201147733256,0.7487304872074355,deadzone
2411,ok,-1169.3760390281677,-1530.4431474385783,0.7487304872074355,deadzone
2412,ok,-1162.7393469810486,-1526.557117718272,0.7487304872074355,deadzone
2413,ok,-1156.1392993927002,-1522.5800590692088,0.7487304872074355,deadzone
2414,ok,-1149.4631929397583,-1518.7351248441264,0.7487304872074355,deadzone
2415,ok,-1142.7406911849976,-1514.8375437436625,0.7487304872074355,deadzone
2416,ok,-1135.992726802826,-1511.0450575528666,0.7487304872074355,deadzone
2417,ok,-1129.1836667060852,-1507.1821875749156,0.7487304872074355,deadzone
2418,ok,-1122.2999863624573,-1503.3660249887034,0.7487304872074355,deadzone
2419,ok,-1115.428897857666,-1499.5839388547465,0.7487304872074355,deadzone
2420,ok,-1108.4965515136719,-1495.812138098292,0.7487304872074355,deadzone
2421,ok,-1101.5308585166931,-1492.0050416169688,0.7487304872074355,deadzone
2422,ok,-1094.472641468048,-1488.295939940028,0.7487304872074355,deadzone
2423,ok,-1087.4138803482056,-1484.5276622949168,0.7487304872074355,deadzone
2424,ok,-1080.3544425964355,-1480.808047789149,0.7487304872074355,deadzone
2425,ok,-1073.1783194541931,-1477.1285066781566,0.7487304872074355,deadzone
2426,ok,-1066.0199313163757,-1473.5323553262278,0.7487304872074355,deadzone
2427,ok,-1058.8700437545776,-1469.864959734492,0.7487304872074355,deadzone
2428,ok,-1051.6490573883057,-1466.2606525598094,0.7487304872074355,deadzone
2429,ok,-1044.405023574829,-1462.7146644769236,0.7487304872074355,deadzone
2430,ok,-1037.0624499320984,-1459.1551635442302,0.7487304872074355,deadzone
2431,ok,-1029.726095199585,-1455.6377804456279,0.7487304872074355,deadzone
2432,ok,-1022.396607875824,-1452.1413147626445,0.7487304872074355,deadzone
2433,ok,-1014.9676141738892,-1448.7095091519877,0.7487304872074355,deadzone
2434,ok,-1007.5344171524048,-1445.350303429179,0.7487304872074355,deadzone
2435,ok,-1000.0836997032166,-1441.922361630015,0.7487304872074355,deadzone
2436,ok,-992.5953621864319,-1438.527065771632,0.7487304872074355,deadzone
2437,ok,-984.978334903717,-1435.1199741540477,0.7487304872074355,deadzone
2438,ok,-977.4115419387817,-1431.7325883088633,0.7487304872074355,deadzone
2439,ok,-969.7469248771667,-1428.4625935731456,0.7487304872074355,deadzone
2440,ok,-962.0968227386475,-1425.1645636735484,0.7487304872074355,deadzone
2441,ok,-954.3965668678284,-1421.9133348641917,0.7487304872074355,deadzone
2442,ok,-946.638991355896,-1418.7221965966746,0.7487304872074355,deadzone
2443,ok,-938.89564037323,-1415.481137293391,0.7487304872074355,deadzone
2444,ok,-931.1246204376221,-1412.243843334727,0.7487304872074355,deadzone
2445,ok,-923.289954662323,-1409.1359026608989,0.7487304872074355,deadzone
2446,ok,-915.3840084075928,-1405.9901592908427,0.7487304872074355,deadzone
2447,ok,-907.4196128845215,-1402.8682811437175,0.7487304872074355,deadzone
2448,ok,-899.4486541748047,-1399.747876423411,0.7487304872074355,deadzone
2449,ok,-891.4148397445679,-1396.6908853230998,0.7487304872074355,deadzone
2450,ok,-883.3454322814941,-1393.6334359822795,0.7487304872074355,deadzone
2451,ok,-875.2212867736816,-1390.5597875295207,0.7487304872074355,deadzone
2452,ok,-867.0669422149658,-1387.553666847758,0.7487304872074355,deadzone
2453,ok,-858.8815679550171,-1384.6116016088054,0.7487304872074355,deadzone
2454,ok,-850.6880826950073,-1381.6702258763835,0.7487304872074355,deadzone
2455,ok,-842.4162683486938,-1378.7905790982768,0.7487304872074355,deadzone
2456,ok,-834.1696100234985,-1375.8826241670176,0.7487304872074355,deadzone
2457,ok,-825.8376913070679,-1373.0872984109446,0.7487304872074355,deadzone
2458,ok,-817.4863624572754,-1370.1668248353526,0.7487304872074355,deadzone
2459,ok,-809.1580944061279,-1367.451533335261,0.7487304872074355,deadzone
2460,ok,-800.7742300033569,-1364.7260513482615,0.7487304872074355,deadzone
2461,ok,-792.4392518997192,-1362.0114007173106,0.7487304872074355,deadzone
2462,ok,-784.0879907608032,-1359.3249211488292,0.7487304872074355,deadzone
2463,ok,-775.7814311981201,-1356.832152622752,0.7487304872074355,deadzone
2464,ok,-767.5161781311035,-1354.257411497645,0.7487304872074355,deadzone
2465,ok,-759.2720060348511,-1351.8597893891856,0.7487304872074355,deadzone
2466,ok,-751.016547203064,-1349.4525876222178,0.7487304872074355,deadzone
2467,ok,-742.7686176300049,-1347.103518503718,0.7487304872074355,deadzone
2468,ok,-734.5365133285522,-1344.810772436671,0.7487304872074355,deadzone
2469,ok,-726.3195457458496,-1342.5806255517527,0.7487304872074355,deadzone
2470,ok,-718.076831817627,-1340.4023578343913,0.7487304872074355,deadzone
2471,ok,-709.8750696182251,-1338.2331075845286,0.7487304872074355,deadzone
2472,ok,-701.6378107070923,-1336.1289048371837,0.7487304872074355,deadzone
2473,ok,-693.4511499404907,-1334.0568275628611,0.7487304872074355,deadzone
2474,ok,-685.2672863006592,-1331.9109406648204,0.7487304872074355,deadzone
2475,ok,-677.1039543151855,-1329.9135632691905,0.7487304872074355,deadzone
2476,ok,-668.9190053939819,-1327.9670927701518,0.7487304872074355,deadzone
2477,ok,-660.7471313476562,-1326.0194788156077,0.7487304872074355,deadzone
2478,ok,-652.6557693481445,-1324.1022420106456,0.7487304872074355,deadzone
2479,ok,-644.5710401535034,-1322.2871481357142,0.7487304872074355,deadzone
2480,ok,-636.5200538635254,-1320.517007487826,0.7487304872074355,deadzone
2481,ok,-628.4271507263184,-1318.70784928184,0.7487304872074355,deadzone
2482,ok,-620.3317775726318,-1317.0018302379176,0.7487304872074355,deadzone
2483,ok,-612.2358856201172,-1315.1708620963618,0.7487304872074355,deadzone
2484,ok,-604.0911436080933,-1313.5875770030543,0.7487304872074355,deadzone
2485,ok,-595.9378709793091,-1311.945799487643,0.7487304872074355,deadzone
2486,ok,-587.9011135101318,-1310.4266625819728,0.7487304872074355,deadzone
2487,ok,-579.7732620239258,-1308.9928307710215,0.7487304872074355,deadzone
2488,ok,-571.7648029327393,-1307.4941849885508,0.7487304872074355,deadzone
2489,ok,-563.6615371704102,-1306.1199313579127,0.7487304872074355,deadzone
2490,ok,-555.6698851585388,-1304.744271892123,0.7487304872074355,deadzone
2491,ok,-547.6007657051086,-1303.3581316648051,0.7487304872074355,deadzone
2492,ok,-539.6286540031433,-1302.136300819926,0.7487304872074355,deadzone
2493,ok,-531.6522583961487,-1300.7520168004557,0.7487304872074355,deadzone
2494,ok,-523.6416602134705,-1299.4954319177195,0.7487304872074355,deadzone
2495,ok,-515.6374545097351,-1298.2324139056727,0.7487304872074355,deadzone
2496,ok,-507.6648874282837,-1296.9829424796626,0.7487304872074355,deadzone
2497,ok,-499.71147108078003,-1295.782624620013,0.7487304872074355,deadzone
2498,ok,-491.75265407562256,-1294.6219575582072,0.7487304872074355,deadzone
2499,ok,-483.84869861602783,-1293.487271326594,0.7487304872074355,deadzone
2500,ok,-475.97828102111816,-1292.3719558892772,0.7487304872074355,deadzone
2501,ok,-468.1173429489136,-1291.3971408782527,0.7487304872074355,deadzone
2502,ok,-460.2905282974243,-1290.3417660174891,0.7487304872074355,deadzone
2503,ok,-452.4402103424072,-1289.297312634997,0.7487304872074355,deadzone
2504,ok,-444.6481065750122,-1288.300828772597,0.7487304872074355,deadzone
2505,ok,-436.87952041625977,-1287.3555627046153,0.7487304872074355,deadzone
2506,ok,-429.1452989578247,-1286.3570214090869,0.7487304872074355,deadzone
2507,ok,-421.44121503829956,-1285.44127877336,0.7487304872074355,deadzone
2508,ok,-413.74401664733887,-1284.553106742911,0.7487304872074355,deadzone
2509,ok,-406.17042207717896,-1283.6316949902102,0.7487304872074355,deadzone
2510,ok,-398.6086320877075,-1282.8040066538379,0.7487304872074355,deadzone
2511,ok,-391.09565782546997,-1281.9533608732745,0.7487304872074355,deadzone
2512,ok,-383.62264490127563,-1281.1499702511355,0.7487304872074355,deadzone
2513,ok,-376.18345880508423,-1280.2980467854068,0.7487304872074355,deadzone
2514,ok,-368.76130199432373,-1279.38909979444,0.7487304872074355,deadzone
2515,ok,-361.34744596481323,-1278.6529948888347,0.7487304872074355,deadzone
2516,ok,-353.9456162452698,-1277.8492053924128,0.7487304872074355,deadzone
2517,ok,-346.6058759689331,-1277.1232453761622,0.7487304872074355,deadzone
2518,ok,-339.2590594291687,-1276.3476841030642,0.7487304872074355,deadzone
2519,ok,-332.0107970237732,-1275.6379475174472,0.7487304872074355,deadzone
2520,ok,-324.73429918289185,-1274.8546124873683,0.7487304872074355,deadzone
2521,ok,-317.5612688064575,-1274.231651562266,0.7487304872074355,deadzone
2522,ok,-310.3722925186157,-1273.5407713232562,0.7487304872074355,deadzone
2523,ok,-303.2505712509155,-1272.9520221529528,0.7487304872074355,deadzone
2524,ok,-296.1499276161194,-1272.3313185749575,0.7487304872074355,deadzone
2525,ok,-289.0912699699402,-1271.752105194144,0.7487304872074355,deadzone
2526,ok,-282.0455393791199,-1271.1047381935641,0.7487304872074355,deadzone
2527,ok,-275.04165172576904,-1270.5583727536723,0.7487304872074355,deadzone
2528,ok,-268.06698083877563,-1269.947603779845,0.7487304872074355,deadzone
2529,ok,-261.1615090370178,-1269.4373828945681,0.7487304872074355,deadzone
2530,ok,-254.22889614105225,-1268.8943882165477,0.7487304872074355,deadzone
2531,ok,-247.37397241592407,-1268.3356100497767,0.7487304872074355,deadzone
2532,ok,-240.5459065437317,-1267.8327260194346,0.7487304872074355,deadzone
2533,ok,-233.74739360809326,-1267.3496051607653,0.7487304872074355,deadzone
2534,ok,-226.9377498626709,-1266.8609826443717,0.7487304872074355,deadzone
2535,ok,-220.17093133926392,-1266.4357581613585,0.7487304872074355,deadzone
2536,ok,-213.47559070587158,-1265.9779337225482,0.7487304872074355,deadzone
2537,ok,-206.7454376220703,-1265.5392273841426,0.7487304872074355,deadzone
2538,ok,-200.12739896774292,-1265.176279800944,0.7487304872074355,deadzone
2539,ok,-193.4860692024231,-1264.7784864483401,0.7487304872074355,deadzone
2540,ok,-186.92288398742676,-1264.3427780447528,0.7487304872074355,deadzone
2541,ok,-180.35635995864868,-1263.9833902893588,0.7487304872074355,deadzone
2542,ok,-173.7778205871582,-1263.71443228703,0.7487304872074355,deadzone
2543,ok,-167.24185276031494,-1263.3651985703036,0.7487304872074355,deadzone
2544,ok,-160.71270084381104,-1263.0582940159366,0.7487304872074355,deadzone
2545,ok,-154.2037868499756,-1262.6952852783725,0.7487304872074355,deadzone
2546,ok,-147.74384355545044,-1262.4388837097213,0.7487304872074355,deadzone
2547,ok,-141.30378484725952,-1262.185560929589,0.7487304872074355,deadzone
2548,ok,-134.9229006767273,-1261.8727853773162,0.7487304872074355,deadzone
2549,ok,-128.50616693496704,-1261.6452321438119,0.7487304872074355,deadzone
2550,ok,-122.14701223373413,-1261.4631293890998,0.7487304872074355,deadzone
2551,ok,-115.76208448410034,-1261.2850970504805,0.7487304872074355,deadzone
2552,ok,-109.44399738311768,-1261.0947381583974,0.7487304872074355,deadzone
2553,ok,-103.0876293182373,-1260.971937882714,0.7487304872074355,deadzone
2554,ok,-96.78160333633423,-1260.7455326644704,0.7487304872074355,deadzone
2555,ok,-90.49856567382812,-1260.6643046019599,0.7487304872074355,deadzone
2556,ok,-84.21374130249023,-1260.5973031027243,0.7487304872074355,deadzone
2557,ok,-77.98850440979004,-1260.4663278264925,0.7487304872074355,deadzone
2558,ok,-71.76807308197021,-1260.4624398006126,0.7487304872074355,deadzone
2559,ok,-65.60173559188843,-1260.3983978210017,0.7487304872074355,deadzone
2560,ok,-59.40673303604126,-1260.3053484810516,0.7487304872074355,deadzone
2561,ok,-53.274399280548096,-1260.2692527575418,0.7487304872074355,deadzone
2562,ok,-47.148250102996826,-1260.2126522166654,0.7487304872074355,deadzone
2563,ok,-41.04749011993408,-1260.243508378975,0.7487304872074355,deadzone
2564,ok,-34.98887538909912,-1260.2809189660475,0.7487304872074355,deadzone
2565,ok,-28.92060375213623,-1260.2729381127283,0.7487304872074355,deadzone
2566,ok,-22.801578998565674,-1260.3475990770385,0.7487304872074355,deadzone
2567,ok,-16.743910312652588,-1260.36063370388,0.7487304872074355,deadzone
2568,ok,-10.716742992401123,-1260.437832842581,0.7487304872074355,deadzone
2569,ok,-4.740982532501221,-1260.4689125521109,0.7487304872074355,deadzone
2570,ok,1.236722469329834,-1260.5597369773313,0.7487304872074355,deadzone
2571,ok,7.2191033363342285,-1260.6431098533794,0.7487304872074355,deadzone
2572,ok,13.135090351104736,-1260.8140621138737,0.7487304872074355,deadzone
2573,ok,19.05672836303711,-1260.8773693991825,0.7487304872074355,deadzone
2574,ok,24.930907726287842,-1261.0499469889328,0.7487304872074355,deadzone
2575,ok,30.840678215026855,-1261.1511087073013,0.7487304872074355,deadzone
2576,ok,36.717243671417236,-1261.2551462752745,0.7487304872074355,deadzone
2577,ok,42.56987714767456,-1261.3970426423475,0.7487304872074355,deadzone
2578,ok,48.42495536804199,-1261.503845105879,0.7487304872074355,deadzone
2579,ok,54.25655221939087,-1261.7267049355432,0.7487304872074355,deadzone
2580,ok,60.101426124572754,-1261.8321068687364,0.7487304872074355,deadzone
2581,ok,65.9548110961914,-1262.0418018503115,0.7487304872074355,deadzone
2582,ok,71.75953435897827,-1262.2136525167152,0.7487304872074355,deadzone
2583,ok,77.49643516540527,-1262.414820308797,0.7487304872074355,deadzone
2584,ok,83.30747699737549,-1262.6921837283298,0.7487304872074355,deadzone
2585,ok,89.11437940597534,-1262.8776132864878,0.7487304872074355,deadzone
2586,ok,94.87344026565552,-1263.1763639254496,0.7487304872074355,deadzone
2587,ok,100.65777826309204,-1263.4245021147653,0.7487304872074355,deadzone
2588,ok,106.3788332939148,-1263.630838255398,0.7487304872074355,deadzone
2589,ok,112.12605857849121,-1263.9124979181215,0.7487304872074355,deadzone
2590,ok,117.82401514053345,-1264.1656138105318,0.7487304872074355,deadzone
2591,ok,123.52393817901611,-1264.4438570840284,0.7487304872074355,deadzone
2592,ok,129.16143798828125,-1264.8429515762255,0.7487304872074355,deadzone
2593,ok,134.84786415100098,-1265.1090095741674,0.7487304872074355,deadzone
2594,ok,140.4657392501831,-1265.504492471926,0.7487304872074355,deadzone
2595,ok,146.0561375617981,-1265.8722964925691,0.7487304872074355,deadzone
2596,ok,151.62670278549194,-1266.1993354959413,0.7487304872074355,deadzone
2597,ok,157.1240315437317,-1266.5086264414713,0.7487304872074355,deadzone
2598,ok,162.6417088508606,-1266.8431826932356,0.7487304872074355,deadzone
2599,ok,168.0776491165161,-1267.219444106333,0.7487304872074355,deadzone
2600,ok,173.5911545753479,-1267.5638234717771,0.7487304872074355,deadzone
2601,ok,179.0033483505249,-1267.9211595756933,0.7487304872074355,deadzone
2602,ok,184.37951803207397,-1268.386990676634,0.7487304872074355,deadzone
2603,ok,189.81282234191895,-1268.718805055134,0.7487304872074355,deadzone
2604,ok,195.1942262649536,-1269.149507026188,0.7487304872074355,deadzone
2605,ok,200.51636409759521,-1269.6429863376543,0.7487304872074355,deadzone
2606,ok,205.88866138458252,-1269.9667941732332,0.7487304872074355,deadzone
2607,ok,211.2230362892151,-1270.4340850217268,0.7487304872074355,deadzone
2608,ok,216.5844931602478,-1270.8515895707533,0.7487304872074355,deadzone
2609,ok,221.89225006103516,-1271.3761400086805,0.7487304872074355,deadzone
2610,ok,227.20423316955566,-1271.803944508545,0.7487304872074355,deadzone
2611,ok,232.50998878479004,-1272.3216135306284,0.7487304872074355,deadzone
2612,ok,237.78588390350342,-1272.7050056857988,0.7487304872074355,deadzone
2613,ok,243.0681552886963,-1273.2681917352602,0.7487304872074355,deadzone
2614,ok,248.3322033882141,-1273.703609625809,0.7487304872074355,deadzone
2615,ok,253.54598331451416,-1274.2194471163675,0.7487304872074355,deadzone
2616,ok,258.83791875839233,-1274.7118266923353,0.7487304872074355,deadzone
2617,ok,264.03525829315186,-1275.1964015467092,0.7487304872074355,deadzone
2618,ok,269.2323327064514,-1275.832645307295,0.7487304872074355,deadzone
2619,ok,274.46595573425293,-1276.3389771683142,0.7487304872074355,deadzone
2620,ok,279.66444158554077,-1276.925272594206,0.7487304872074355,deadzone
2621,ok,284.8543653488159,-1277.4761914713308,0.7487304872074355,deadzone
2622,ok,290.0041742324829,-1277.9605119926855,0.7487304872074355,deadzone
2623,ok,295.1964144706726,-1278.5455679399893,0.7487304872074355,deadzone
2624,ok,300.34518098831177,-1279.0630246503279,0.7487304872074355,deadzone
2625,ok,305.4890651702881,-1279.6168130142614,0.7487304872074355,deadzone
2626,ok,310.6203942298889,-1280.2202507955953,0.7487304872074355,deadzone
2627,ok,315.7982110977173,-1280.7852431638166,0.7487304872074355,deadzone
2628,ok,320.9032278060913,-1281.3625617129728,0.7487304872074355,deadzone
2629,ok,326.01641845703125,-1282.0084117157385,0.7487304872074355,deadzone
2630,ok,331.15894412994385,-1282.5565119488165,0.7487304872074355,deadzone
2631,ok,336.2675929069519,-1283.3212961060926,0.7487304872074355,deadzone
2632,ok,341.4273819923401,-1283.9103207690641,0.7487304872074355,deadzone
2633,ok,346.59638118743896,-1284.5963702304289,0.7487304872074355,deadzone
2634,ok,351.75208377838135,-1285.2237430913374,0.7487304872074355,deadzone
2635,ok,356.8846583366394,-1285.902072857134,0.7487304872074355,deadzone
2636,ok,362.05778312683105,-1286.602528761141,0.7487304872074355,deadzone
2637,ok,367.12601041793823,-1287.276598523371,0.7487304872074355,deadzone
2638,ok,372.25151109695435,-1287.9736756188795,0.7487304872074355,deadzone
2639,ok,377.3412961959839,-1288.6628498537466,0.7487304872074355,deadzone
2640,ok,382.4419059753418,-1289.3238731725141,0.7487304872074355,deadzone
2641,ok,387.52545738220215,-1290.04501409363,0.7487304872074355,deadzone
2642,ok,392.6319155693054,-1290.7013090951368,0.7487304872074355,deadzone
2643,ok,397.63920497894287,-1291.344529996626,0.7487304872074355,deadzone
2644,ok,402.69374322891235,-1292.018604288809,0.7487304872074355,deadzone
2645,ok,407.6545991897583,-1292.6492843730375,0.7487304872074355,deadzone
2646,ok,412.634840965271,-1293.3480865461752,0.7487304872074355,deadzone
2647,ok,417.60025548934937,-1293.9798794491217,0.7487304872074355,deadzone
2648,ok,422.52431440353394,-1294.7096886141226,0.7487304872074355,deadzone
2649,ok,427.50349283218384,-1295.3434855444357,0.7487304872074355,deadzone
2650,ok,432.4103193283081,-1296.0496189696714,0.7487304872074355,deadzone
2651,ok,437.38720417022705,-1296.7553549511358,0.7487304872074355,deadzone
2652,ok,442.2342834472656,-1297.461326549761,0.7487304872074355,deadzone
2653,ok,447.1786632537842,-1298.2043375475332,0.7487304872074355,deadzone
2654,ok,452.0563917160034,-1298.9167524082586,0.7487304872074355,deadzone
2655,ok,456.92091035842896,-1299.5881133181974,0.7487304872074355,deadzone
2656,ok,461.7473921775818,-1300.3952691061422,0.7487304872074355,deadzone
2657,ok,466.64735221862793,-1301.1292179925367,0.7487304872074355,deadzone
2658,ok,471.50751399993896,-1301.9312437875196,0.7487304872074355,deadzone
2659,ok,476.40067625045776,-1302.7302454812452,0.7487304872074355,deadzone
2660,ok,481.2618179321289,-1303.4835854871199,0.7487304872074355,deadzone
2661,ok,486.0856308937073,-1304.2906240327284,0.7487304872074355,deadzone
2662,ok,490.9744415283203,-1305.0690773827955,0.7487304872074355,deadzone
2663,ok,495.7614550590515,-1305.8140075309202,0.7487304872074355,deadzone
2664,ok,500.5607452392578,-1306.621264169924,0.7487304872074355,deadzone
2665,ok,505.40217638015747,-1307.382076810114,0.7487304872074355,deadzone
2666,ok,510.1793694496155,-1308.2107858760282,0.7487304872074355,deadzone
2667,ok,515.0063352584839,-1308.9745042426512,0.7487304872074355,deadzone
2668,ok,519.793888092041,-1309.7914270861074,0.7487304872074355,deadzone
2669,ok,524.597855091095,-1310.581584344618,0.7487304872074355,deadzone
2670,ok,529.3489093780518,-1311.3756341440603,0.7487304872074355,deadzone
2671,ok,534.0461239814758,-1312.1734512550756,0.7487304872074355,deadzone
2672,ok,538.8036804199219,-1313.0198265416548,0.7487304872074355,deadzone
2673,ok,543.5137252807617,-1313.7983703715727,0.7487304872074355,deadzone
2674,ok,548.2167806625366,-1314.6728292806074,0.7487304872074355,deadzone
2675,ok,552.9377484321594,-1315.490242849104,0.7487304872074355,deadzone
2676,ok,557.6454567909241,-1316.3217598898336,0.7487304872074355,deadzone
2677,ok,562.3605031967163,-1317.166821966879,0.7487304872074355,deadzone
2678,ok,567.039767742157,-1318.061644027941,0.7487304872074355,deadzone
2679,ok,571.6906385421753,-1318.8927776915953,0.7487304872074355,deadzone
2680,ok,576.3183779716492,-1319.7350708944723,0.7487304872074355,deadzone
2681,ok,580.9118871688843,-1320.579775522463,0.7487304872074355,deadzone
2682,ok,585.5575485229492,-1321.4188614590093,0.7487304872074355,deadzone
2683,ok,590.1821002960205,-1322.244268069975,0.7487304872074355,deadzone
2684,ok,594.8180055618286,-1323.1126896841452,0.7487304872074355,deadzone
2685,ok,599.4010901451111,-1323.9663142664358,0.7487304872074355,deadzone
2686,ok,603.9942936897278,-1324.8785699708387,0.7487304872074355,deadzone
2687,ok,608.5924248695374,-1325.757015238516,0.7487304872074355,deadzone
2688,ok,613.1653952598572,-1326.7071834905073,0.7487304872074355,deadzone
2689,ok,617.667585849762,-1327.5243314011022,0.7487304872074355,deadzone
2690,ok,622.1958074569702,-1328.4207925302908,0.7487304872074355,deadzone
2691,ok,626.6662573814392,-1329.2785014016554,0.7487304872074355,deadzone
2692,ok,631.1112308502197,-1330.1295653684065,0.7487304872074355,deadzone
2693,ok,635.5199127197266,-1330.9825502140447,0.7487304872074355,deadzone
2694,ok,639.946747303009,-1331.8272016150877,0.7487304872074355,deadzone
2695,ok,644.3782796859741,-1332.6715796692297,0.7487304872074355,deadzone
2696,ok,648.756103515625,-1333.5190879208967,0.7487304872074355,deadzone
2697,ok,653.0656499862671,-1334.3975390894338,0.7487304872074355,deadzone
2698,ok,657.3930230140686,-1335.1914705736563,0.7487304872074355,deadzone
2699,ok,661.4601392745972,-1336.05222756695,0.7487304872074355,deadzone
2700,ok,665.574770450592,-1336.753705332987,0.7487304872074355,deadzone
2701,ok,669.7241435050964,-1337.623286078684,0.7487304872074355,deadzone
2702,ok,673.8047389984131,-1338.3731958372518,0.7487304872074355,deadzone
2703,ok,678.0656552314758,-1339.1737051708624,0.7487304872074355,deadzone
2704,ok,682.3137845993042,-1340.0073177320883,0.7487304872074355,deadzone
2705,ok,686.5900926589966,-1340.8456080658361,0.7487304872074355,deadzone
2706,ok,690.8862519264221,-1341.7049815161154,0.7487304872074355,deadzone
2707,ok,695.0768857002258,-1342.563564072363,0.7487304872074355,deadzone
2708,ok,699.3411502838135,-1343.4100812776014,0.7487304872074355,deadzone
2709,ok,703.5573830604553,-1344.3017366630957,0.7487304872074355,deadzone
2710,ok,707.8102669715881,-1345.2115112049505,0.7487304872074355,deadzone
2711,ok,712.0351462364197,-1346.119857559912,0.7487304872074355,deadzone
2712,ok,716.3190031051636,-1347.0454197032377,0.7487304872074355,deadzone
2713,ok,720.5677690505981,-1347.9755552513525,0.7487304872074355,deadzone
2714,ok,724.8596243858337,-1348.923158059828,0.7487304872074355,deadzone
2715,ok,729.1722273826599,-1349.897769938223,0.7487304872074355,deadzone
2716,ok,733.4648475646973,-1350.855274866335,0.7487304872074355,deadzone
2717,ok,737.6907157897949,-1351.8030187590048,0.7487304872074355,deadzone
2718,ok,741.9225163459778,-1352.7712658150122,0.7487304872074355,deadzone
2719,ok,746.1174144744873,-1353.7040905458853,0.7487304872074355,deadzone
2720,ok,750.3527584075928,-1354.7099343044683,0.7487304872074355,deadzone
2721,ok,754.5779156684875,-1355.5534730060026,0.7487304872074355,deadzone
2722,ok,758.7630977630615,-1356.5427125794813,0.7487304872074355,deadzone
2723,ok,763.0030193328857,-1357.469843636267,0.7487304872074355,deadzone
2724,ok,767.1859135627747,-1358.404462586157,0.7487304872074355,deadzone
2725,ok,771.3806023597717,-1359.4365620715544,0.7487304872074355,deadzone
2726,ok,775.5389604568481,-1360.38703412842,0.7487304872074355,deadzone
2727,ok,779.6838707923889,-1361.3713290793821,0.7487304872074355,deadzone
2728,ok,783.9189229011536,-1362.298101673834,0.7487304872074355,deadzone
2729,ok,788.0209288597107,-1363.307500015013,0.7487304872074355,deadzone
2730,ok,792.1708836555481,-1364.220580230467,0.7487304872074355,deadzone
2731,ok,796.2901926040649,-1365.2454462153837,0.7487304872074355,deadzone
2732,ok,800.4399013519287,-1366.1926075322554,0.7487304872074355,deadzone
2733,ok,804.567620754242,-1367.063720474951,0.7487304872074355,deadzone
2734,ok,808.6140208244324,-1368.1129248244688,0.7487304872074355,deadzone
2735,ok,812.7317652702332,-1368.9402507049963,0.7487304872074355,deadzone
2736,ok,816.8217458724976,-1369.9192374451086,0.7487304872074355,deadzone
2737,ok,820.9465641975403,-1370.8519751532003,0.7487304872074355,deadzone
2738,ok,825.1744093894958,-1371.8067337973043,0.7487304872074355,deadzone
2739,ok,829.3585619926453,-1372.8173140985891,0.7487304872074355,deadzone
2740,ok,833.5375928878784,-1373.761631081812,0.7487304872074355,deadzone
2741,ok,837.7796535491943,-1374.764167974703,0.7487304872074355,deadzone
2742,ok,842.0270495414734,-1375.7507245047018,0.7487304872074355,deadzone
2743,ok,846.27494764328,-1376.629891286604,0.7487304872074355,deadzone
2744,ok,850.5726175308228,-1377.6405055625364,0.7487304872074355,deadzone
2745,ok,854.8172445297241,-1378.6873357398435,0.7487304872074355,deadzone
2746,ok,859.1145658493042,-1379.620269487612,0.7487304872074355,deadzone
2747,ok,863.4654998779297,-1380.6307684881613,0.7487304872074355,deadzone
2748,ok,867.8131666183472,-1381.5887034637854,0.7487304872074355,deadzone
2749,ok,872.2464981079102,-1382.558418522589,0.7487304872074355,deadzone
2750,ok,876.6631255149841,-1383.5855715377256,0.7487304872074355,deadzone
2751,ok,881.1326398849487,-1384.5933373076841,0.7487304872074355,deadzone
2752,ok,885.6054558753967,-1385.5954665048048,0.7487304872074355,deadzone
2753,ok,890.0733842849731,-1386.6080972058699,0.7487304872074355,deadzone
2754,ok,894.6260585784912,-1387.5947215063497,0.7487304872074355,deadzone
2755,ok,899.1074562072754,-1388.6173002226278,0.7487304872074355,deadzone
2756,ok,903.6941208839417,-1389.6141089899465,0.7487304872074355,deadzone
2757,ok,908.254490852356,-1390.7074883682653,0.7487304872074355,deadzone
2758,ok,912.8782734870911,-1391.7851045830175,0.7487304872074355,deadzone
2759,ok,917.512460231781,-1392.869214723818,0.7487304872074355,deadzone
2760,ok,922.1675353050232,-1393.970810602419,0.7487304872074355,deadzone
2761,ok,926.8409481048584,-1394.9755544168875,0.7487304872074355,deadzone
2762,ok,931.5269680023193,-1396.098394821398,0.7487304872074355,deadzone
2763,ok,936.3051538467407,-1397.1065829498693,0.7487304872074355,deadzone
2764,ok,941.0627074241638,-1398.152908633463,0.7487304872074355,deadzone
2765,ok,945.8643889427185,-1399.2206321461126,0.7487304872074355,deadzone
2766,ok,950.6221385002136,-1400.3644695980474,0.7487304872074355,deadzone
2767,ok,955.4250345230103,-1401.4989455444738,0.7487304872074355,deadzone
2768,ok,960.255811214447,-1402.6246221764013,0.7487304872074355,deadzone
2769,ok,965.0858483314514,-1403.7930776579306,0.7487304872074355,deadzone
2770,ok,969.9466962814331,-1404.9136489136145,0.7487304872074355,deadzone
2771,ok,974.8201932907104,-1406.033051203005,0.7487304872074355,deadzone
2772,ok,979.7322940826416,-1407.1480274898931,0.7487304872074355,deadzone
2773,ok,984.6478152275085,-1408.3069948656484,0.7487304872074355,deadzone
2774,ok,989.6214981079102,-1409.405616830103,0.7487304872074355,deadzone
2775,ok,994.6063103675842,-1410.6831117374822,0.7487304872074355,deadzone
2776,ok,999.5485615730286,-1411.783912490122,0.7487304872074355,deadzone
2777,ok,1004.5196080207825,-1412.9786030752584,0.7487304872074355,deadzone
2778,ok,1009.4882373809814,-1414.1478270990774,0.7487304872074355,deadzone
2779,ok,1014.5801372528076,-1415.2968337042257,0.7487304872074355,deadzone
2780,ok,1019.5964097976685,-1416.4626924498007,0.7487304872074355,deadzone
2781,ok,1024.6282286643982,-1417.6287849647924,0.7487304872074355,deadzone
2782,ok,1029.7053842544556,-1418.773097823374,0.7487304872074355,deadzone
2783,ok,1034.76762342453,-1420.002011607401,0.7487304872074355,deadzone
2784,ok,1039.882800102234,-1421.1224870188162,0.7487304872074355,deadzone
2785,ok,1045.0058755874634,-1422.2677586777136,0.7487304872074355,deadzone
2786,ok,1050.1635522842407,-1423.481136153452,0.7487304872074355,deadzone
2787,ok,1055.3100471496582,-1424.7040458424017,0.7487304872074355,deadzone
2788,ok,1060.4364485740662,-1425.8460973007604,0.7487304872074355,deadzone
2789,ok,1065.6733303070068,-1427.0108090145513,0.7487304872074355,deadzone
2790,ok,1070.8544669151306,-1428.257588098757,0.7487304872074355,deadzone
2791,ok,1076.0061664581299,-1429.4218139154837,0.7487304872074355,deadzone
2792,ok,1081.2487630844116,-1430.6089119417593,0.7487304872074355,deadzone
2793,ok,1086.403130531311,-1431.7708246214315,0.7487304872074355,deadzone
2794,ok,1091.6160159111023,-1432.995134900324,0.7487304872074355,deadzone
2795,ok,1096.8613476753235,-1434.2004421455786,0.7487304872074355,deadzone
2796,ok,1102.1272239685059,-1435.4218719704077,0.7487304872074355,deadzone
2797,ok,1107.4104108810425,-1436.5694039566442,0.7487304872074355,deadzone
2798,ok,1112.768141746521,-1437.8455274803564,0.7487304872074355,deadzone
2799,ok,1118.0968933105469,-1439.0272005302832,0.7487304872074355,deadzone
2800,ok,1123.4368262290955,-1440.2855727178976,0.7487304872074355,deadzone
2801,ok,1128.8286385536194,-1441.4327915413305,0.7487304872074355,deadzone
2802,ok,1134.1458086967468,-1442.7260084850714,0.7487304872074355,deadzone
2803,ok,1139.5885291099548,-1443.973042796366,0.7487304872074355,deadzone
2804,ok,1145.0050911903381,-1445.29873914551,0.7487304872074355,deadzone
2805,ok,1150.4397630691528,-1446.6168672544882,0.7487304872074355,deadzone
2806,ok,1155.8886017799377,-1447.8474099142477,0.7487304872074355,deadzone
2807,ok,1161.3548798561096,-1449.1799293262884,0.7487304872074355,deadzone
2808,ok,1166.7920169830322,-1450.4689667923376,0.7487304872074355,deadzone
2809,ok,1172.2000465393066,-1451.8188905222341,0.7487304872074355,deadzone
2810,ok,1177.644453048706,-1453.104722331278,0.7487304872074355,deadzone
2811,ok,1183.0878295898438,-1454.4572303993627,0.7487304872074355,deadzone
2812,ok,1188.543960094452,-1455.7712705833837,0.7487304872074355,deadzone
2813,ok,1193.986834526062,-1457.1121069891378,0.7487304872074355,deadzone
2814,ok,1199.441026687622,-1458.464663456194,0.7487304872074355,deadzone
2815,ok,1204.8426790237427,-1459.7462591631338,0.7487304872074355,deadzone
2816,ok,1210.2716417312622,-1461.110724519007,0.7487304872074355,deadzone
2817,ok,1215.7301211357117,-1462.5173943741247,0.7487304872074355,deadzone
2818,ok,1221.1435809135437,-1463.857231686823,0.7487304872074355,deadzone
2819,ok,1226.5878415107727,-1465.256010840647,0.7487304872074355,deadzone
2820,ok,1232.0523447990417,-1466.562974642031,0.7487304872074355,deadzone
2821,ok,1237.4360642433167,-1467.9415398342535,0.7487304872074355,deadzone
2822,ok,1242.87153673172,-1469.248425195925,0.7487304872074355,deadzone
2823,ok,1248.2991466522217,-1470.6166586382315,0.7487304872074355,deadzone
2824,ok,1253.7091312408447,-1471.9638694031164,0.7487304872074355,deadzone
2825,ok,1259.125153541565,-1473.3060590727255,0.7487304872074355,deadzone
2826,ok,1264.549283504486,-1474.6890472872183,0.7487304872074355,deadzone
2827,ok,1270.0219960212708,-1475.9096657736227,0.7487304872074355,deadzone
2828,ok,1275.4705557823181,-1477.2461672527716,0.7487304872074355,deadzone
2829,ok,1280.9604816436768,-1478.5348292095587,0.7487304872074355,deadzone
2830,ok,1286.4371156692505,-1479.8914625151083,0.7487304872074355,deadzone
2831,ok,1291.904983997345,-1481.2396153910086,0.7487304872074355,deadzone
2832,ok,1297.4577331542969,-1482.5750710470602,0.7487304872074355,deadzone
2833,ok,1302.9827527999878,-1483.8748967153952,0.7487304872074355,deadzone
2834,ok,1308.5330896377563,-1485.2794359428808,0.7487304872074355,deadzone
2835,ok,1314.097285270691,-1486.6018348438665,0.7487304872074355,deadzone
2836,ok,1319.6734290122986,-1488.0244773132727,0.7487304872074355,deadzone
2837,ok,1325.287835597992,-1489.2936695320532,0.7487304872074355,deadzone
2838,ok,1330.9137988090515,-1490.7096889717504,0.7487304872074355,deadzone
2839,ok,1336.550260066986,-1492.0118153793737,0.7487304872074355,deadzone
2840,ok,1342.2137537002563,-1493.4479937059805,0.7487304872074355,deadzone
2841,ok,1347.9436378479004,-1494.8333427412435,0.7487304872074355,deadzone
2842,ok,1353.6768264770508,-1496.2835157616064,0.7487304872074355,deadzone
2843,ok,1359.4674224853516,-1497.665815542452,0.7487304872074355,deadzone
2844,ok,1365.2043805122375,-1499.1475419504568,0.7487304872074355,deadzone
2845,ok,1371.1098670959473,-1500.5259290440008,0.7487304872074355,deadzone
2846,ok,1376.9400520324707,-1501.9969416363165,0.7487304872074355,deadzone
2847,ok,1382.8678131103516,-1503.4044304592535,0.7487304872074355,deadzone
2848,ok,1388.8034405708313,-1504.8344219429418,0.7487304872074355,deadzone
2849,ok,1394.6816725730896,-1506.2608295185491,0.7487304872074355,deadzone
2850,ok,1400.6390504837036,-1507.6659323675558,0.7487304872074355,deadzone
2851,ok,1406.5674901008606,-1509.1652850611135,0.7487304872074355,deadzone
2852,ok,1412.5699043273926,-1510.5926436884329,0.7487304872074355,deadzone
2853,ok,1418.54008102417,-1512.090973089449,0.7487304872074355,deadzone
2854,ok,1424.4986238479614,-1513.5891786320135,0.7487304872074355,deadzone
2855,ok,1430.5402789115906,-1515.11720926594,0.7487304872074355,deadzone
2856,ok,1436.5666394233704,-1516.5000034077093,0.7487304872074355,deadzone
2857,ok,1442.5303177833557,-1518.01165158581,0.7487304872074355,deadzone
2858,ok,1448.5786094665527,-1519.4422814352438,0.7487304872074355,deadzone
2859,ok,1454.5612635612488,-1520.9850049717352,0.7487304872074355,deadzone
2860,ok,1460.6851801872253,-1522.4051627619192,0.7487304872074355,deadzone
2861,ok,1466.750816822052,-1523.9750879509374,0.7487304872074355,deadzone
2862,ok,1472.867398262024,-1525.4102985365316,0.7487304872074355,deadzone
2863,ok,1478.9728846549988,-1526.9685427648947,0.7487304872074355,deadzone
2864,ok,1485.1161608695984,-1528.4074263079092,0.7487304872074355,deadzone
2865,ok,1491.2637600898743,-1529.9712379677221,0.7487304872074355,deadzone
2866,ok,1497.3374691009521,-1531.4704282982275,0.7487304872074355,deadzone
2867,ok,1503.491533756256,-1533.017372678034,0.7487304872074355,deadzone
2868,ok,1509.6533250808716,-1534.5323079330847,0.7487304872074355,deadzone
2869,ok,1515.886875152588,-1535.9757776958868,0.7487304872074355,deadzone
2870,ok,1522.1020312309265,-1537.5159338219091,0.7487304872074355,deadzone
2871,ok,1528.271032333374,-1538.995791505091,0.7487304872074355,deadzone
2872,ok,1534.4902000427246,-1540.5077311499044,0.7487304872074355,deadzone
2873,ok,1540.733310699463,-1542.0617384416983,0.7487304872074355,deadzone
2874,ok,1546.9890236854553,-1543.5603218777105,0.7487304872074355,deadzone
2875,ok,1553.273904800415,-1545.056676815264,0.7487304872074355,deadzone
2876,ok,1559.5122666358948,-1546.6754420502111,0.7487304872074355,deadzone
2877,ok,1565.811972618103,-1548.128932545893,0.7487304872074355,deadzone
2878,ok,1572.1477527618408,-1549.6266911728308,0.7487304872074355,deadzone
2879,ok,1578.4358925819397,-1551.1012365324423,0.7487304872074355,deadzone
2880,ok,1584.7762761116028,-1552.688385556452,0.7487304872074355,deadzone
2881,ok,1591.1166143417358,-1554.1292831404135,0.7487304872074355,deadzone
2882,ok,1597.4247965812683,-1555.7092418177053,0.7487304872074355,deadzone
2883,ok,1603.7731628417969,-1557.2428031666204,0.7487304872074355,deadzone
2884,ok,1610.1158199310303,-1558.7834845287725,0.7487304872074355,deadzone
2885,ok,1616.4130878448486,-1560.314871023409,0.7487304872074355,deadzone
2886,ok,1622.8083229064941,-1561.9155121548101,0.7487304872074355,deadzone
2887,ok,1629.1598601341248,-1563.3460319740698,0.7487304872074355,deadzone
2888,ok,1635.5244355201721,-1564.909910033457,0.7487304872074355,deadzone
2889,ok,1641.9670581817627,-1566.3916129572317,0.7487304872074355,deadzone
2890,ok,1648.260404586792,-1567.9423828823492,0.7487304872074355,deadzone
2891,ok,1654.7038264274597,-1569.481854985468,0.7487304872074355,deadzone
2892,ok,1661.0792908668518,-1571.0159946186468,0.7487304872074355,deadzone
2893,ok,1667.4850993156433,-1572.5328692896292,0.7487304872074355,deadzone
2894,ok,1673.8864073753357,-1574.0947970850393,0.7487304872074355,deadzone
2895,ok,1680.2997636795044,-1575.658126543276,0.7487304872074355,deadzone
2896,ok,1686.7592544555664,-1577.1956626875326,0.7487304872074355,deadzone
2897,ok,1693.1781702041626,-1578.8885436756536,0.7487304872074355,deadzone
2898,ok,1699.634469985962,-1580.4366998178884,0.7487304872074355,deadzone
2899,ok,1706.0432629585266,-1582.1130656702444,0.7487304872074355,deadzone
2900,ok,1712.4829115867615,-1583.6265050871298,0.7487304872074355,deadzone
2901,ok,1718.947458744049,-1585.1974483234808,0.7487304872074355,deadzone
2902,ok,1725.3881192207336,-1586.7962295515463,0.7487304872074355,deadzone
2903,ok,1731.8795194625854,-1588.3849594099447,0.7487304872074355,deadzone
2904,ok,1738.3310532569885,-1590.0029047233984,0.7487304872074355,deadzone
2905,ok,1744.8193411827087,-1591.64327103924,0.7487304872074355,deadzone
2906,ok,1751.2528772354126,-1593.278983185999,0.7487304872074355,deadzone
2907,ok,1757.7784395217896,-1594.8160352213308,0.7487304872074355,deadzone
2908,ok,1764.2543935775757,-1596.4542918903753,0.7487304872074355,deadzone
2909,ok,1770.7399787902832,-1597.9839516384527,0.7487304872074355,deadzone
2910,ok,1777.2178039550781,-1599.5219214661047,0.7487304872074355,deadzone
2911,ok,1783.7503924369812,-1601.1904668314382,0.7487304872074355,deadzone
2912,ok,1790.2528424263,-1602.8163183433935,0.7487304872074355,deadzone
2913,ok,1796.7619910240173,-1604.4954809648916,0.7487304872074355,deadzone
2914,ok,1803.3046646118164,-1606.0864563686773,0.7487304872074355,deadzone
2915,ok,1809.805387020111,-1607.7671951754019,0.7487304872074355,deadzone
2916,ok,1816.3216004371643,-1609.3504988653585,0.7487304872074355,deadzone
2917,ok,1822.8052668571472,-1611.046609471552,0.7487304872074355,deadzone
2918,ok,1829.2978429794312,-1612.5400084955618,0.7487304872074355,deadzone
2919,ok,1835.8351674079895,-1614.2536589605734,0.7487304872074355,deadzone
2920,ok,1842.2947602272034,-1615.829936931841,0.7487304872074355,deadzone
2921,ok,1848.8216042518616,-1617.4702236158773,0.7487304872074355,deadzone
2922,ok,1855.3250079154968,-1619.0978936655447,0.7487304872074355,deadzone
2923,ok,1861.8197493553162,-1620.6597223980352,0.7487304872074355,deadzone
2924,ok,1868.3067812919617,-1622.1767620546743,0.7487304872074355,deadzone
2925,ok,1874.8492722511292,-1623.8468330604956,0.7487304872074355,deadzone
2926,ok,1881.350796699524,-1625.455074380152,0.7487304872074355,deadzone
2927,ok,1887.8355383872986,-1627.0800593597814,0.7487304872074355,deadzone
2928,ok,1894.3351674079895,-1628.721764872782,0.7487304872074355,deadzone
2929,ok,1900.8248028755188,-1630.2961753113195,0.7487304872074355,deadzone
2930,ok,1907.3137302398682,-1632.000184844248,0.7487304872074355,deadzone
2931,ok,1913.790623664856,-1633.5896471245214,0.7487304872074355,deadzone
2932,ok,1920.288640499115,-1635.2115404112265,0.7487304872074355,deadzone
2933,ok,1926.8103861808777,-1636.8163166744635,0.7487304872074355,deadzone
2934,ok,1933.2881426811218,-1638.4305320484564,0.7487304872074355,deadzone
2935,ok,1939.8092103004456,-1640.0263298256323,0.7487304872074355,deadzone
2936,ok,1946.2899417877197,-1641.6577335102484,0.7487304872074355,deadzone
2937,ok,1952.7437925338745,-1643.2889955742285,0.7487304872074355,deadzone
2938,ok,1959.2692136764526,-1644.873155544512,0.7487304872074355,deadzone
2939,ok,1965.7760887145996,-1646.4093577368185,0.7487304872074355,deadzone
2940,ok,1972.3327856063843,-1648.0670067770407,0.7487304872074355,deadzone
2941,ok,1978.84805393219,-1649.7004277212545,0.7487304872074355,deadzone
2942,ok,1985.3410534858704,-1651.4026000006124,0.7487304872074355,deadzone
2943,ok,1991.8482222557068,-1652.9958242876455,0.7487304872074355,deadzone
2944,ok,1998.3706192970276,-1654.6275568706915,0.7487304872074355,deadzone
2945,ok,2004.8947658538818,-1656.2180522186682,0.7487304872074355,deadzone
2946,ok,2011.377119064331,-1657.8237307770178,0.7487304872074355,deadzone
2947,ok,2017.8824243545532,-1659.5116728050634,0.7487304872074355,deadzone
2948,ok,2024.3486194610596,-1661.0954007608816,0.7487304872074355,deadzone
2949,ok,2030.8105449676514,-1662.7441007597372,0.7487304872074355,deadzone
2950,ok,2037.3697834014893,-1664.315087149851,0.7487304872074355,deadzone
2951,ok,2043.8513040542603,-1665.9671502811834,0.7487304872074355,deadzone
2952,ok,2050.3699049949646,-1667.566637585871,0.7487304872074355,deadzone
2953,ok,2056.8711638450623,-1669.128589223139,0.7487304872074355,deadzone
2954,ok,2063.3145060539246,-1670.7096679909155,0.7487304872074355,deadzone
2955,ok,2069.813234806061,-1672.3684241278097,0.7487304872074355,deadzone
2956,ok,2076.2757930755615,-1673.9400577051565,0.7487304872074355,deadzone
2957,ok,2082.742018222809,-1675.580339501612,0.7487304872074355,deadzone
2958,ok,2089.200625896454,-1677.1717335684225,0.7487304872074355,deadzone
2959,ok,2095.6615118980408,-1678.7712449533865,0.7487304872074355,deadzone
2960,ok,2102.1107082366943,-1680.3774024946615,0.7487304872074355,deadzone
2961,ok,2108.500554084778,-1682.0359752876684,0.7487304872074355,deadzone
2962,ok,2114.957441806793,-1683.577159951441,0.7487304872074355,deadzone
2963,ok,2121.4087076187134,-1685.1743009788916,0.7487304872074355,deadzone
2964,ok,2127.838767051697,-1686.8668425781652,0.7487304872074355,deadzone
2965,ok,2134.271550655365,-1688.4173591835424,0.7487304872074355,deadzone
2966,ok,2140.6963086128235,-1690.0429758531973,0.7487304872074355,deadzone
2967,ok,2147.156615257263,-1691.5527634127066,0.7487304872074355,deadzone
2968,ok,2153.553328037262,-1693.1047232849523,0.7487304872074355,deadzone
2969,ok,2159.977879047394,-1694.7261493904516,0.7487304872074355,deadzone
2970,ok,2166.43265581131,-1696.219824980013,0.7487304872074355,deadzone
2971,ok,2172.8258657455444,-1697.8130205376074,0.7487304872074355,deadzone
2972,ok,2179.2464904785156,-1699.4245620472357,0.7487304872074355,deadzone
2973,ok,2185.662937641144,-1700.9967466099188,0.7487304872074355,deadzone
2974,ok,2192.1086592674255,-1702.559513519518,0.7487304872074355,deadzone
2975,ok,2198.4981212615967,-1704.1340568764135,0.7487304872074355,deadzone
2976,ok,2204.895083427429,-1705.674257944338,0.7487304872074355,deadzone
2977,ok,2211.3151230812073,-1707.2318037254736,0.7487304872074355,deadzone
2978,ok,2217.731234073639,-1708.7389299375936,0.7487304872074355,deadzone
2979,ok,2224.1945157051086,-1710.2552161915228,0.7487304872074355,deadzone
2980,ok,2230.5614471435547,-1711.8411627514288,0.7487304872074355,deadzone
2981,ok,2236.9178137779236,-1713.3820456964895,0.7487304872074355,deadzone
2982,ok,2243.2729816436768,-1714.8679009182379,0.7487304872074355,deadzone
2983,ok,2249.6222643852234,-1716.4371366007254,0.7487304872074355,deadzone
2984,ok,2255.9513030052185,-1717.9223671657965,0.7487304872074355,deadzone
2985,ok,2262.2563495635986,-1719.4645219547674,0.7487304872074355,deadzone
2986,ok,2268.623969554901,-1720.92698426079,0.7487304872074355,deadzone
2987,ok,2274.8975024223328,-1722.510481546633,0.7487304872074355,deadzone
2988,ok,2281.2906789779663,-1723.9385224087164,0.7487304872074355,deadzone
2989,ok,2287.543662071228,-1725.5323396427557,0.7487304872074355,deadzone
2990,ok,2293.8778171539307,-1727.011113117449,0.7487304872074355,deadzone
2991,ok,2300.152484893799,-1728.5533917648718,0.7487304872074355,deadzone
2992,ok,2306.422302722931,-1730.0372640592977,0.7487304872074355,deadzone
2993,ok,2312.706784248352,-1731.5745931370184,0.7487304872074355,deadzone
2994,ok,2318.9880561828613,-1733.089426229708,0.7487304872074355,deadzone
2995,ok,2325.230212211609,-1734.5898993713781,0.7487304872074355,deadzone
2996,ok,2331.4918599128723,-1736.1376023991033,0.7487304872074355,deadzone
2997,ok,2337.8227558135986,-1737.6188126308843,0.7487304872074355,deadzone
2998,ok,2344.1114797592163,-1739.084125588648,0.7487304872074355,deadzone
2999,ok,2350.425850391388,-1740.5896476013586,0.7487304872074355,deadzone
3000,ok,2356.7606415748596,-1742.0209134323522,0.7487304872074355,deadzone
3001,ok,2363.0381922721863,-1743.533795545809,0.7487304872074355,deadzone
3002,ok,2369.3373279571533,-1744.972469280474,0.7487304872074355,deadzone
3003,ok,2375.544933795929,-1746.4862780077383,0.7487304872074355,deadzone
3004,ok,2381.833818912506,-1747.999778102152,0.7487304872074355,deadzone
3005,ok,2388.1167120933533,-1749.437711189501,0.7487304872074355,deadzone
3006,ok,2394.369397163391,-1750.9478533966467,0.7487304872074355,deadzone
3007,ok,2400.631317138672,-1752.4060042602941,0.7487304872074355,deadzone
3008,ok,2406.9552512168884,-1753.871020863764,0.7487304872074355,deadzone
3009,ok,2413.248297691345,-1755.28908426594,0.7487304872074355,deadzone
3010,ok,2419.54554271698,-1756.81518966984,0.7487304872074355,deadzone
3011,ok,2425.8272795677185,-1758.3020860655233,0.7487304872074355,deadzone
3012,ok,2432.1984572410583,-1759.7888483507559,0.7487304872074355,deadzone
3013,ok,2438.546245098114,-1761.2480282289907,0.7487304872074355,deadzone
3014,ok,2444.9286856651306,-1762.6564976675436,0.7487304872074355,deadzone
3015,ok,2451.301565170288,-1764.0819935305044,0.7487304872074355,deadzone
3016,ok,2457.6631712913513,-1765.5231425268576,0.7487304872074355,deadzone
3017,ok,2464.0582695007324,-1766.9006180269644,0.7487304872074355,deadzone
3018,ok,2470.4627537727356,-1768.3401100141928,0.7487304872074355,deadzone
3019,ok,2476.833067893982,-1769.7765815956518,0.7487304872074355,deadzone
3020,ok,2483.243079662323,-1771.2546358807012,0.7487304872074355,deadzone
3021,ok,2489.63134765625,-1772.7547229034826,0.7487304872074355,deadzone
3022,ok,2496.0320596694946,-1774.2683543665335,0.7487304872074355,deadzone
3023,ok,2502.47416305542,-1775.7618633015081,0.7487304872074355,deadzone
3024,ok,2508.878366947174,-1777.3066857559606,0.7487304872074355,deadzone
3025,ok,2515.4051384925842,-1778.7184676630422,0.7487304872074355,deadzone
3026,ok,2521.809323787689,-1780.2759574158117,0.7487304872074355,deadzone
3027,ok,2528.296121120453,-1781.7221225006506,0.7487304872074355,deadzone
3028,ok,2534.74521112442,-1783.1627476913854,0.7487304872074355,deadzone
3029,ok,2541.153459072113,-1784.6718937857077,0.7487304872074355,deadzone
3030,ok,2547.6661310195923,-1786.1676806909963,0.7487304872074355,deadzone
3031,ok,2554.103491783142,-1787.6750400764868,0.7487304872074355,deadzone
3032,ok,2560.591598033905,-1789.1007495624945,0.7487304872074355,deadzone
3033,ok,2567.1374187469482,-1790.5945614082739,0.7487304872074355,deadzone
3034,ok,2573.6147742271423,-1792.108465979807,0.7487304872074355,deadzone
3035,ok,2580.091094970703,-1793.635011027567,0.7487304872074355,deadzone
3036,ok,2586.6509737968445,-1795.035420964472,0.7487304872074355,deadzone
3037,ok,2593.137682914734,-1796.5777800781652,0.7487304872074355,deadzone
3038,ok,2599.625743865967,-1798.0794141991064,0.7487304872074355,deadzone
3039,ok,2606.1271266937256,-1799.620605896227,0.7487304872074355,deadzone
3040,ok,2612.677171230316,-1800.9834489328787,0.7487304872074355,deadzone
3041,ok,2619.19233751297,-1802.5431401235983,0.7487304872074355,deadzone
3042,ok,2625.7109336853027,-1803.9176464779302,0.7487304872074355,deadzone
3043,ok,2632.2305846214294,-1805.4938364727423,0.7487304872074355,deadzone
3044,ok,2638.740556240082,-1806.9960107309744,0.7487304872074355,deadzone
3045,ok,2645.325464248657,-1808.5231273872778,0.7487304872074355,deadzone
3046,ok,2651.831599712372,-1809.9525595409796,0.7487764643324663,ok
3047,ok,2658.3790402412415,-1811.4404555065557,0.7487764643324663,deadzone
3048,ok,2664.9030957221985,-1812.959654162638,0.7488210324765374,ok
3049,ok,2671.4446024894714,-1814.3701267940924,0.7488210324765374,deadzone
3050,ok,2677.9692220687866,-1815.834633181803,0.7488607610264569,ok
3051,ok,2684.55241727829,-1817.289771865122,0.7488607610264569,deadzone
3052,ok,2691.113160133362,-1818.790618727915,0.7489002300489676,ok
3053,ok,2697.6105165481567,-1820.3501048786566,0.7489002300489676,deadzone
3054,ok,2704.144624233246,-1821.8067293865606,0.7489386539038467,ok
3055,ok,2710.6185488700867,-1823.260561893694,0.7489386539038467,deadzone
3056,ok,2717.140025138855,-1824.8114319546148,0.7489386539038467,deadzone
3057,ok,2723.7141580581665,-1826.2135259611532,0.7489386539038467,deadzone
3058,ok,2730.2211413383484,-1827.74276466202,0.7489386539038467,deadzone
3059,ok,2736.7794823646545,-1829.1453672153875,0.7489386539038467,deadzone
3060,ok,2743.327973842621,-1830.643390367739,0.7489780958169985,ok
3061,ok,2749.895287513733,-1832.1192292673513,0.7489780958169985,deadzone
3062,ok,2756.429952144623,-1833.547120760195,0.7489780958169985,deadzone
3063,ok,2762.9668397903442,-1835.0690125925466,0.7489780958169985,deadzone
3064,ok,2769.4943809509277,-1836.4928513271734,0.7489780958169985,deadzone
3065,ok,2775.97288274765,-1838.0097639067098,0.7490155868852525,ok
3066,ok,2782.453164100647,-1839.4887043936178,0.7490155868852525,deadzone
3067,ok,2788.9783449172974,-1840.9174459679052,0.7490155868852525,deadzone
3068,ok,2795.4773030281067,-1842.4285379154608,0.7490155868852525,deadzone
3069,ok,2801.9697122573853,-1843.8847567541525,0.7490155868852525,deadzone
3070,ok,2808.509166240692,-1845.3356730444357,0.7490155868852525,deadzone
3071,ok,2814.9725437164307,-1846.7508599264547,0.7490155868852525,deadzone
3072,ok,2821.5567755699158,-1848.1954558594152,0.7490155868852525,deadzone
3073,ok,2828.07768201828,-1849.600029299967,0.749055322292321,ok
3074,ok,2834.6688714027405,-1850.9668341381475,0.7491236561902326,ok
3075,ok,2841.215847015381,-1852.541503499262,0.74921647032501,ok
3076,ok,2847.792558193207,-1853.9503808720037,0.7493238116167902,ok
3077,ok,2854.3247413635254,-1855.4093639357015,0.7494512541163382,ok
3078,ok,2860.8263511657715,-1856.8135927421972,0.7494512541163382,deadzone
3079,ok,2867.25705909729,-1858.163948009722,0.7494925569189899,ok
3080,ok,2873.6422781944275,-1859.5592028601095,0.7494925569189899,deadzone
3081,ok,2880.0817131996155,-1860.8744426472113,0.7494925569189899,deadzone
3082,ok,2886.4432306289673,-1862.317086766474,0.7494925569189899,deadzone
3083,ok,2892.765688896179,-1863.5657441122457,0.7494925569189899,deadzone
3084,ok,2899.0747485160828,-1864.9613404972479,0.7494925569189899,deadzone
3085,ok,2905.3867053985596,-1866.2653820021078,0.7494925569189899,deadzone
3086,ok,2911.6927094459534,-1867.5300625069067,0.7494925569189899,deadzone
3087,ok,2917.98699426651,-1868.858750890009,0.7494925569189899,deadzone
3088,ok,2924.3371081352234,-1870.0678003532812,0.7494925569189899,deadzone
3089,ok,2930.654492378235,-1871.4244900448248,0.7494925569189899,deadzone
3090,ok,2936.989830493927,-1872.6833110554144,0.7494925569189899,deadzone
3091,ok,2943.2809500694275,-1873.997769783251,0.7494925569189899,deadzone
3092,ok,2949.612072944641,-1875.3067503673956,0.7494925569189899,deadzone
3093,ok,2955.9260954856873,-1876.6067900164053,0.7494925569189899,deadzone
3094,ok,2962.2336978912354,-1877.8804919226095,0.7494925569189899,deadzone
3095,ok,2968.515256881714,-1879.1683167917654,0.7494925569189899,deadzone
3096,ok,2974.8178157806396,-1880.4318105680868,0.7494925569189899,deadzone
3097,ok,2981.1240525245667,-1881.6957602007315,0.7494925569189899,deadzone
3098,ok,2987.4465408325195,-1882.964018295519,0.7494925569189899,deadzone
3099,ok,2993.746395111084,-1884.196615527384,0.7494925569189899,deadzone
3100,ok,3000.0575137138367,-1885.5580995781347,0.7494925569189899,deadzone
3101,ok,3006.3743953704834,-1886.7796945078298,0.7494925569189899,deadzone
3102,ok,3012.764793395996,-1888.0826484663412,0.7494925569189899,deadzone
3103,ok,3019.1148629188538,-1889.2875196440145,0.7494925569189899,deadzone
3104,ok,3025.5291509628296,-1890.529616306536,0.7494925569189899,deadzone
3105,ok,3031.891088962555,-1891.7540691597387,0.7494925569189899,deadzone
3106,ok,3038.2972283363342,-1893.0158020956442,0.7494925569189899,deadzone
3107,ok,3044.688187122345,-1894.2447106344625,0.7494925569189899,deadzone
3108,ok,3051.1443634033203,-1895.5017772419378,0.7494925569189899,deadzone
3109,ok,3057.534963607788,-1896.7522836429998,0.7495304807952078,ok
3110,ok,3063.9366512298584,-1898.028297613375,0.7495986279586706,ok
3111,ok,3070.376573562622,-1899.3099163277075,0.7496911707936067,ok
3112,ok,3076.700610637665,-1900.5162314875051,0.7498029872903859,ok
3113,ok,3083.102119922638,-1901.7357408506796,0.7498029872903859,deadzone
3114,ok,3089.5000400543213,-1903.1207341654226,0.7498029872903859,deadzone
3115,ok,3095.911222934723,-1904.437153290026,0.7498029872903859,deadzone
3116,ok,3102.3521461486816,-1905.6583935720846,0.7498029872903859,deadzone
3117,ok,3108.759337902069,-1907.0188710195944,0.7498029872903859,deadzone
3118,ok,3115.177182674408,-1908.2065572245046,0.7498029872903859,deadzone
3119,ok,3121.600652217865,-1909.466300318949,0.7498029872903859,deadzone
3120,ok,3128.0003323554993,-1910.7356881601736,0.7498029872903859,deadzone
3121,ok,3134.427743911743,-1911.9768567783758,0.7498029872903859,deadzone
3122,ok,3140.882354259491,-1913.218749593012,0.7498029872903859,deadzone
3123,ok,3147.3932337760925,-1914.4984789593145,0.7498029872903859,deadzone
3124,ok,3153.8169407844543,-1915.6779338819906,0.7498029872903859,deadzone
3125,ok,3160.2798562049866,-1917.0087064011022,0.7498029872903859,deadzone
3126,ok,3166.7622017860413,-1918.1811271412298,0.7498029872903859,deadzone
3127,ok,3173.1919317245483,-1919.391540597193,0.7498425460294863,ok
3128,ok,3179.6623096466064,-1920.6639264328405,0.7499108783700592,ok
3129,ok,3186.0447182655334,-1921.8693161709234,0.7500041589047515,ok
3130,ok,3192.477378845215,-1923.073077510111,0.7501141906011234,ok
3131,ok,3198.936863422394,-1924.2358170254156,0.7502411686338077,ok
3132,ok,3205.367434978485,-1925.526384423487,0.7503816535836,ok
3133,ok,3211.818908214569,-1926.6180692417547,0.7505384397579068,ok
3134,ok,3218.267122745514,-1927.9205680591986,0.7507009552528278,ok
3135,ok,3224.745541572571,-1929.0317911608145,0.750879763742211,ok
3136,ok,3231.199192047119,-1930.238557527773,0.7510641918653039,ok
3137,ok,3237.653431415558,-1931.4047871334478,0.7512619743274074,ok
3138,ok,3244.1212677955627,-1932.5745841963217,0.7514618884247702,ok
3139,ok,3250.542748451233,-1933.7180102569982,0.7516721104083113,ok
3140,ok,3256.952163219452,-1934.8911180002615,0.7518891467392587,ok
3141,ok,3263.3986735343933,-1935.990383814089,0.7521110088923599,ok
3142,ok,3269.86230134964,-1937.2033161623403,0.7523377744697888,ok
3143,ok,3276.306203842163,-1938.2449495298788,0.7525670872490177,ok
3144,ok,3282.6843700408936,-1939.4102267725393,0.7528081714210657,ok
3145,ok,3289.1558980941772,-1940.4754954082891,0.7530530371117423,ok
3146,ok,3295.518476963043,-1941.6299777729437,0.7533042616116158,ok
3147,ok,3301.9797201156616,-1942.6871321899816,0.7535566926285705,ok
3148,ok,3308.4163222312927,-1943.7682241899893,0.7538179101071917,ok
3149,ok,3314.8791613578796,-1944.837784837,0.7540853434914605,ok
3150,ok,3321.328209877014,-1945.9508687956259,0.7543627799988706,ok
3151,ok,3327.7672395706177,-1946.9754840834066,0.7546463744411174,ok
3152,ok,3334.2781553268433,-1947.9574833614752,0.7549393121467441,ok
3153,ok,3340.7110953330994,-1949.0040742857382,0.7552335404185352,ok
3154,ok,3347.2147603034973,-1950.0015826923773,0.7555337593385423,ok
3155,ok,3353.6817803382874,-1950.995311926119,0.7558374214474267,ok
3156,ok,3360.1123461723328,-1952.0495582325384,0.7561442357511067,ok
3157,ok,3366.5849103927612,-1953.005681942217,0.7564471357212892,ok
3158,ok,3373.026369571686,-1954.080874393694,0.756749340400529,ok
3159,ok,3379.5097193717957,-1955.117253731005,0.757050735261018,ok
3160,ok,3385.9834933280945,-1956.067991505377,0.7573495211214534,ok
3161,ok,3392.4701867103577,-1957.1014763219282,0.7576491509961029,ok
3162,ok,3398.9717016220093,-1958.0862404210493,0.7579494208650837,ok
3163,ok,3405.4451241493225,-1959.0531681282446,0.7582411788495156,ok
3164,ok,3412.0025091171265,-1960.0599945290014,0.7585309995650087,ok
3165,ok,3418.463592529297,-1961.0608417494223,0.7588204552521784,ok
3166,ok,3424.990262031555,-1962.0457385880873,0.7591056657203469,ok
3167,ok,3431.5157074928284,-1963.0253423554823,0.7593949126927203,ok
3168,ok,3438.02166223526,-1963.98566694092,0.7596823872011739,ok
3169,ok,3444.551965713501,-1964.9307569963858,0.7599744312686422,ok
3170,ok,3451.114478111267,-1965.8506865007803,0.7602709394042816,ok
3171,ok,3457.687554359436,-1966.8153553707525,0.7605704859025972,ok
3172,ok,3464.2603702545166,-1967.7246203524992,0.7608769905432294,ok
3173,ok,3470.815272331238,-1968.6321888072416,0.7611862753332236,ok
3174,ok,3477.4171266555786,-1969.5504044396803,0.7615044824217577,ok
3175,ok,3483.977147102356,-1970.5504112346098,0.7618276867376323,ok
3176,ok,3490.530891895294,-1971.4042578442022,0.7621553795552348,ok
3177,ok,3497.145221710205,-1972.3162614805624,0.7624848780993547,ok
3178,ok,3503.688690662384,-1973.2103284103796,0.7628240545522705,ok
3179,ok,3510.2608852386475,-1974.0938426358625,0.7631681161639322,ok
3180,ok,3516.926465988159,-1975.027924905531,0.7635104779888666,ok
3181,ok,3523.5054540634155,-1975.9755522711203,0.763856467267387,ok
3182,ok,3530.1822233200073,-1976.7990157110617,0.7642069411840424,ok
3183,ok,3536.819624900818,-1977.6947540743276,0.7645612888619112,ok
3184,ok,3543.4430828094482,-1978.5979381306097,0.7649191040491302,ok
3185,ok,3550.078393936157,-1979.4475508434698,0.7652797134991566,ok
3186,ok,3556.6775097846985,-1980.2926257355139,0.7656458940619656,ok
3187,ok,3563.353988647461,-1981.1395968301222,0.766019190616513,ok
3188,ok,3570.0107197761536,-1981.9276043279096,0.7663927163823577,ok
3189,ok,3576.647132873535,-1982.7749320371076,0.7667788254424991,ok
3190,ok,3583.3160524368286,-1983.5634129745886,0.7671656299223487,ok
3191,ok,3589.9553542137146,-1984.3531310660765,0.7675585913360086,ok
3192,ok,3596.625841140747,-1985.139169166796,0.767956534669217,ok
3193,ok,3603.2999110221863,-1985.9484398467466,0.7683654187027951,ok
3194,ok,3609.969238758087,-1986.7114322287962,0.768774620461042,ok
3195,ok,3616.6234974861145,-1987.4248515469953,0.76919725972212,ok
3196,ok,3623.227351665497,-1988.1251616580412,0.769620570597567,ok
3197,ok,3629.8474535942078,-1988.8276351792738,0.7700451457630754,ok
3198,ok,3636.522267818451,-1989.5178559524938,0.7704784183573932,ok
3199,ok,3643.173047065735,-1990.2901488645002,0.7709036581643429,ok
3200,ok,3649.8530678749084,-1990.9899090034887,0.7713352002659634,ok
3201,ok,3656.4721064567566,-1991.6830863459036,0.7717719766497947,ok
3202,ok,3663.1226844787598,-1992.3813513023779,0.7722090421348637,ok
3203,ok,3669.770164012909,-1993.0901606185362,0.7726441216653389,ok
3204,ok,3676.46195936203,-1993.7234519822523,0.773081699260895,ok
3205,ok,3683.128155231476,-1994.4605453712866,0.7735208238788517,ok
3206,ok,3689.823926925659,-1995.0987853510305,0.7739606393817278,ok
3207,ok,3696.4966769218445,-1995.8410554630682,0.7744060231128511,ok
3208,ok,3703.188075065613,-1996.4394667251036,0.7748538500694417,ok
3209,ok,3709.8685898780823,-1997.1750647528097,0.7753089406506205,ok
3210,ok,3716.5702533721924,-1997.7885506255552,0.7757718877811001,ok
3211,ok,3723.2509360313416,-1998.510325322859,0.7762459444851708,ok
3212,ok,3729.9829177856445,-1999.0986476046965,0.7767272328193391,ok
3213,ok,3736.648509502411,-1999.7417757613584,0.7772270567744736,ok
3214,ok,3743.388167858124,-2000.4066994292662,0.7777390234262351,ok
3215,ok,3750.056149482727,-2000.9992364151403,0.7782744366340293,ok
3216,ok,3756.7088861465454,-2001.5844419701025,0.7788268634440919,ok
3217,ok,3763.359121799469,-2002.225607166998,0.7793968425068633,ok
3218,ok,3770.012204647064,-2002.8187442524359,0.7799832300535267,ok
3219,ok,3776.704879760742,-2003.4071405632421,0.7805783732044125,ok
3220,ok,3783.3457436561584,-2003.9679187638685,0.7811818292764445,ok
3221,ok,3789.9747190475464,-2004.5363231403753,0.7817980592117542,ok
3222,ok,3796.584861278534,-2005.1524092657492,0.7824146523208434,ok
3223,ok,3803.246112346649,-2005.6937061650679,0.7830396407823389,ok
3224,ok,3809.8489274978638,-2006.2528128726408,0.7836636884124717,ok
3225,ok,3816.529700279236,-2006.762000749819,0.784297414895471,ok
3226,ok,3823.1584134101868,-2007.3458061320707,0.7849294864345212,ok
3227,ok,3829.8297305107117,-2007.758820365183,0.7855669012905855,ok
3228,ok,3836.454544067383,-2008.3373495442793,0.7862046665033645,ok
3229,ok,3843.0615191459656,-2008.7739756209776,0.7868364946970059,ok
3230,ok,3849.68683385849,-2009.2522058589384,0.7874671504071626,ok
3231,ok,3856.30845785141,-2009.659077863209,0.7880967308040755,ok
3232,ok,3862.9149928092957,-2010.079604874365,0.7887181767746727,ok
3233,ok,3869.58446931839,-2010.5246008140966,0.7893374286404933,ok
3234,ok,3876.210901260376,-2010.8944595558569,0.7899526778399114,ok
3235,ok,3882.8219871520996,-2011.3885573549196,0.7905700964033652,ok
3236,ok,3889.425397872925,-2011.7760790390894,0.7911819727288923,ok
3237,ok,3896.061643600464,-2012.106115619652,0.7918009401539834,ok
3238,ok,3902.6559081077576,-2012.5107066733763,0.7924182646510232,ok
3239,ok,3909.2853560447693,-2012.8151212437078,0.7930379460574181,ok
3240,ok,3915.910683631897,-2013.161608110182,0.7936647218814361,ok
3241,ok,3922.470031261444,-2013.476261834614,0.794292196272877,ok
3242,ok,3929.028706073761,-2013.764805923216,0.7949210011606881,ok
3243,ok,3935.584357738495,-2014.1575483782217,0.7955444706937482,ok
3244,ok,3942.1811780929565,-2014.4382629795,0.7961752547827942,ok
3245,ok,3948.7428016662598,-2014.691614012234,0.7968090821495357,ok
3246,ok,3955.3546557426453,-2015.0420013172552,0.7974403263356098,ok
3247,ok,3961.9214158058167,-2015.284793923609,0.7980722406342484,ok
3248,ok,3968.5282349586487,-2015.6049624485895,0.7987019925899128,ok
3249,ok,3975.147078514099,-2015.8747920794412,0.7993290289054089,ok
3250,ok,3981.7594952583313,-2016.1251091165468,0.7999564416672101,ok
3251,ok,3988.3267946243286,-2016.411404083483,0.8005812009474239,ok
3252,ok,3994.897000312805,-2016.6271586520597,0.801200046128134,ok
3253,ok,4001.4532227516174,-2016.9006944699213,0.8018124381138088,ok
3254,ok,4008.0058884620667,-2017.1689549488947,0.8024203521280333,ok
3255,ok,4014.592218399048,-2017.3388638002798,0.8030251238040428,ok
3256,ok,4021.108907699585,-2017.4887348813936,0.8036208516985311,ok
3257,ok,4027.676537513733,-2017.703229974024,0.8042125662026971,ok
3258,ok,4034.287655353546,-2017.898726995103,0.8048016363458387,ok
3259,ok,4040.839632511139,-2018.0894088996574,0.8053906742216743,ok
3260,ok,4047.484764099121,-2018.1802797568962,0.8059847752096866,ok
3261,ok,4054.05654668808,-2018.3267403794453,0.8065850916090261,ok
3262,ok,4060.634603500366,-2018.5030251992866,0.8071929821011488,ok
3263,ok,4067.148307323456,-2018.6824436439201,0.8078065119978013,ok
3264,ok,4073.7224731445312,-2018.8064036322758,0.8084180481581229,ok
3265,ok,4080.2453360557556,-2018.9777389420196,0.8090353687464538,ok
3266,ok,4086.782703399658,-2019.1765124155208,0.8096563643811822,ok
3267,ok,4093.25412940979,-2019.3121068580076,0.8102774219642784,ok
3268,ok,4099.784179210663,-2019.39662253391,0.8108941253341778,ok
3269,ok,4106.3287081718445,-2019.5922998739406,0.8115104618932437,ok
3270,ok,4112.8993554115295,-2019.6578220827505,0.8121263371249704,ok
3271,ok,4119.434092998505,-2019.8161902083084,0.8127346917219745,ok
3272,ok,4126.00315284729,-2019.846920534037,0.8133382656673394,ok
3273,ok,4132.552312374115,-2019.9993257066235,0.8139409476993498,ok
3274,ok,4139.13387966156,-2020.07039387431,0.8145338503279249,ok
3275,ok,4145.697421073914,-2020.1519382139668,0.8151283587173231,ok
3276,ok,4152.204382419586,-2020.26379957702,0.815709589186932,ok
3277,ok,4158.705358505249,-2020.3134046150371,0.8162930127777867,ok
3278,ok,4165.196133613586,-2020.433443034999,0.8168652772373095,ok
3279,ok,4171.746080875397,-2020.4537397166714,0.8174385522599638,ok
3280,ok,4178.273629665375,-2020.544445491396,0.8180102935014242,ok
3281,ok,4184.831503868103,-2020.6303980490193,0.8185761201673251,ok
3282,ok,4191.355823993683,-2020.6035490846261,0.8191446128282561,ok
3283,ok,4197.822567462921,-2020.7405857061967,0.8197092313016604,ok
3284,ok,4204.347430229187,-2020.727618730627,0.82027359754704,ok
3285,ok,4210.840313911438,-2020.6981338402256,0.8208241855215319,ok
3286,ok,4217.319884777069,-2020.7393897539005,0.8213765143364441,ok
3287,ok,4223.797653675079,-2020.7230772217736,0.8219168879527341,ok
3288,ok,4230.259761333466,-2020.700628749095,0.8224542042756717,ok
3289,ok,4236.723115444183,-2020.68619622197,0.8229803279333977,ok
3290,ok,4243.227814674377,-2020.7412875806913,0.823498181200454,ok
3291,ok,4249.738502979279,-2020.7711779242381,0.8240093214876406,ok
3292,ok,4256.24479675293,-2020.7252390449867,0.8245156118914839,ok
3293,ok,4262.736176490784,-2020.7592267906293,0.8250207207901289,ok
3294,ok,4269.189422607422,-2020.8099734699354,0.8255253430498077,ok
3295,ok,4275.63397359848,-2020.792710303329,0.8260165602124329,ok
3296,ok,4282.141659259796,-2020.8008285453543,0.8265057391982286,ok
3297,ok,4288.556711196899,-2020.8128870269284,0.8269918382158616,ok
3298,ok,4294.9947419166565,-2020.73262836691,0.8274709012770896,ok
3299,ok,4301.4695353508,-2020.643634303473,0.8279453515740567,ok
3300,ok,4307.941540718079,-2020.6129808193073,0.8284142563538843,ok
3301,ok,4314.333470821381,-2020.465915150009,0.8288829626462667,ok
3302,ok,4320.783006668091,-2020.4184742784128,0.8293428366304877,ok
3303,ok,4327.180284500122,-2020.3208386814222,0.829795452704951,ok
3304,ok,4333.54371547699,-2020.3047753488645,0.830241143995015,ok
3305,ok,4339.955156326294,-2020.1886120205745,0.8306849674775326,ok
3306,ok,4346.3043212890625,-2020.152643433772,0.8311229182606575,ok
3307,ok,4352.748804092407,-2020.1125899618492,0.8315632844808735,ok
3308,ok,4359.113023281097,-2020.0871523236856,0.8320059509699282,ok
3309,ok,4365.519195556641,-2020.1500075673684,0.8324480067838056,ok
3310,ok,4371.894769668579,-2020.0417116647586,0.8328867805157054,ok
3311,ok,4378.299029350281,-2020.03236760851,0.8333218918690904,ok
3312,ok,4384.69894695282,-2019.8959024762735,0.8337535061435629,ok
3313,ok,4391.024590969086,-2019.8533871835098,0.8341892634412149,ok
3314,ok,4397.396595001221,-2019.7620798414573,0.8346213216475549,ok
3315,ok,4403.756028175354,-2019.6494025876746,0.8350523876268918,ok
3316,ok,4410.102281570435,-2019.5318392580375,0.8354874317869706,ok
3317,ok,4416.473103046417,-2019.493712223135,0.8359296931242609,ok
3318,ok,4422.817994594574,-2019.319334722124,0.8363772529256621,ok
3319,ok,4429.170682430267,-2019.2026143362746,0.8368339458543393,ok
3320,ok,4435.4923548698425,-2019.1053639044985,0.8372996727813794,ok
3321,ok,4441.817512512207,-2018.9698581984267,0.8377756827754452,ok
3322,ok,4448.111828804016,-2018.8677108129486,0.8382602183606193,ok
3323,ok,4454.409294128418,-2018.7113429000601,0.8387558653517738,ok
3324,ok,4460.688181400299,-2018.5520070185885,0.8392605184393647,ok
3325,ok,4467.0264530181885,-2018.5141151240095,0.8397733589208788,ok
3326,ok,4473.309394836426,-2018.3194720288739,0.8402936274825853,ok
3327,ok,4479.607496738434,-2018.2363854935393,0.8408205580301504,ok
3328,ok,4485.919865131378,-2018.0722231855616,0.8413463189852679,ok
3329,ok,4492.24294757843,-2017.897989376448,0.8418856685155935,ok
3330,ok,4498.621896743774,-2017.8003423800692,0.8424305323823268,ok
3331,ok,4504.91330909729,-2017.6364562800154,0.8429876712704171,ok
3332,ok,4511.220452785492,-2017.5152112757787,0.8435479319966185,ok
3333,ok,4517.4900159835815,-2017.3903553476557,0.8441172269271549,ok
3334,ok,4523.81400346756,-2017.23769417312,0.8446917109490989,ok
3335,ok,4530.019148826599,-2017.1164627512917,0.8452661777020456,ok
3336,ok,4536.295729637146,-2016.8950360557064,0.8458487217289073,ok
3337,ok,4542.56875371933,-2016.7530288835987,0.8464326863612963,ok
3338,ok,4548.760347366333,-2016.5611734529957,0.8470184767591199,ok
3339,ok,4555.01048374176,-2016.4413377037272,0.8476010838191339,ok
3340,ok,4561.215340137482,-2016.210728882812,0.8481884931124516,ok
3341,ok,4567.41697883606,-2016.1214933833107,0.8487700760652874,ok
3342,ok,4573.651966571808,-2015.9126507183537,0.8493505107448849,ok
3343,ok,4579.82638835907,-2015.8006409099326,0.8499323208973253,ok
3344,ok,4586.033092021942,-2015.612164213322,0.8505041006602208,ok
3345,ok,4592.221862792969,-2015.442265911959,0.8510829555392165,ok
3346,ok,4598.402163505554,-2015.2662508031353,0.8516572016200277,ok
3347,ok,4604.593913555145,-2015.0710378726944,0.8522310918975922,ok
3348,ok,4610.821050643921,-2014.9062994113192,0.8528086923247382,ok
3349,ok,4616.984740257263,-2014.7203230997548,0.8533904804513981,ok
3350,ok,4623.1445870399475,-2014.5729268183932,0.8539700912982137,ok
3351,ok,4629.336805820465,-2014.3983848681673,0.8545518561528704,ok
3352,ok,4635.445126056671,-2014.2375777205452,0.855130013489433,ok
3353,ok,4641.5911774635315,-2014.1216053953394,0.8557057838713263,ok
3354,ok,4647.717701435089,-2013.9466332336888,0.856279346231436,ok
3355,ok,4653.827857017517,-2013.8140953620896,0.8568451312024197,ok
3356,ok,4659.934456348419,-2013.6676196595654,0.8574090999793047,ok
3357,ok,4666.088929653168,-2013.392863615416,0.8579642593992446,ok
3358,ok,4672.149851799011,-2013.2499378463253,0.8585185393706639,ok
3359,ok,4678.317320823669,-2013.02874983754,0.8590641013741719,ok
3360,ok,4684.49208688736,-2012.904168768786,0.8596051347815367,ok
3361,ok,4690.674643993378,-2012.7324965586886,0.8601415580562696,ok
3362,ok,4696.790923118591,-2012.4920890470967,0.8606805622980511,ok
3363,ok,4702.936224937439,-2012.2968535562977,0.861214642027481,ok
3364,ok,4709.100701332092,-2012.0878405859694,0.8617480591631693,ok
3365,ok,4715.264742851257,-2011.8996929218993,0.8622788923249975,ok
3366,ok,4721.461776256561,-2011.671528189443,0.8628060315056206,ok
3367,ok,4727.645144939423,-2011.447281925939,0.8633380983952146,ok
3368,ok,4733.803659439087,-2011.2170842280611,0.8638602182877183,ok
3369,ok,4739.948387145996,-2010.982163890265,0.8643841960975124,ok
3370,ok,4746.081996917725,-2010.7453831573948,0.8648996764567795,ok
3371,ok,4752.2506675720215,-2010.491275205277,0.8654172728104558,ok
3372,ok,4758.393577098846,-2010.1888880273327,0.8659304185719753,ok
3373,ok,4764.5409779548645,-2009.905149593018,0.8664488422389008,ok
3374,ok,4770.765729904175,-2009.581775947474,0.8669698561573829,ok
3375,ok,4776.911008834839,-2009.338805004023,0.8674967272984719,ok
3376,ok,4783.064261436462,-2009.0355258425698,0.8680237235142936,ok
3377,ok,4789.248705863953,-2008.7007073303685,0.8685661460923922,ok
3378,ok,4795.395750045776,-2008.5093417903408,0.8691123703112109,ok
3379,ok,4801.589922904968,-2008.1600779136643,0.8696574871812105,ok
3380,ok,4807.750845909119,-2007.9157747766003,0.8702073549187123,ok
3381,ok,4813.903310775757,-2007.6447273334488,0.8707569537059803,ok
3382,ok,4819.9977951049805,-2007.3698175987229,0.8712985355666238,ok
3383,ok,4826.173153400421,-2007.1010848125443,0.8718267629709276,ok
3384,ok,4832.3284430503845,-2006.824625059031,0.8723554792981847,ok
3385,ok,4838.44589471817,-2006.5249629458413,0.8728760143621391,ok
3386,ok,4844.6004638671875,-2006.2281909724697,0.8733898935453095,ok
3387,ok,4850.756539821625,-2006.0279645910487,0.8739022911993052,ok
3388,ok,4856.911826610565,-2005.6490491917357,0.8744130166607054,ok
3389,ok,4863.057817459106,-2005.4201209088787,0.8749224512091767,ok
3390,ok,4869.215730190277,-2005.1379400035366,0.8754349579024174,ok
3391,ok,4875.331758975983,-2004.8794819852337,0.8759445754279535,ok
3392,ok,4881.445674419403,-2004.5656690141186,0.8764503594811635,ok
3393,ok,4887.507063865662,-2004.2933715125546,0.8769576461823744,ok
3394,ok,4893.660606384277,-2003.952168240212,0.8774631571583307,ok
3395,ok,4899.769789218903,-2003.5708388229832,0.8779747882441001,ok
3396,ok,4905.861548900604,-2003.327024503611,0.8784786568872125,ok
3397,ok,4912.003179073334,-2003.0352225145325,0.8789862830611943,ok
3398,ok,4918.093993663788,-2002.7351473709568,0.8794824857845138,ok
3399,ok,4924.22411441803,-2002.4301483770832,0.8799896038910686,ok
3400,ok,4930.31892490387,-2002.144479884766,0.880488725691127,ok
3401,ok,4936.4030418396,-2001.8688638051972,0.8809949128582129,ok
3402,ok,4942.488672733307,-2001.4791196128353,0.8815029924746531,ok
3403,ok,4948.579632282257,-2001.074922456406,0.8820172819384356,ok
3404,ok,4954.692012310028,-2000.7551251789555,0.8825428897307711,ok
3405,ok,4960.803005695343,-2000.3954071840271,0.8830735419487462,ok
3406,ok,4966.855766773224,-2000.0711201867089,0.883612514502536,ok
3407,ok,4972.974013805389,-1999.7529697259888,0.8841571441078785,ok
3408,ok,4979.058547973633,-1999.4036333104596,0.8847083083742331,ok
3409,ok,4985.154884815216,-1999.111234142445,0.8852646998477827,ok
3410,ok,4991.260268211365,-1998.7567015429959,0.8858287306681399,ok
3411,ok,4997.333280086517,-1998.3913209578022,0.8863972457463071,ok
3412,ok,5003.380700111389,-1998.0881086131558,0.8869705667907388,ok
3413,ok,5009.475044727325,-1997.7639171024784,0.8875471414826028,ok
3414,ok,5015.532587528229,-1997.414817883633,0.8881310912674005,ok
3415,ok,5021.6377058029175,-1997.0198724409565,0.8887176312995745,ok
3416,ok,5027.748632907867,-1996.7586893578991,0.8893127358300329,ok
3417,ok,5033.864460945129,-1996.3600808521733,0.8899162957714171,ok
3418,ok,5040.023781776428,-1996.0459587713704,0.8905216644880651,ok
3419,ok,5046.220715045929,-1995.6698930403218,0.8911325327061561,ok
3420,ok,5052.36021900177,-1995.3954815110192,0.8917496291605063,ok
3421,ok,5058.504522800446,-1994.9954806705937,0.8923660245714284,ok
3422,ok,5064.700729370117,-1994.653094126843,0.892988467276369,ok
3423,ok,5070.936972618103,-1994.300558223389,0.8936154924542037,ok
3424,ok,5077.151116371155,-1993.9176451703534,0.8942436719410641,ok
3425,ok,5083.3822474479675,-1993.4891111096367,0.8948753275636598,ok
3426,ok,5089.641132354736,-1993.1045037945732,0.8955095835636664,ok
3427,ok,5095.853162765503,-1992.6592541774735,0.896146532999339,ok
3428,ok,5102.061075687408,-1992.2593924840912,0.8967872582733368,ok
3429,ok,5108.2973828315735,-1991.8033407172188,0.8974284488799115,ok
3430,ok,5114.617943286896,-1991.395045264624,0.8980783026446041,ok
3431,ok,5120.902705192566,-1990.904684140347,0.8987359571093156,ok
3432,ok,5127.207191467285,-1990.468395425938,0.89939954395073,ok
3433,ok,5133.50074672699,-1990.0222167214379,0.9000690447531519,ok
3434,ok,5139.845576763153,-1989.5972871920094,0.9007442917595305,ok
3435,ok,5146.236040592194,-1989.1175479432568,0.9014270284169652,ok
3436,ok,5152.648983001709,-1988.6522933384404,0.9021282527687989,ok
3437,ok,5159.023497104645,-1988.260457768105,0.9028345623048597,ok
3438,ok,5165.390016555786,-1987.8480565985665,0.903550170163226,ok
3439,ok,5171.831040859222,-1987.396856113337,0.9042832522152354,ok
3440,ok,5178.213788032532,-1986.9514969130978,0.9050264309720901,ok
3441,ok,5184.602370262146,-1986.4872515341267,0.9057920317310817,ok
3442,ok,5191.089544296265,-1985.9752871533856,0.9065697181686455,ok
3443,ok,5197.477524757385,-1985.5164850493893,0.9073699145817806,ok
3444,ok,5203.887378692627,-1985.0959784826264,0.908186610161005,ok
3445,ok,5210.310203075409,-1984.6872893711552,0.909017017405928,ok
3446,ok,5216.736005306244,-1984.2525628646836,0.9098718218480546,ok
3447,ok,5223.197553157806,-1983.7392733534798,0.9107350585226457,ok
3448,ok,5229.6409640312195,-1983.3520853063092,0.9116189399693028,ok
3449,ok,5236.032489776611,-1982.8332976838574,0.9125084063761048,ok
3450,ok,5242.402255535126,-1982.3563815793023,0.9134050047906033,ok
3451,ok,5248.829998970032,-1981.9342311462387,0.9143023006387361,ok
3452,ok,5255.282623291016,-1981.3673056205735,0.915210515780216,ok
3453,ok,5261.747645378113,-1980.8639247259125,0.9161236583608391,ok
3454,ok,5268.180742740631,-1980.4086851915345,0.9170408717003009,ok
3455,ok,5274.666999340057,-1979.8766903718933,0.9179644878876715,ok
3456,ok,5281.191627502441,-1979.3386595686898,0.9188949511456388,ok
3457,ok,5287.686930656433,-1978.8197746714577,0.9198277083959963,ok
3458,ok,5294.143824100494,-1978.244871421717,0.9207608671671359,ok
3459,ok,5300.6351981163025,-1977.7944477042183,0.9216974928064101,ok
3460,ok,5307.137068271637,-1977.229941769503,0.9226340280569619,ok
3461,ok,5313.631091594696,-1976.6382703622803,0.9235772364857635,ok
3462,ok,5320.090569019318,-1976.1197423776612,0.9245181319123635,ok
3463,ok,5326.533011436462,-1975.5844108304009,0.9254565885511489,ok
3464,ok,5332.964393615723,-1975.008599682711,0.9263887562348393,ok
3465,ok,5339.4608364105225,-1974.4465202530846,0.9273119565984679,ok
3466,ok,5345.924627780914,-1973.7969013890252,0.9282395538523514,ok
3467,ok,5352.441364765167,-1973.147288187407,0.9291622952763438,ok
3468,ok,5358.970384597778,-1972.527373000048,0.9300823045452874,ok
3469,ok,5365.462605953217,-1971.9500943263993,0.9309988090203517,ok
3470,ok,5371.948600292206,-1971.2943985303864,0.9319081361336337,ok
3471,ok,5378.462478160858,-1970.6638223966584,0.9328102462972566,ok
3472,ok,5384.935794830322,-1970.029053314589,0.9337058286340475,ok
3473,ok,5391.425382614136,-1969.3472919305786,0.9345901384735023,ok
3474,ok,5397.946246623993,-1968.6963486513123,0.9354690492625833,ok
3475,ok,5404.474452972412,-1968.0400563916191,0.936336784979624,ok
3476,ok,5411.013731479645,-1967.2951766094193,0.9371960094798587,ok
3477,ok,5417.594956874847,-1966.603629454039,0.9380544146483234,ok
3478,ok,5424.218173980713,-1965.852959617041,0.938907468104031,ok
3479,ok,5430.779226303101,-1965.1058759531006,0.9397646287590794,ok
3480,ok,5437.44190788269,-1964.3510565599427,0.9406221118556845,ok
3481,ok,5444.081813812256,-1963.5528565486893,0.9414834418283563,ok
3482,ok,5450.752015590668,-1962.8237148961052,0.9423513793054431,ok
3483,ok,5457.423864364624,-1962.0104946931824,0.9432184680162997,ok
3484,ok,5464.052675247192,-1961.1924705347046,0.9440859092624393,ok
3485,ok,5470.816147327423,-1960.403745754622,0.9449548139936063,ok
3486,ok,5477.492343902588,-1959.5969152292237,0.9458182982745795,ok
3487,ok,5484.143983840942,-1958.7272395929322,0.946674434695835,ok
3488,ok,5490.879418373108,-1957.9102098187432,0.9475187623489864,ok
3489,ok,5497.57905292511,-1957.123443766497,0.9483574891174328,ok
3490,ok,5504.3205370903015,-1956.2851874073967,0.9491809264117809,ok
3491,ok,5511.029863357544,-1955.5202669939026,0.9499978726794265,ok
3492,ok,5517.77180814743,-1954.595610900782,0.9508134392440029,ok
3493,ok,5524.475438117981,-1953.7451140126213,0.9516198960450007,ok
3494,ok,5531.259663105011,-1952.87440304365,0.952426991800174,ok
3495,ok,5538.095549583435,-1952.083479388617,0.9532332092872138,ok
3496,ok,5544.900279998779,-1951.1080577811226,0.9540385302834954,ok
3497,ok,5551.775395870209,-1950.2659392794594,0.9548388443871636,ok
3498,ok,5558.619186401367,-1949.4515614947304,0.9556413586587263,ok
3499,ok,5565.520752429962,-1948.5933243473992,0.9564434454585581,ok
3500,ok,5572.346877574921,-1947.6802655300125,0.9572518037167139,ok
3501,ok,5579.253282546997,-1946.8735639890656,0.958052984538806,ok
3502,ok,5586.127125263214,-1945.8424777826294,0.9588617157190624,ok
3503,ok,5593.028080940247,-1944.9535862049088,0.9596671933294423,ok
3504,ok,5599.951097488403,-1943.9877444347367,0.960467863857681,ok
3505,ok,5606.8841009140015,-1942.9696734985337,0.9612706999497874,ok
3506,ok,5613.838645458221,-1942.0333176096901,0.9620613533252274,ok
3507,ok,5620.810535907745,-1941.013922973536,0.9628579161979205,ok
3508,ok,5627.7856340408325,-1940.0633857687935,0.9636517670827042,ok
3509,ok,5634.69282913208,-1939.037549062632,0.9644502117139172,ok
3510,ok,5641.652447223663,-1938.08676598873,0.9652564970090758,ok
3511,ok,5648.638838768005,-1937.0601630052552,0.9660619118559883,ok
3512,ok,5655.66192150116,-1936.063412888907,0.9668846141691527,ok
3513,ok,5662.643815994263,-1934.9957877239212,0.967700566541329,ok
3514,ok,5669.653696060181,-1934.0481980284676,0.9685235900145377,ok
3515,ok,5676.646750926971,-1932.9581788023934,0.969342880197164,ok
3516,ok,5683.639690876007,-1931.9350789031014,0.9701655194134884,ok
3517,ok,5690.61701965332,-1930.830715461634,0.9710006836566943,ok
3518,ok,5697.633635520935,-1929.7205591639504,0.9718398044432874,ok
3519,ok,5704.610052108765,-1928.579290552996,0.9726809082282266,ok
3520,ok,5711.634229183197,-1927.4466885766014,0.9735237192424974,ok
3521,ok,5718.64540719986,-1926.2519367178902,0.9743821454771734,ok
3522,ok,5725.658748149872,-1925.1342500885949,0.9752410735253474,ok
3523,ok,5732.629960536957,-1923.8394710263237,0.9761050337086568,ok
3524,ok,5739.6679520606995,-1922.6933895787224,0.9769740952825768,ok
3525,ok,5746.621145248413,-1921.445154829882,0.9778423996150785,ok
3526,ok,5753.654524803162,-1920.2549316128716,0.9787152007036802,ok
3527,ok,5760.614228248596,-1919.0002998551354,0.9795918079333176,ok
3528,ok,5767.636152744293,-1917.7830279311165,0.9804767954539426,ok
3529,ok,5774.6093282699585,-1916.4538711747155,0.9813635996457007,ok
3530,ok,5781.587450504303,-1915.22008101549,0.9822505706152345,ok
3531,ok,5788.538645744324,-1913.815932317637,0.9831330630527871,ok
3532,ok,5795.4994440078735,-1912.481975599192,0.9840149604606186,ok
3533,ok,5802.473880290985,-1911.1126115759835,0.984889311370312,ok
3534,ok,5809.426341533661,-1909.667757912539,0.9857708785442012,ok
3535,ok,5816.434754371643,-1908.3544768532738,0.9866412174902705,ok
3536,ok,5823.4367208480835,-1906.9705995758995,0.9875193946275806,ok
3537,ok,5830.418897628784,-1905.4836216410622,0.988397773627136,ok
3538,ok,5837.374330997467,-1904.0490977009758,0.9892784348177152,ok
3539,ok,5844.397295475006,-1902.6182549437508,0.9901650589638813,ok
3540,ok,5851.322669506073,-1901.1222966155037,0.9910472338325216,ok
3541,ok,5858.323641300201,-1899.698767467402,0.9919345878094813,ok
3542,ok,5865.260847091675,-1898.256772085093,0.9928181896246437,ok
3543,ok,5872.302980899811,-1896.7734977444634,0.9937065365802381,ok
3544,ok,5879.260563850403,-1895.381739540957,0.9945933163782866,ok
3545,ok,5886.229980945587,-1893.8847749670967,0.9954770050092724,ok
3546,ok,5893.229209423065,-1892.4667303999886,0.9963596327334754,ok
3547,ok,5900.222836494446,-1890.8813646277413,0.9972447907610158,ok
3548,ok,5907.215925693512,-1889.4037857493386,0.9981296193065642,ok
3549,ok,5914.252720355988,-1887.8569120606408,0.9990199025450917,ok
3550,ok,5921.2207226753235,-1886.266214533709,0.9999126481416643,ok
3551,ok,5928.219732761383,-1884.7945565422997,1.0008037067081463,ok
3552,ok,5935.202003479004,-1883.22389833536,1.0016954043323727,ok
3553,ok,5942.291485786438,-1881.648406191729,1.0025738787166334,ok
3554,ok,5949.288321018219,-1880.0346771916375,1.0034606303989366,ok
3555,ok,5956.339914798737,-1878.3766563376412,1.0043360043967031,ok
3556,ok,5963.378882884979,-1876.8628383120522,1.0052061812670632,ok
3557,ok,5970.423931598663,-1875.1919515570626,1.0060671401832368,ok
3558,ok,5977.413068771362,-1873.54241375532,1.006914618124161,ok
3559,ok,5984.478166103363,-1871.8651345213875,1.0077521708293027,ok
3560,ok,5991.483985424042,-1870.1526833018288,1.0085782303133632,ok
3561,ok,5998.466082572937,-1868.5044155558571,1.0093977454041843,ok
3562,ok,6005.4195346832275,-1866.8017423590645,1.0102022930979588,ok
3563,ok,6012.436367034912,-1865.0398730477318,1.0109973543574011,ok
3564,ok,6019.425887107849,-1863.3522140225396,1.011794253750846,ok
3565,ok,6026.414986133575,-1861.6593792876229,1.012573111152194,ok
3566,ok,6033.412075042725,-1859.9802586277947,1.0133505918152228,ok
3567,ok,6040.409229278564,-1858.3299774369225,1.0141124404556439,ok
3568,ok,6047.365064620972,-1856.5642885407433,1.0148739315764805,ok
3569,ok,6054.304640293121,-1854.8331194361672,1.0156200559947284,ok
3570,ok,6061.26557970047,-1853.0753317316994,1.016363238174896,ok
3571,ok,6068.173338890076,-1851.2827910622582,1.0170959857327515,ok
3572,ok,6075.040636539459,-1849.5421125134453,1.0178257650921634,ok
3573,ok,6081.970594882965,-1847.682071252726,1.01854622120284,ok
3574,ok,6088.859838008881,-1845.9413903197274,1.0192544818153881,ok
3575,ok,6095.751613140106,-1844.1574752768502,1.0199648559655232,ok
3576,ok,6102.6328020095825,-1842.3575798710808,1.0206561393592972,ok
3577,ok,6109.462814331055,-1840.565537973307,1.0213390346744,ok
3578,ok,6116.267453670502,-1838.7719773491845,1.0220029421643302,ok
3579,ok,6123.085935115814,-1836.9933667620644,1.0226460058832572,ok
3580,ok,6129.879374027252,-1835.1500974139199,1.0232568237015185,ok
3581,ok,6136.656516551971,-1833.400179787539,1.0238448089963812,ok
3582,ok,6143.443858623505,-1831.5966402729973,1.024402774630661,ok
3583,ok,6150.18581867218,-1829.668685956858,1.0249243789951856,ok
3584,ok,6156.97767162323,-1827.8808211525902,1.0254153688365255,ok
3585,ok,6163.719377994537,-1826.0588462790474,1.0258655654753774,ok
3586,ok,6170.435687541962,-1824.2638861378655,1.0262913003797767,ok
3587,ok,6177.234418869019,-1822.4502163371071,1.0266749439139025,ok
3588,ok,6184.011745452881,-1820.6120101651177,1.0270265039843087,ok
3589,ok,6190.774355888367,-1818.7466177185997,1.0273575608606431,ok
3590,ok,6197.482369422913,-1816.896933957003,1.0276604937111316,ok
3591,ok,6204.228026866913,-1815.1006536921486,1.0279441745940778,ok
3592,ok,6210.9379234313965,-1813.17460708227,1.0279441745940778,deadzone
3593,ok,6217.643589496613,-1811.3695517024025,1.0279441745940778,deadzone
3594,ok,6224.311932086945,-1809.4368194779381,1.0279441745940778,deadzone
3595,ok,6231.014808654785,-1807.6456093033776,1.0279441745940778,deadzone
3596,ok,6237.640067577362,-1805.6592351635918,1.0279441745940778,deadzone
3597,ok,6244.274163246155,-1803.7718383511528,1.0279441745940778,deadzone
3598,ok,6250.719851970673,-1801.897090359591,1.0279441745940778,deadzone
3599,ok,6257.1771450042725,-1800.0110611161217,1.0279441745940778,deadzone
3600,ok,6263.700681209564,-1798.1274314364418,1.0279441745940778,deadzone
3601,ok,6270.213426589966,-1796.154177828692,1.0279441745940778,deadzone
3602,ok,6276.837627887726,-1794.2409184416756,1.0279441745940778,deadzone
3603,ok,6283.428007602692,-1792.2361700972542,1.0279441745940778,deadzone
3604,ok,6290.10653924942,-1790.2495872220024,1.0279441745940778,deadzone
3605,ok,6296.811954021454,-1788.2479287823662,1.0279441745940778,deadzone
3606,ok,6303.551640987396,-1786.2146550854668,1.0279441745940778,deadzone
3607,ok,6310.331387042999,-1784.140160962008,1.0279441745940778,deadzone
3608,ok,6317.099655628204,-1782.0659164628014,1.0279441745940778,deadzone
3609,ok,6323.867322444916,-1779.9672462185845,1.0279441745940778,deadzone
3610,ok,6330.659124851227,-1777.862683459185,1.0279441745940778,deadzone
3611,ok,6337.459746837616,-1775.74706904497,1.0279441745940778,deadzone
3612,ok,6344.281205654144,-1773.6263543805107,1.0279441745940778,deadzone
3613,ok,6351.087198734283,-1771.418622895144,1.0279441745940778,deadzone
3614,ok,6357.972201824188,-1769.328803463839,1.0279441745940778,deadzone
3615,ok,6364.7886781692505,-1767.1957806786522,1.0279441745940778,deadzone
3616,ok,6371.637438297272,-1765.1049839695916,1.0279441745940778,deadzone
3617,ok,6378.533235549927,-1763.0128580769524,1.0279441745940778,deadzone
3618,ok,6385.38439655304,-1760.8162342747673,1.0279441745940778,deadzone
3619,ok,6392.302758693695,-1758.639552517794,1.0279441745940778,deadzone
3620,ok,6399.1407651901245,-1756.5102159222588,1.0279441745940778,deadzone
3621,ok,6405.993804931641,-1754.3718878468499,1.0279441745940778,deadzone
3622,ok,6412.944157600403,-1752.2780071934685,1.0279441745940778,deadzone
3623,ok,6419.790656089783,-1750.141624613665,1.0279441745940778,deadzone
3624,ok,6426.631367683411,-1748.0353998383507,1.0279441745940778,deadzone
3625,ok,6433.442232131958,-1745.883790655993,1.0279441745940778,deadzone
3626,ok,6440.25039768219,-1743.698926373385,1.0279441745940778,deadzone
3627,ok,6447.025638103485,-1741.682744427584,1.0279441745940778,deadzone
3628,ok,6453.835438251495,-1739.5037311753258,1.0279441745940778,deadzone
3629,ok,6460.585969924927,-1737.3772789677605,1.0279441745940778,deadzone
3630,ok,6467.369933605194,-1735.2475733002648,1.0279441745940778,deadzone
3631,ok,6474.111043453217,-1733.0699671944603,1.0279441745940778,deadzone
3632,ok,6480.846440792084,-1730.9624470910057,1.0279441745940778,deadzone
3633,ok,6487.608046531677,-1728.7748672207817,1.0279441745940778,deadzone
3634,ok,6494.350487232208,-1726.6730035981163,1.0279441745940778,deadzone
3635,ok,6501.062641143799,-1724.529368086718,1.0279441745940778,deadzone
3636,ok,6507.797797203064,-1722.331375761889,1.0279441745940778,deadzone
3637,ok,6514.5060839653015,-1720.1461753090844,1.0279441745940778,deadzone
3638,ok,6521.233513355255,-1717.9551436146721,1.0279441745940778,deadzone
3639,ok,6527.925219535828,-1715.7969440659508,1.0279441745940778,deadzone
3640,ok,6534.683826446533,-1713.5349020203575,1.0279441745940778,deadzone
3641,ok,6541.4047112464905,-1711.3409694870934,1.0279441745940778,deadzone
3642,ok,6548.079031944275,-1709.1946355542168,1.0279441745940778,deadzone
3643,ok,6554.755789756775,-1706.9576908787712,1.0279441745940778,deadzone
3644,ok,6561.395836353302,-1704.7873925408348,1.0279441745940778,deadzone
3645,ok,6568.053478717804,-1702.5656422814354,1.0279441745940778,deadzone
3646,ok,6574.619646072388,-1700.3628672799096,1.0279441745940778,deadzone
3647,ok,6581.321352005005,-1698.2214254578575,1.0279441745940778,deadzone
3648,ok,6587.903618812561,-1696.0680915554985,1.0279441745940778,deadzone
3649,ok,6594.430577278137,-1693.8777772625908,1.0279441745940778,deadzone
3650,ok,6601.103021621704,-1691.778042002581,1.0279441745940778,deadzone
3651,ok,6607.675466537476,-1689.6388372620568,1.0279441745940778,deadzone
3652,ok,6614.249034881592,-1687.53084771242,1.0279441745940778,deadzone
3653,ok,6620.777591228485,-1685.4358855923638,1.0279441745940778,deadzone
3654,ok,6627.258997440338,-1683.309338494204,1.0279441745940778,deadzone
3655,ok,6633.822499752045,-1681.2903250893578,1.0279441745940778,deadzone
3656,ok,6640.2988448143005,-1679.3226463040337,1.0279441745940778,deadzone
3657,ok,6646.810604572296,-1677.1682628830895,1.0279441745940778,deadzone
3658,ok,6653.308643341064,-1675.2364612063393,1.0279441745940778,deadzone
3659,ok,6659.813780784607,-1673.1140048941597,1.0279441745940778,deadzone
3660,ok,6666.346248149872,-1671.142240091227,1.0279441745940778,deadzone
3661,ok,6672.831748008728,-1669.1170461615548,1.0279441745940778,deadzone
3662,ok,6679.248861789703,-1667.1131875952706,1.0279441745940778,deadzone
3663,ok,6685.700316429138,-1665.0803342303261,1.0279441745940778,deadzone
3664,ok,6692.159201145172,-1663.154578491114,1.0279441745940778,deadzone
3665,ok,6698.614749908447,-1661.1394379576668,1.0279441745940778,deadzone
3666,ok,6705.040364265442,-1659.193184777163,1.0279441745940778,deadzone
3667,ok,6711.432046413422,-1657.217454358004,1.0279441745940778,deadzone
3668,ok,6717.821296215057,-1655.2038604458794,1.0279441745940778,deadzone
3669,ok,6724.168134212494,-1653.2684969147667,1.0279441745940778,deadzone
3670,ok,6730.487673282623,-1651.3497939547524,1.0279441745940778,deadzone
3671,ok,6736.837468624115,-1649.3690650900826,1.0279441745940778,deadzone
3672,ok,6743.157353878021,-1647.4683874091133,1.0279441745940778,deadzone
3673,ok,6749.442817687988,-1645.4875482758507,1.0279441745940778,deadzone
3674,ok,6755.817847728729,-1643.6427821358666,1.0279441745940778,deadzone
3675,ok,6762.088870048523,-1641.5680746277794,1.0279441745940778,deadzone
3676,ok,6768.396963119507,-1639.6515006264672,1.0279441745940778,deadzone
3677,ok,6774.714469909668,-1637.6357349595055,1.0279441745940778,deadzone
3678,ok,6781.006297111511,-1635.7188246687874,1.0279441745940778,deadzone
3679,ok,6787.287955760956,-1633.702780767344,1.0279441745940778,deadzone
3680,ok,6793.626602649689,-1631.7307897051796,1.0279441745940778,deadzone
3681,ok,6799.893438816071,-1629.6882870635018,1.0279441745940778,deadzone
3682,ok,6806.159294128418,-1627.6785505255684,1.0279441745940778,deadzone
3683,ok,6812.409601688385,-1625.6763511141762,1.0279441745940778,deadzone
3684,ok,6818.763913154602,-1623.683212085627,1.0279441745940778,deadzone
3685,ok,6824.999419212341,-1621.7052990635857,1.0279441745940778,deadzone
3686,ok,6831.324418067932,-1619.72385470476,1.0279441745940778,deadzone
3687,ok,6837.633268356323,-1617.7433463772759,1.0279441745940778,deadzone
3688,ok,6843.913741111755,-1615.7025143345818,1.0279441745940778,deadzone
3689,ok,6850.173985958099,-1613.8005665978417,1.0279441745940778,deadzone
3690,ok,6856.502792835236,-1611.8079599579796,1.0279441745940778,deadzone
3691,ok,6862.787692070007,-1609.816101117991,1.0279441745940778,deadzone
3692,ok,6869.068895816803,-1607.8646252593026,1.0279441745940778,deadzone
3693,ok,6875.3740911483765,-1605.9273070534691,1.0279441745940778,deadzone
3694,ok,6881.580035209656,-1603.9091698369011,1.0279441745940778,deadzone
3695,ok,6887.798816204071,-1601.9633902749047,1.0279441745940778,deadzone
3696,ok,6894.049431800842,-1600.0349255045876,1.0279441745940778,deadzone
3697,ok,6900.295396327972,-1598.027200027369,1.0279441745940778,deadzone
3698,ok,6906.577769756317,-1596.1856449088082,1.0279441745940778,deadzone
3699,ok,6912.84229183197,-1594.150014682673,1.0279441745940778,deadzone
3700,ok,6919.140481472015,-1592.2241074284539,1.0279441745940778,deadzone
3701,ok,6925.4153599739075,-1590.3834001263604,1.0279441745940778,deadzone
3702,ok,6931.713156700134,-1588.4587753256783,1.0279441745940778,deadzone
3703,ok,6938.031867980957,-1586.526356860064,1.0279441745940778,deadzone
3704,ok,6944.334183692932,-1584.6148602208123,1.0279441745940778,deadzone
3705,ok,6950.620313644409,-1582.7454106053337,1.0279441745940778,deadzone
3706,ok,6956.861361980438,-1580.768314643763,1.0279441745940778,deadzone
3707,ok,6963.18789100647,-1578.940373226069,1.0279441745940778,deadzone
3708,ok,6969.453181266785,-1576.9616704424843,1.0279441745940778,deadzone
3709,ok,6975.75755739212,-1574.9960663756356,1.0279441745940778,deadzone
3710,ok,6982.041904449463,-1573.1135145863518,1.0279441745940778,deadzone
3711,ok,6988.330101013184,-1571.1295997342095,1.0279441745940778,deadzone
3712,ok,6994.671650886536,-1569.2027472695336,1.0279441745940778,deadzone
3713,ok,7000.948681354523,-1567.315059944056,1.0279441745940778,deadzone
3714,ok,7007.302726268768,-1565.3660186966881,1.0279441745940778,deadzone
3715,ok,7013.589876174927,-1563.4376280745491,1.0279441745940778,deadzone
3716,ok,7019.910192966461,-1561.4187982520089,1.0279441745940778,deadzone
3717,ok,7026.27490234375,-1559.6155029973015,1.0279441745940778,deadzone
3718,ok,7032.535806655884,-1557.6057635983452,1.0279441745940778,deadzone
3719,ok,7038.861642360687,-1555.7228870829567,1.0279441745940778,deadzone
3720,ok,7045.196003437042,-1553.7781783780083,1.0279441745940778,deadzone
3721,ok,7051.607647895813,-1551.8517295559868,1.0279441745940778,deadzone
3722,ok,7057.9198117256165,-1549.9375535687432,1.0279441745940778,deadzone
3723,ok,7064.288927078247,-1548.0534267863259,1.0279441745940778,deadzone
3724,ok,7070.653800010681,-1546.1405662735924,1.0279441745940778,deadzone
3725,ok,7077.031443595886,-1544.2345616063103,1.0279441745940778,deadzone
3726,ok,7083.395040035248,-1542.3038148125634,1.0279441745940778,deadzone
3727,ok,7089.7551527023315,-1540.46522001829,1.0279441745940778,deadzone
3728,ok,7096.089312076569,-1538.471744700335,1.0279441745940778,deadzone
3729,ok,7102.446307659149,-1536.5997165879235,1.0279441745940778,deadzone
3730,ok,7108.758185863495,-1534.649651213549,1.0279441745940778,deadzone
3731,ok,7115.14772939682,-1532.8174242218956,1.0279441745940778,deadzone
3732,ok,7121.492977142334,-1530.9056959589943,1.0279441745940778,deadzone
3733,ok,7127.8409905433655,-1529.0608662804589,1.0279441745940778,deadzone
3734,ok,7134.175795555115,-1527.1744721373543,1.0279441745940778,deadzone
3735,ok,7140.451140880585,-1525.3231978854164,1.0279441745940778,deadzone
3736,ok,7146.743478775024,-1523.4431565245613,1.0279441745940778,deadzone
3737,ok,7153.0934953689575,-1521.5089178523049,1.0279441745940778,deadzone
3738,ok,7159.455674648285,-1519.684307618998,1.0279441745940778,deadzone
3739,ok,7165.947158813477,-1517.7190355500206,1.0279970079011658,ok
3740,ok,7172.321355342865,-1515.8950500926003,1.0280894831837615,ok
3741,ok,7178.55513381958,-1513.9696555575356,1.0282222609104033,ok
3742,ok,7184.834225177765,-1512.1071057757363,1.0282222609104033,deadzone
3743,ok,7191.0339460372925,-1510.2396764000878,1.028286088094784,ok
3744,ok,7197.274933815002,-1508.5688478192315,1.028286088094784,deadzone
3745,ok,7203.379401683807,-1506.668654247187,1.0283396622920176,ok
3746,ok,7209.52360868454,-1504.9693770846352,1.0283396622920176,deadzone
3747,ok,7215.701453208923,-1503.2382159670815,1.0283396622920176,deadzone
3748,ok,7221.779735565186,-1501.4550961693749,1.0283396622920176,deadzone
3749,ok,7227.843605995178,-1499.7936524590477,1.0283396622920176,deadzone
3750,ok,7233.873178958893,-1498.0284313401207,1.0283396622920176,deadzone
3751,ok,7239.8933634758,-1496.369208498858,1.0283396622920176,deadzone
3752,ok,7245.967800617218,-1494.6411605319008,1.0283396622920176,deadzone
3753,ok,7252.016174316406,-1492.9632230242714,1.0283396622920176,deadzone
3754,ok,7258.076731204987,-1491.1474478682503,1.0283396622920176,deadzone
3755,ok,7264.157552719116,-1489.469888373278,1.0283396622920176,deadzone
3756,ok,7270.178142547607,-1487.6250747879967,1.0283396622920176,deadzone
3757,ok,7276.260841846466,-1485.9939867695794,1.0283396622920176,deadzone
3758,ok,7282.249797821045,-1484.142259403132,1.0283396622920176,deadzone
3759,ok,7288.339587688446,-1482.4905635556206,1.028391486250311,ok
3760,ok,7294.2705364227295,-1480.7307649096474,1.028391486250311,deadzone
3761,ok,7300.2927350997925,-1479.0179002722725,1.028391486250311,deadzone
3762,ok,7306.336111545563,-1477.3066688021645,1.028391486250311,deadzone
3763,ok,7312.349582672119,-1475.5798863610253,1.028391486250311,deadzone
3764,ok,7318.3151478767395,-1473.8474599560723,1.028391486250311,deadzone
3765,ok,7324.308035373688,-1472.171366139315,1.028391486250311,deadzone
3766,ok,7330.181708812714,-1470.3733932217583,1.028391486250311,deadzone
3767,ok,7336.184237957001,-1468.7692007264122,1.028391486250311,deadzone
3768,ok,7342.00013256073,-1467.0332022150978,1.028391486250311,deadzone
3769,ok,7347.8560609817505,-1465.4221456488594,1.028391486250311,deadzone
3770,ok,7353.733920574188,-1463.7034668168053,1.028391486250311,deadzone
3771,ok,7359.639479637146,-1461.969918414019,1.028391486250311,deadzone
3772,ok,7365.7471442222595,-1460.2052442273125,1.028391486250311,deadzone
3773,ok,7371.780465602875,-1458.439375682734,1.028391486250311,deadzone
3774,ok,7377.825580596924,-1456.6502861222252,1.028391486250311,deadzone
3775,ok,7383.946814537048,-1454.8570960005745,1.028391486250311,deadzone
3776,ok,7390.0201687812805,-1453.0934163769707,1.028391486250311,deadzone
3777,ok,7396.2060470581055,-1451.3225357970223,1.028391486250311,deadzone
3778,ok,7402.357804775238,-1449.444950147532,1.028391486250311,deadzone
3779,ok,7408.588107585907,-1447.6401471337304,1.028391486250311,deadzone
3780,ok,7414.844278812408,-1445.822409315966,1.028391486250311,deadzone
3781,ok,7421.035226821899,-1443.9652682980523,1.028391486250311,deadzone
3782,ok,7427.281657218933,-1442.1112851342186,1.028391486250311,deadzone
3783,ok,7433.570588588715,-1440.250696583651,1.028391486250311,deadzone
3784,ok,7439.887893199921,-1438.3942089518532,1.0284455239818722,ok
3785,ok,7446.181224822998,-1436.5498069962487,1.0285387481671802,ok
3786,ok,7452.446068286896,-1434.6288770874962,1.0286612458807527,ok
3787,ok,7458.712536811829,-1432.758596344851,1.028814770352131,ok
3788,ok,7465.0416431427,-1430.8951865872368,1.028814770352131,deadzone
3789,ok,7471.426074504852,-1429.0640416583046,1.0288796236612623,ok
3790,ok,7477.81224155426,-1427.2176275691018,1.0289803965789825,ok
3791,ok,7484.173418998718,-1425.3606420001015,1.0291284642424272,ok
3792,ok,7490.566373825073,-1423.5161860426888,1.0292988916904793,ok
3793,ok,7496.895259380341,-1421.6180305918679,1.0295033985774869,ok
3794,ok,7503.307200908661,-1419.8643200835213,1.0297250902264572,ok
3795,ok,7509.60092830658,-1417.9380760630593,1.029966773779639,ok
3796,ok,7515.91158246994,-1416.151629014872,1.0302293584284548,ok
3797,ok,7522.174437046051,-1414.2495279749855,1.0304995333294436,ok
3798,ok,7528.496011734009,-1412.4392670830712,1.03078131936493,ok
3799,ok,7534.7901263237,-1410.5882877549157,1.0310754104889743,ok
3800,ok,7541.146646022797,-1408.7293255766854,1.0313745887745234,ok
3801,ok,7547.440804481506,-1406.8459253748879,1.031693035922535,ok
3802,ok,7553.767785549164,-1404.9600699385628,1.0320165344444991,ok
3803,ok,7560.069846630096,-1403.1082463702187,1.0323438733549826,ok
3804,ok,7566.396575450897,-1401.184789701365,1.0326705444609723,ok
3805,ok,7572.777738571167,-1399.3139448603615,1.0330033024838186,ok
3806,ok,7579.11686372757,-1397.4272418459877,1.0333382489405938,ok
3807,ok,7585.470969676971,-1395.5789086064324,1.0336728954256713,ok
3808,ok,7591.7848262786865,-1393.705213948153,1.0340164822586042,ok
3809,ok,7598.141131877899,-1391.8307893713936,1.034353600129035,ok
3810,ok,7604.473525524139,-1389.954999848269,1.034701722803355,ok
3811,ok,7610.798590183258,-1388.051763935946,1.0350556750463393,ok
3812,ok,7617.143424510956,-1386.2513813218102,1.035403079255779,ok
3813,ok,7623.397535324097,-1384.3126179417595,1.035769056290708,ok
3814,ok,7629.7269196510315,-1382.5207744082436,1.0361128142081717,ok
3815,ok,7636.030849456787,-1380.567132516764,1.036466093945596,ok
3816,ok,7642.318947315216,-1378.6809080084786,1.036807792768315,ok
3817,ok,7648.614002227783,-1376.8092650612816,1.0371520340428728,ok
3818,ok,7654.83776140213,-1374.9308745106682,1.0374969308798723,ok
3819,ok,7661.116177082062,-1373.0707573136315,1.0378359554111412,ok
3820,ok,7667.338673591614,-1371.1031282385811,1.0381764246180527,ok
3821,ok,7673.515723228455,-1369.2438397845253,1.0385098882227928,ok
3822,ok,7679.756746768951,-1367.2892225226387,1.0388350625481266,ok
3823,ok,7685.995433807373,-1365.3645070036873,1.0391613845953704,ok
3824,ok,7692.2070598602295,-1363.4404986342415,1.0394909258946723,ok
3825,ok,7698.467555522919,-1361.492553873919,1.0398159721657139,ok
3826,ok,7704.720331668854,-1359.5087831458077,1.0401400526846123,ok
3827,ok,7710.85381603241,-1357.5994601687416,1.0404551892901308,ok
3828,ok,7717.122630596161,-1355.6505233487114,1.0407738571333185,ok
3829,ok,7723.323296070099,-1353.7280891379341,1.0410953663015312,ok
3830,ok,7729.517273902893,-1351.7809306820855,1.041404852454472,ok
3831,ok,7735.719307899475,-1349.83038560953,1.0417218620698991,ok
3832,ok,7741.848645210266,-1347.8872452219948,1.042032140179581,ok
3833,ok,7748.0486125946045,-1345.9381198128685,1.0423385166955268,ok
3834,ok,7754.180490493774,-1343.9798945626244,1.0426460055179307,ok
3835,ok,7760.360546112061,-1342.0376426419243,1.0429598221992171,ok
3836,ok,7766.521481513977,-1340.053082629107,1.0432776854024666,ok
3837,ok,7772.646479129791,-1338.0531447371468,1.0436137593045032,ok
3838,ok,7778.774742603302,-1336.0441172560677,1.0439471451990794,ok
3839,ok,7784.899675369263,-1334.1197352847084,1.0442824484327875,ok
3840,ok,7791.02440404892,-1332.0423930129036,1.0446203890325234,ok
3841,ok,7797.185995578766,-1330.0986478766426,1.0449652142504486,ok
3842,ok,7803.389207839966,-1328.0251467665657,1.0453129129554768,ok
3843,ok,7809.511742115021,-1326.0423658331856,1.045667652148245,ok
3844,ok,7815.612023830414,-1323.985078140162,1.0460274495356396,ok
3845,ok,7821.774774074554,-1321.9858463248238,1.0463860086328254,ok
3846,ok,7827.953315734863,-1319.92611054983,1.0467483029134041,ok
3847,ok,7834.070893764496,-1317.8824906786904,1.047110996119329,ok
3848,ok,7840.153877258301,-1315.766620918177,1.0474760140700599,ok
3849,ok,7846.218140125275,-1313.7502162894234,1.0478485524015457,ok
3850,ok,7852.279964923859,-1311.6804254492745,1.048216236550132,ok
3851,ok,7858.344521522522,-1309.660371108912,1.0485840023926394,ok
3852,ok,7864.332581996918,-1307.5729232272133,1.0489478604552391,ok
3853,ok,7870.365490913391,-1305.5299368342385,1.049311371703531,ok
3854,ok,7876.404715061188,-1303.3815291365609,1.0496685914902812,ok
3855,ok,7882.424295425415,-1301.3781664809212,1.0500411539715515,ok
3856,ok,7888.453761100769,-1299.2922800024971,1.0504051517209925,ok
3857,ok,7894.431583404541,-1297.1881709536538,1.0507715857483055,ok
3858,ok,7900.426763534546,-1295.1591313323006,1.0511366659648977,ok
3859,ok,7906.375896930695,-1293.0008805235848,1.0514917886225659,ok
3860,ok,7912.426723480225,-1290.8704641303048,1.0518489434260994,ok
3861,ok,7918.363561630249,-1288.7696614703164,1.0521978180054161,ok
3862,ok,7924.34411907196,-1286.5678976019844,1.0525471850466837,ok
3863,ok,7930.329644203186,-1284.4916766127571,1.0528917010767622,ok
3864,ok,7936.326885700226,-1282.3244071444497,1.0532361189614805,ok
3865,ok,7942.327704906464,-1280.2555191954598,1.0535826253830087,ok
3866,ok,7948.321128845215,-1278.1573732336983,1.0539262301683594,ok
3867,ok,7954.272207260132,-1275.9174638232216,1.054273344474044,ok
3868,ok,7960.234991073608,-1273.8896041354164,1.05462022674376,ok
3869,ok,7966.185833930969,-1271.7601817091927,1.0549687170248403,ok
3870,ok,7972.11972284317,-1269.6690397700295,1.055308063676766,ok
3871,ok,7978.123594284058,-1267.6210425337777,1.0556437563888246,ok
3872,ok,7984.087181091309,-1265.4756482085213,1.0559779644573122,ok
3873,ok,7990.045792102814,-1263.3744667014107,1.0563096577142075,ok
3874,ok,7996.002503871918,-1261.2695813616738,1.056641605998544,ok
3875,ok,8001.850884914398,-1259.1425185641274,1.0569539474253402,ok
3876,ok,8007.762065887451,-1257.076667114161,1.0572767233696114,ok
3877,ok,8013.62713432312,-1254.9248028239235,1.057575378512757,ok
3878,ok,8019.560468196869,-1252.851471467875,1.0578810738067437,ok
3879,ok,8025.470324039459,-1250.7860997160897,1.0581657507873965,ok
3880,ok,8031.350028514862,-1248.667775674723,1.0584429403061855,ok
3881,ok,8037.155824184418,-1246.5468101939186,1.0584429403061855,deadzone
3882,ok,8043.0222244262695,-1244.4625499686226,1.0584429403061855,deadzone
3883,ok,8048.878065109253,-1242.3554590186104,1.0584429403061855,deadzone
3884,ok,8054.746537685394,-1240.23048762884,1.0584429403061855,deadzone
3885,ok,8060.654246330261,-1238.140440507792,1.0584429403061855,deadzone
3886,ok,8066.518354892731,-1235.9733608206734,1.0584429403061855,deadzone
3887,ok,8072.434220790863,-1233.8414643248543,1.0584429403061855,deadzone
3888,ok,8078.332842826843,-1231.7542338808998,1.0584429403061855,deadzone
3889,ok,8084.234437465668,-1229.6307166060433,1.0584429403061855,deadzone
3890,ok,8090.0002546310425,-1227.561526342295,1.0584429403061855,deadzone
3891,ok,8095.9281306266785,-1225.4904952486977,1.0584429403061855,deadzone
3892,ok,8101.7720737457275,-1223.3947439631447,1.0584429403061855,deadzone
3893,ok,8107.720095157623,-1221.3649859866127,1.0584429403061855,deadzone
3894,ok,8113.615595340729,-1219.178545041941,1.0584429403061855,deadzone
3895,ok,8119.495041370392,-1217.0645192107186,1.0584429403061855,deadzone
3896,ok,8125.447235107422,-1214.9132593115792,1.0584429403061855,deadzone
3897,ok,8131.326775550842,-1212.794998451136,1.0584429403061855,deadzone
3898,ok,8137.283750534058,-1210.607650323771,1.0584429403061855,deadzone
3899,ok,8143.261860847473,-1208.5311069926247,1.0584429403061855,deadzone
3900,ok,8149.153869628906,-1206.35526947584,1.0584429403061855,deadzone
3901,ok,8155.035387039185,-1204.2371979197487,1.0584986683310316,ok
3902,ok,8160.934055328369,-1202.1471798857674,1.0586021817267113,ok
3903,ok,8166.776057720184,-1199.9448323687539,1.0587425663958845,ok
3904,ok,8172.664308547974,-1197.8665442904457,1.0589267844419599,ok
3905,ok,8178.456347465515,-1195.6930661639199,1.0591372593728658,ok
3906,ok,8184.332444190979,-1193.5018022498116,1.0593763689769706,ok
3907,ok,8190.186076641083,-1191.4164607962593,1.0596350638392673,ok
3908,ok,8196.024631977081,-1189.2151432475075,1.0599065075733816,ok
3909,ok,8201.915461063385,-1187.1243789633736,1.0601972563429167,ok
3910,ok,8207.702059745789,-1185.0460172137246,1.0604898419623716,ok
3911,ok,8213.445049285889,-1182.8172274073586,1.0607776377135447,ok
3912,ok,8219.220096111298,-1180.834284110926,1.0610534495285238,ok
3913,ok,8225.022240161896,-1178.6721373042092,1.0610534495285238,deadzone
3914,ok,8230.850253105164,-1176.540305419825,1.0610534495285238,deadzone
3915,ok,8236.618043422699,-1174.4136138400063,1.0610534495285238,deadzone
3916,ok,8242.5010471344,-1172.2344041308388,1.0610534495285238,deadzone
3917,ok,8248.319677352905,-1170.0782673796639,1.0610534495285238,deadzone
3918,ok,8254.099920749664,-1167.9990017851815,1.0610534495285238,deadzone
3919,ok,8259.83754491806,-1165.7727234801278,1.0610534495285238,deadzone
3920,ok,8265.583069324493,-1163.640363498591,1.0610534495285238,deadzone
3921,ok,8271.343593597412,-1161.458965822123,1.0610534495285238,deadzone
3922,ok,8277.015133857727,-1159.2846458395943,1.0610534495285238,deadzone
3923,ok,8282.822396278381,-1157.1892874678597,1.0610534495285238,deadzone
3924,ok,8288.571001052856,-1154.9565859278664,1.0610534495285238,deadzone
3925,ok,8294.379472732544,-1152.7724795779213,1.0610534495285238,deadzone
3926,ok,8300.092140197754,-1150.565231605433,1.0610534495285238,deadzone
3927,ok,8305.896852493286,-1148.3221314391121,1.0610534495285238,deadzone
3928,ok,8311.656558513641,-1146.1136498888955,1.0610534495285238,deadzone
3929,ok,8317.405923843384,-1143.8668191870674,1.0610534495285238,deadzone
3930,ok,8323.231705665588,-1141.687667175196,1.0610534495285238,deadzone
3931,ok,8328.925773620605,-1139.4482822855935,1.0610534495285238,deadzone
3932,ok,8334.786416053772,-1137.2455246886238,1.0610534495285238,deadzone
3933,ok,8340.49913930893,-1135.0442693671212,1.0610534495285238,deadzone
3934,ok,8346.318099021912,-1132.7899132212624,1.0610534495285238,deadzone
3935,ok,8352.000166416168,-1130.5423365077004,1.0610534495285238,deadzone
3936,ok,8357.745791435242,-1128.3531258543953,1.0610534495285238,deadzone
3937,ok,8363.52000617981,-1126.0751142939553,1.0610534495285238,deadzone
3938,ok,8369.289715766907,-1123.8695555170998,1.0610534495285238,deadzone
3939,ok,8375.041641712189,-1121.605533405207,1.0610534495285238,deadzone
3940,ok,8380.75979232788,-1119.4131296118721,1.0610534495285238,deadzone
3941,ok,8386.63274383545,-1117.228905483149,1.0610534495285238,deadzone
3942,ok,8392.350355148315,-1114.9563599070534,1.0610534495285238,deadzone
3943,ok,8398.211540222168,-1112.679361387156,1.0610534495285238,deadzone
3944,ok,8403.958417892456,-1110.8148630103096,1.0610534495285238,deadzone
3945,ok,8409.76836013794,-1108.5695665320382,1.0610534495285238,deadzone
3946,ok,8415.56510066986,-1106.3361378153786,1.0610534495285238,deadzone
3947,ok,8421.467990875244,-1104.1174366911873,1.0610534495285238,deadzone
3948,ok,8427.280669689178,-1101.802346511744,1.0610534495285238,deadzone
3949,ok,8433.085855960846,-1099.576085372828,1.0610534495285238,deadzone
3950,ok,8438.875334262848,-1097.337359472178,1.0610534495285238,deadzone
3951,ok,8444.682431697845,-1095.1340563734993,1.0610534495285238,deadzone
3952,ok,8450.562321662903,-1092.8844426115975,1.0610534495285238,deadzone
3953,ok,8456.28836107254,-1090.666438384913,1.0610534495285238,deadzone
3954,ok,8462.190612792969,-1088.4716351469979,1.0610534495285238,deadzone
3955,ok,8468.042221546173,-1086.1368358572945,1.0610534495285238,deadzone
3956,ok,8473.862931728363,-1083.8877017935738,1.0610534495285238,deadzone
3957,ok,8479.736963748932,-1081.5399096449837,1.0610534495285238,deadzone
3958,ok,8485.577412605286,-1079.2423487147316,1.0610534495285238,deadzone
3959,ok,8491.372059345245,-1076.92704348173,1.0610534495285238,deadzone
3960,ok,8497.161283016205,-1074.6806424101815,1.0610534495285238,deadzone
3961,ok,8502.917417049408,-1072.3822236498818,1.0610534495285238,deadzone
3962,ok,8508.903512477875,-1069.9996314486489,1.0610534495285238,deadzone
3963,ok,8514.732563018799,-1067.5892529925331,1.0610534495285238,deadzone
3964,ok,8520.541439056396,-1065.2089417418465,1.0610534495285238,deadzone
3965,ok,8526.35550737381,-1062.8889296492562,1.0610534495285238,deadzone
3966,ok,8532.240159988403,-1060.5068872412667,1.0610534495285238,deadzone
3967,ok,8538.084804058075,-1058.0976849040017,1.0610534495285238,deadzone
3968,ok,8543.92352771759,-1055.722541376017,1.0610534495285238,deadzone
3969,ok,8549.830106258392,-1053.3300846060738,1.0610534495285238,deadzone
3970,ok,8555.736331939697,-1050.910145088099,1.0610534495285238,deadzone
3971,ok,8561.63497543335,-1048.5157189806923,1.0610534495285238,deadzone
3972,ok,8567.600613117218,-1046.1331527670845,1.0610534495285238,deadzone
3973,ok,8573.463386058807,-1043.787225051783,1.0610534495285238,deadzone
3974,ok,8579.406373977661,-1041.4023712119088,1.0610534495285238,deadzone
3975,ok,8585.3469581604,-1039.0384402712807,1.0610534495285238,deadzone
3976,ok,8591.338459014893,-1036.6389794787392,1.0611068961235974,ok
3977,ok,8597.313316345215,-1034.2752252062783,1.0611068961235974,deadzone
3978,ok,8603.30416727066,-1031.8554282626137,1.061166981502326,ok
3979,ok,8609.277132511139,-1029.4628751715645,1.0612746686886274,ok
3980,ok,8615.25228881836,-1027.0679455241188,1.0614208634564932,ok
3981,ok,8621.186235427856,-1024.6893096407875,1.0616014022446278,ok
3982,ok,8627.14795255661,-1022.2880256613716,1.0617992287107905,ok
3983,ok,8633.119698047638,-1019.9065802535042,1.062018628279304,ok
3984,ok,8639.148636341095,-1017.4467080077156,1.0622497805605382,ok
3985,ok,8645.126070976257,-1015.1186018427834,1.062497014610797,ok
3986,ok,8651.085203170776,-1012.6750014265999,1.0627526113032657,ok
3987,ok,8657.090661525726,-1010.273928209208,1.06302067065946,ok
3988,ok,8663.03088092804,-1007.9006777247414,1.063291186087368,ok
3989,ok,8669.01296377182,-1005.4784541567788,1.0635621415694188,ok
3990,ok,8674.993092536926,-1003.1044569453225,1.0638297872483937,ok
3991,ok,8680.953844547272,-1000.7046118220314,1.06409082511432,ok
3992,ok,8686.854150295258,-998.2574949702248,1.06409082511432,deadzone
3993,ok,8692.775307655334,-995.9101560553536,1.06409082511432,deadzone
3994,ok,8698.77944278717,-993.4594247778878,1.06409082511432,deadzone
3995,ok,8704.791089057922,-991.0547037562355,1.06409082511432,deadzone
3996,ok,8710.808129310608,-988.6329741915688,1.06409082511432,deadzone
3997,ok,8716.855762958527,-986.205686612986,1.06409082511432,deadzone
3998,ok,8722.850309371948,-983.7281353911385,1.06409082511432,deadzone
3999,ok,8728.831120491028,-981.2896657427773,1.06409082511432,deadzone
4000,ok,8734.840627193451,-978.8087623557076,1.06409082511432,deadzone
4001,ok,8740.85282278061,-976.3763928851113,1.06409082511432,deadzone
4002,ok,8746.918504714966,-973.8995757540688,1.06409082511432,deadzone
4003,ok,8752.982398033142,-971.4906359156594,1.06409082511432,deadzone
4004,ok,8759.079280853271,-969.0082843741402,1.06409082511432,deadzone
4005,ok,8765.128934383392,-966.5587358912453,1.06409082511432,deadzone
4006,ok,8771.175914764404,-964.1053519686684,1.06409082511432,deadzone
4007,ok,8777.253684043884,-961.6136641940102,1.06409082511432,deadzone
4008,ok,8783.322224617004,-959.112438484095,1.06409082511432,deadzone
4009,ok,8789.36334848404,-956.5893333395943,1.06409082511432,deadzone
4010,ok,8795.417879581451,-954.1447549303994,1.06409082511432,deadzone
4011,ok,8801.519177913666,-951.6987338503823,1.06409082511432,deadzone
4012,ok,8807.62659072876,-949.1809816798195,1.06409082511432,deadzone
4013,ok,8813.76767539978,-946.7268538912758,1.06409082511432,deadzone
4014,ok,8819.913813114166,-944.0995190581307,1.06409082511432,deadzone
4015,ok,8826.105829715729,-941.6204832037911,1.06409082511432,deadzone
4016,ok,8832.307874679565,-939.0570199927315,1.06409082511432,deadzone
4017,ok,8838.587787628174,-936.5112071475014,1.06409082511432,deadzone
4018,ok,8844.76784658432,-933.9192331274971,1.06409082511432,deadzone
4019,ok,8851.06011724472,-931.328287168406,1.06409082511432,deadzone
4020,ok,8857.314463615417,-928.743395849131,1.06409082511432,deadzone
4021,ok,8863.602582931519,-926.1357365092263,1.06409082511432,deadzone
4022,ok,8869.863422393799,-923.5558238467202,1.06409082511432,deadzone
4023,ok,8876.187287330627,-920.9883008440956,1.06409082511432,deadzone
4024,ok,8882.518171787262,-918.3806686839089,1.06409082511432,deadzone
4025,ok,8888.857342720032,-915.7264404734597,1.06409082511432,deadzone
4026,ok,8895.260737419128,-913.101010366343,1.06409082511432,deadzone
4027,ok,8901.628639221191,-910.4203260382637,1.06409082511432,deadzone
4028,ok,8908.077439785004,-907.7998192748055,1.06409082511432,deadzone
4029,ok,8914.44410610199,-905.1330450018868,1.06409082511432,deadzone
4030,ok,8920.947345256805,-902.4788899859414,1.06409082511432,deadzone
4031,ok,8927.35247707367,-899.8238842925057,1.06409082511432,deadzone
4032,ok,8933.853995323181,-897.1962476214394,1.06409082511432,deadzone
4033,ok,8940.378597259521,-894.5439928015694,1.06409082511432,deadzone
4034,ok,8946.927026748657,-891.8674836596474,1.06409082511432,deadzone
4035,ok,8953.44647359848,-889.0852449377999,1.06409082511432,deadzone
4036,ok,8960.02398967743,-886.3885338744149,1.06409082511432,deadzone
4037,ok,8966.614623069763,-883.6644065817818,1.06409082511432,deadzone
4038,ok,8973.190632343292,-880.9397674044594,1.06409082511432,deadzone
4039,ok,8979.767954349518,-878.2263730010018,1.06409082511432,deadzone
4040,ok,8986.403714179993,-875.4913585623726,1.06409082511432,deadzone
4041,ok,8993.077916145325,-872.7701993426308,1.06409082511432,deadzone
4042,ok,8999.716852664948,-870.0534177264199,1.06409082511432,deadzone
4043,ok,9006.430183410645,-867.2622447451577,1.06409082511432,deadzone
4044,ok,9013.131710529327,-864.5348973711953,1.06409082511432,deadzone
4045,ok,9019.808814525604,-861.7949669798836,1.06409082511432,deadzone
4046,ok,9026.494446754456,-859.0231581171975,1.06409082511432,deadzone
4047,ok,9033.270032405853,-856.2940016230568,1.06409082511432,deadzone
4048,ok,9039.919953346252,-853.5776632269844,1.06409082511432,deadzone
4049,ok,9046.67571258545,-850.7887824019417,1.06409082511432,deadzone
4050,ok,9053.46251487732,-848.086142106913,1.06409082511432,deadzone
4051,ok,9060.282215118408,-845.3838649233803,1.06409082511432,deadzone
4052,ok,9067.027397155762,-842.6705418070778,1.06409082511432,deadzone
4053,ok,9073.841119766235,-839.9241371592507,1.06409082511432,deadzone
4054,ok,9080.686164855957,-837.2455842932686,1.06409082511432,deadzone
4055,ok,9087.50352525711,-834.4569604834542,1.06409082511432,deadzone
4056,ok,9094.357457637787,-831.7553160628304,1.06409082511432,deadzone
4057,ok,9101.216554164886,-828.8997860392556,1.06409082511432,deadzone
4058,ok,9108.081906795502,-826.1250830134377,1.06409082511432,deadzone
4059,ok,9114.921934604645,-823.3535643061623,1.06409082511432,deadzone
4060,ok,9121.765607833862,-820.5291901072487,1.06409082511432,deadzone
4061,ok,9128.648247718811,-817.7617974719033,1.06409082511432,deadzone
4062,ok,9135.42386341095,-814.8974104365334,1.06409082511432,deadzone
4063,ok,9142.34708070755,-812.1435182532296,1.06409082511432,deadzone
4064,ok,9149.214366436005,-809.3162785014138,1.06409082511432,deadzone
4065,ok,9156.069997787476,-806.4447010001168,1.06409082511432,deadzone
4066,ok,9162.926501274109,-803.6726901968941,1.06409082511432,deadzone
4067,ok,9169.869941234589,-800.7913546999916,1.06409082511432,deadzone
4068,ok,9176.791852474213,-798.0419309576973,1.06409082511432,deadzone
4069,ok,9183.742189407349,-795.1908610304818,1.06409082511432,deadzone
4070,ok,9190.66900396347,-792.2892203768715,1.06409082511432,deadzone
4071,ok,9197.568272590637,-789.4720170935616,1.06409082511432,deadzone
4072,ok,9204.471678733826,-786.519449277781,1.06409082511432,deadzone
4073,ok,9211.358943939209,-783.6945810755715,1.06409082511432,deadzone
4074,ok,9218.269951820374,-780.780608936213,1.06409082511432,deadzone
4075,ok,9225.206065177917,-777.9216223200783,1.06409082511432,deadzone
4076,ok,9232.145887374878,-774.9980876883492,1.06409082511432,deadzone
4077,ok,9239.113575935364,-772.0866136988625,1.06409082511432,deadzone
4078,ok,9246.0197224617,-769.1521501978859,1.06409082511432,deadzone
4079,ok,9252.904663085938,-766.2840617140755,1.06409082511432,deadzone
4080,ok,9259.851521015167,-763.3784633120522,1.06409082511432,deadzone
4081,ok,9266.79837846756,-760.4635243853554,1.06409082511432,deadzone
4082,ok,9273.695278167725,-757.5468142470345,1.06409082511432,deadzone
4083,ok,9280.60718345642,-754.6823060950264,1.06409082511432,deadzone
4084,ok,9287.483537197113,-751.799213453196,1.06409082511432,deadzone
4085,ok,9294.372464179993,-748.8988762339577,1.06409082511432,deadzone
4086,ok,9301.319989681244,-745.9811017950997,1.06409082511432,deadzone
4087,ok,9308.187561511993,-743.1214750250801,1.06409082511432,deadzone
4088,ok,9315.190846443176,-740.2476978739724,1.06409082511432,deadzone
4089,ok,9322.119463443756,-737.3481517275795,1.06409082511432,deadzone
4090,ok,9329.109173297882,-734.4835265120491,1.06409082511432,deadzone
4091,ok,9336.003447532654,-731.5541871031746,1.06409082511432,deadzone
4092,ok,9342.957378387451,-728.6471498450264,1.06409082511432,deadzone
4093,ok,9349.906953334808,-725.7342768153176,1.06409082511432,deadzone
4094,ok,9356.873878955841,-722.7905734023079,1.06409082511432,deadzone
4095,ok,9363.86764383316,-719.9032085379586,1.06409082511432,deadzone
4096,ok,9370.841866970062,-716.9256592234597,1.06409082511432,deadzone
4097,ok,9377.840577602386,-713.9845684012398,1.06409082511432,deadzone
4098,ok,9384.874294281006,-711.0357544859871,1.0641459480876503,ok
4099,ok,9391.8795170784,-708.0836458643898,1.0641459480876503,deadzone
4100,ok,9398.924104690552,-705.1470869025216,1.0642057844379975,ok
4101,ok,9405.921696662903,-702.2285025557503,1.064306681797671,ok
4102,ok,9412.946068763733,-699.2591994246468,1.0644449920502757,ok
4103,ok,9419.950536727905,-696.3689732989296,1.0646071172009635,ok
4104,ok,9426.973169326782,-693.3929641684517,1.064793014609582,ok
4105,ok,9433.94974899292,-690.5733180483803,1.064995033794791,ok
4106,ok,9440.939294338226,-687.634260459803,1.0652064507079846,ok
4107,ok,9448.000466823578,-684.6789632281289,1.0654357874390685,ok
4108,ok,9455.054619312286,-681.7742052515969,1.0656616481912753,ok
4109,ok,9462.096267700195,-678.8085689982399,1.0659051483041702,ok
4110,ok,9469.156194210052,-675.940323873423,1.06615112166284,ok
4111,ok,9476.15586233139,-672.9725010832772,1.0664127081298707,ok
4112,ok,9483.126319408417,-670.0411866148934,1.066673811263247,ok
4113,ok,9490.186640262604,-667.2147942027077,1.0669329944359487,ok
4114,ok,9497.205679416656,-664.2558308085427,1.067194276830267,ok
4115,ok,9504.26283121109,-661.3508246382698,1.0674605525010736,ok
4116,ok,9511.328400611877,-658.4642627676949,1.0677274382805224,ok
4117,ok,9518.396719932556,-655.59936647024,1.067994799126791,ok
4118,ok,9525.44270992279,-652.6929774722084,1.0682674456622425,ok
4119,ok,9532.508100032806,-649.7744377097115,1.0685337892473759,ok
4120,ok,9539.567157745361,-646.8652971228585,1.0687992563212694,ok
4121,ok,9546.637022972107,-643.9503596266732,1.0690629637312739,ok
4122,ok,9553.746150016785,-641.0674372157082,1.0693250702642687,ok
4123,ok,9560.8646941185,-638.2775760134682,1.0695794614534526,ok
4124,ok,9567.966160774231,-635.4026253661141,1.0698388129832948,ok
4125,ok,9575.049328804016,-632.4396417578682,1.0701004196315207,ok
4126,ok,9582.113231658936,-629.6061106165871,1.0703618880034385,ok
4127,ok,9589.227982997894,-626.7479911288247,1.0706228678973853,ok
4128,ok,9596.297001361847,-623.8200858077034,1.0708847011460032,ok
4129,ok,9603.399279594421,-620.9639525851235,1.0711422511320872,ok
4130,ok,9610.430455684662,-618.1064897021279,1.071404536900146,ok
4131,ok,9617.425986766815,-615.2423406085,1.07166164399878,ok
4132,ok,9624.42580986023,-612.4280512770638,1.0719124428508893,ok
4133,ok,9631.343897819519,-609.5428843935952,1.0721637574548804,ok
4134,ok,9638.276138782501,-606.8079817732796,1.0721637574548804,deadzone
4135,ok,9645.141349315643,-603.9992425879464,1.0722225039131106,ok
4136,ok,9652.007406711578,-601.2727606734261,1.072326671550241,ok
4137,ok,9658.858429431915,-598.5042856177315,1.072459917874549,ok
4138,ok,9665.669036865234,-595.7475214442238,1.0726230433453392,ok
4139,ok,9672.488705158234,-593.0705407103524,1.0728010826742274,ok
4140,ok,9679.300565242767,-590.3622467955574,1.0730017526007027,ok
4141,ok,9685.8985953331,-587.6498771151528,1.0732195261616237,ok
4142,ok,9692.575173854828,-585.0686612566933,1.0734525728522706,ok
4143,ok,9699.196293830872,-582.4121182402596,1.0736822139838413,ok
4144,ok,9705.740919589996,-579.7719185790047,1.0739209738677786,ok
4145,ok,9712.337475299835,-577.1171884974465,1.0741639895019823,ok
4146,ok,9718.780686378479,-574.5020738085732,1.0744137199378399,ok
4147,ok,9725.252226352692,-571.9113617381081,1.0746684931821784,ok
4148,ok,9731.696678161621,-569.3410287341103,1.074924764876004,ok
4149,ok,9738.115315914154,-566.7337451418862,1.0751860106160842,ok
4150,ok,9744.438244819641,-564.1487386664376,1.0754457174358436,ok
4151,ok,9750.795637130737,-561.5639501055703,1.0757061502032133,ok
4152,ok,9757.175436019897,-559.0333633860573,1.0759602413917992,ok
4153,ok,9763.4169754982,-556.4408500632271,1.076226869499866,ok
4154,ok,9769.673334598541,-553.9308681925759,1.0764892582850925,ok
4155,ok,9775.959780216217,-551.4296596487984,1.0767580549859248,ok
4156,ok,9782.14412355423,-548.8080099066719,1.0770269379452124,ok
4157,ok,9788.333443164825,-546.3043709238991,1.0772933189017593,ok
4158,ok,9794.547629356384,-543.7877328833565,1.0775721238774771,ok
4159,ok,9800.684293270111,-541.2079942664132,1.077849481584971,ok
4160,ok,9806.828642845154,-538.7744541605935,1.0781366945970416,ok
4161,ok,9812.911811351776,-536.200695081614,1.0784227998451081,ok
4162,ok,9818.98056268692,-533.7373080691323,1.0787188995656627,ok
4163,ok,9825.0656208992,-531.2180407484993,1.0790086884476051,ok
4164,ok,9831.11500120163,-528.6887808283791,1.0793128828157592,ok
4165,ok,9837.150481700897,-526.1990871867165,1.0796172031549816,ok
4166,ok,9843.130840301514,-523.7243471583351,1.0799220573786275,ok
4167,ok,9849.146840572357,-521.2808516463265,1.0802312432279628,ok
4168,ok,9855.135116577148,-518.8765991171822,1.0805368891667901,ok
4169,ok,9861.092713832855,-516.476144596003,1.0808523285008567,ok
4170,ok,9867.029688358307,-514.0631103953347,1.0811688185917605,ok
4171,ok,9872.917471408844,-511.6264470061287,1.0814883792775278,ok
4172,ok,9878.820291519165,-509.2019789656624,1.081803537888857,ok
4173,ok,9884.673067569733,-506.7470348319039,1.0821214700167898,ok
4174,ok,9890.542004585266,-504.39174871053547,1.0824451228392544,ok
4175,ok,9896.365460395813,-502.00646643247455,1.0827633658203561,ok
4176,ok,9902.164627075195,-499.5380738219246,1.0830825482103086,ok
4177,ok,9907.964851379395,-497.2103896578774,1.083397167392242,ok
4178,ok,9913.837276935577,-494.82673434820026,1.083717708263703,ok
4179,ok,9919.650746822357,-492.558602376841,1.0840413642404547,ok
4180,ok,9925.48977804184,-490.16388921346515,1.0843721124748182,ok
4181,ok,9931.194211006165,-487.8415229758248,1.084710586691472,ok
4182,ok,9936.909038543701,-485.44649819936603,1.0850548228152674,ok
4183,ok,9942.661693572998,-483.1260447939858,1.0854001290668216,ok
4184,ok,9948.364020824432,-480.7175813158974,1.0857595248420617,ok
4185,ok,9954.05496263504,-478.4837198695168,1.0861205240955716,ok
4186,ok,9959.73415184021,-476.0839863261208,1.0864887214235375,ok
4187,ok,9965.38110589981,-473.8777718981728,1.0868644995015722,ok
4188,ok,9971.10976600647,-471.48518995847553,1.0872351859952742,ok
4189,ok,9976.782898426056,-469.18761066999286,1.0876131769632276,ok
4190,ok,9982.404954433441,-466.7929833373055,1.0880032639418975,ok
4191,ok,9988.029068946838,-464.4794471701607,1.0883998294321144,ok
4192,ok,9993.609386444092,-462.21378283109516,1.088803477184346,ok
4193,ok,9999.194438934326,-459.9327500304207,1.089217809230384,ok
4194,ok,10004.767066001892,-457.6698985537514,1.0896307159319494,ok
4195,ok,10010.326069355011,-455.33773545827717,1.0900540354048363,ok
4196,ok,10015.91545677185,-453.037814184092,1.0904845564029442,ok
4197,ok,10021.573641300201,-450.69367770757526,1.0909291216410533,ok
4198,ok,10027.16978597641,-448.36682252492756,1.0913804841930568,ok
4199,ok,10032.718935012817,-445.9926171740517,1.0918472047088186,ok
4200,ok,10038.28854894638,-443.7306518992409,1.0923209266426954,ok
4201,ok,10043.753716945648,-441.41144661512226,1.0927972500071708,ok
4202,ok,10049.2111992836,-439.09185199346393,1.0932718190897068,ok
4203,ok,10054.72506570816,-436.7773192366585,1.093744926167474,ok
4204,ok,10060.267467021942,-434.47845511045307,1.0942257365310117,ok
4205,ok,10065.780961036682,-432.1992927035317,1.0947133107450766,ok
4206,ok,10071.323894023895,-429.87573484983295,1.0952067900112545,ok
4207,ok,10076.88945388794,-427.5970430811867,1.0957068378223083,ok
4208,ok,10082.452001094818,-425.32984690275043,1.0962117036118901,ok
4209,ok,10088.027467250824,-422.9890289744362,1.0967184163317367,ok
4210,ok,10093.584829807281,-420.6740913828835,1.0972338926416152,ok
4211,ok,10099.194327354431,-418.3632419547066,1.097748245416014,ok
4212,ok,10104.808917999268,-416.0701764067635,1.0982712021223155,ok
4213,ok,10110.434352397919,-413.8179634055123,1.0987984411171516,ok
4214,ok,10116.034365653992,-411.5097322901711,1.0993319025093198,ok
4215,ok,10121.602438926697,-409.2285941084847,1.0998714601060933,ok
4216,ok,10127.240048408508,-406.9460602244362,1.100414883274053,ok
4217,ok,10132.823163986206,-404.65209154691547,1.1009698375339787,ok
4218,ok,10138.426587581635,-402.4125273665413,1.1015318768123437,ok
4219,ok,10143.977575302124,-400.16074494924396,1.102096012437499,ok
4220,ok,10149.55270242691,-397.9042735537514,1.1026632036741435,ok
4221,ok,10155.098682403564,-395.69612269010395,1.1032278255996315,ok
4222,ok,10160.702655792236,-393.48295716848224,1.1037919232774023,ok
4223,ok,10166.19342660904,-391.26113705243915,1.1043554352587515,ok
4224,ok,10171.78430223465,-389.0250070532784,1.1049202264022138,ok
4225,ok,10177.309742927551,-386.7695675333962,1.1054796454471552,ok
4226,ok,10182.89847946167,-384.45124511327595,1.106041324028128,ok
4227,ok,10188.410502433777,-382.1874165972695,1.1066016510563415,ok
4228,ok,10193.990164279938,-379.8980596503243,1.1071638087190312,ok
4229,ok,10199.558035373688,-377.6615910967812,1.1077257178537867,ok
4230,ok,10205.113482952118,-375.40774230565876,1.108284920590685,ok
4231,ok,10210.639859199524,-373.10768560972065,1.1088471923595753,ok
4232,ok,10216.200521469116,-370.82235364522785,1.1094109325283317,ok
4233,ok,10221.78787612915,-368.57763008680195,1.1099792747757742,ok
4234,ok,10227.396544456482,-366.3281071623787,1.1105461553342095,ok
4235,ok,10232.992736816406,-364.08903293218464,1.1111112165743326,ok
4236,ok,10238.581918239594,-361.82563333120197,1.1116732695057578,ok
4237,ok,10244.14302778244,-359.60705236997455,1.1122348828287736,ok
4238,ok,10249.773483753204,-357.3273702105507,1.11280010370397,ok
4239,ok,10255.385803222656,-355.03819779958576,1.1133612997703222,ok
4240,ok,10261.067499637604,-352.7594902953133,1.1139277698999495,ok
4241,ok,10266.668103218079,-350.3999555548653,1.1144901698766607,ok
4242,ok,10272.35381269455,-348.109162135981,1.1150593411900453,ok
4243,ok,10277.978698730469,-345.80557851400226,1.1156291708752604,ok
4244,ok,10283.643476486206,-343.4994099577889,1.116189984473511,ok
4245,ok,10289.339848995209,-341.2458687266335,1.1167526773642251,ok
4246,ok,10294.99198102951,-338.8913214644417,1.1173130162545564,ok
4247,ok,10300.608936309814,-336.6136777838692,1.117867661270069,ok
4248,ok,10306.306582927704,-334.3190799197182,1.1184215467427927,ok
4249,ok,10312.037840366364,-332.03707508649677,1.1189704120197599,ok
4250,ok,10317.77019071579,-329.7165558775887,1.1195167581896133,ok
4251,ok,10323.487656116486,-327.39219026174396,1.12007869233032,ok
4252,ok,10329.212839126587,-325.1761868437752,1.1206363793892498,ok
4253,ok,10334.87134218216,-322.82309155073017,1.1212005137005743,ok
4254,ok,10340.517963886261,-320.5830486258492,1.1217620353232456,ok
4255,ok,10346.20403623581,-318.31221251096576,1.1223103315396696,ok
4256,ok,10351.922102928162,-315.9674704512581,1.122858005471308,ok
4257,ok,10357.643437862396,-313.7444766005501,1.1233996792263181,ok
4258,ok,10363.42411327362,-311.4414082011208,1.1239487367460843,ok
4259,ok,10369.220393657684,-309.08937768545,1.1245013314428602,ok
4260,ok,10375.049085140228,-306.74123482313007,1.1250667394013758,ok
4261,ok,10380.899468898773,-304.47489838209003,1.1256484062310366,ok
4262,ok,10386.73675107956,-302.14208678808063,1.1262424634332886,ok
4263,ok,10392.593947410583,-299.8077161749825,1.1268552908568281,ok
4264,ok,10398.395064353943,-297.52833656873554,1.1274942492601547,ok
4265,ok,10404.21397781372,-295.1968782385811,1.1281550033124443,ok
4266,ok,10410.105919837952,-292.96906737890095,1.1288345529410944,ok
4267,ok,10415.93715763092,-290.5487454375252,1.1295315635627299,ok
4268,ok,10421.746185779572,-288.34004335012287,1.1302526447490437,ok
4269,ok,10427.545024871826,-286.0055520972237,1.130989686655757,ok
4270,ok,10433.366466522217,-283.7646706542,1.1317406043494973,ok
4271,ok,10439.248907089233,-281.3886466464028,1.132502119914087,ok
4272,ok,10445.054587364197,-279.0925867995247,1.133275535865721,ok
4273,ok,10450.906542301178,-276.7292569121346,1.1340610566715885,ok
4274,ok,10456.759751796722,-274.4091270407662,1.1348477409028797,ok
4275,ok,10462.62598991394,-272.07938460912555,1.135640168670576,ok
4276,ok,10468.489947795868,-269.7650483092293,1.1364449178082097,ok
4277,ok,10474.367230415344,-267.4282873114571,1.1372464839773777,ok
4278,ok,10480.241607666016,-265.19811324682087,1.138054109506934,ok
4279,ok,10486.16332435608,-262.859951778315,1.13885515672339,ok
4280,ok,10491.996844291687,-260.5795824965462,1.139668881818121,ok
4281,ok,10497.865064620972,-258.31353048887104,1.1404682108544533,ok
4282,ok,10503.781110286713,-256.03557066526264,1.1412736079310093,ok
4283,ok,10509.713866233826,-253.67635445203632,1.1420665022937164,ok
4284,ok,10515.649631023407,-251.43167810048908,1.1428570163057636,ok
4285,ok,10521.49180316925,-249.0907957991585,1.1436517570111753,ok
4286,ok,10527.33526468277,-246.78277687635273,1.1444237504988966,ok
4287,ok,10533.231666564941,-244.49525527562946,1.1451903464705244,ok
4288,ok,10539.06203842163,-242.16479949560016,1.1459513673465103,ok
4289,ok,10544.981931686401,-239.90642718877643,1.146696926819649,ok
4290,ok,10550.900004863739,-237.59941820707172,1.1474444510587143,ok
4291,ok,10556.751393318176,-235.29518680181354,1.1481739750477309,ok
4292,ok,10562.626904964447,-233.02479724492878,1.1488915616664774,ok
4293,ok,10568.52121925354,-230.7656281432137,1.1495945675168,ok
4294,ok,10574.392760276794,-228.42043857183307,1.150283140198527,ok
4295,ok,10580.29316520691,-226.14698915090412,1.1509542629980019,ok
4296,ok,10586.21233034134,-223.84469227399677,1.1516146974703076,ok
4297,ok,10592.106582164764,-221.52907304372638,1.1522563454775834,ok
4298,ok,10598.091835021973,-219.23305515851825,1.152887338937406,ok
4299,ok,10603.99222612381,-216.97935466375202,1.1535150484958645,ok
4300,ok,10609.870086193085,-214.61621527280658,1.1541172208707664,ok
4301,ok,10615.76737356186,-212.36075930204242,1.1547026405737102,ok
4302,ok,10621.586009025574,-210.0250697573647,1.155272983890957,ok
4303,ok,10627.437672615051,-207.72964028920978,1.1558137947803995,ok
4304,ok,10633.276679515839,-205.47591380681843,1.1563383438699422,ok
4305,ok,10639.11902666092,-203.15540842618793,1.1568347656898053,ok
4306,ok,10644.964727401733,-200.81109242048115,1.1573261548227098,ok
4307,ok,10650.883118152618,-198.55052022542804,1.1577951737334304,ok
4308,ok,10656.704976558685,-196.28134111966938,1.1582596545180868,ok
4309,ok,10662.565063476562,-193.91430143918842,1.1586883149527243,ok
4310,ok,10668.381362438202,-191.5968025168404,1.1590867573376133,ok
4311,ok,10674.28282880783,-189.3175282916054,1.1594749610481372,ok
4312,ok,10680.079885005951,-186.96098069753498,1.1594749610481372,deadzone
4313,ok,10685.902510643005,-184.58124737348408,1.1594749610481372,deadzone
4314,ok,10691.695834636688,-182.2769861659035,1.1595384122109875,ok
4315,ok,10697.590567588806,-180.00986723508686,1.1595384122109875,deadzone
4316,ok,10703.41110086441,-177.68274430837482,1.1596000149886099,ok
4317,ok,10709.2810587883,-175.25470285024494,1.1596000149886099,deadzone
4318,ok,10715.162534713745,-172.98867396917194,1.1596000149886099,deadzone
4319,ok,10721.055606842041,-170.66564039792866,1.1596000149886099,deadzone
4320,ok,10726.857685565948,-168.29784683790058,1.1596000149886099,deadzone
4321,ok,10732.67862033844,-165.959454103373,1.1596000149886099,deadzone
4322,ok,10738.542929649353,-163.64481906499714,1.1596000149886099,deadzone
4323,ok,10744.342332839966,-161.29426865186542,1.1596000149886099,deadzone
4324,ok,10750.246014118195,-158.96566562261432,1.1596000149886099,deadzone
4325,ok,10756.175769329071,-156.64604215230793,1.1596000149886099,deadzone
4326,ok,10762.083359718323,-154.35552100744098,1.159665035350652,ok
4327,ok,10767.93584060669,-152.00592116918415,1.159782894928841,ok
4328,ok,10773.788940906525,-149.67143969144672,1.159962739851349,ok
4329,ok,10779.646590709686,-147.41397862043232,1.1601983131936116,ok
4330,ok,10785.43377161026,-145.14789490308613,1.1604446446081873,ok
4331,ok,10791.237630844116,-142.87132219877094,1.1607356557889739,ok
4332,ok,10796.998897075653,-140.65890054311603,1.161065680615211,ok
4333,ok,10802.750102519989,-138.38805274572223,1.161438474833378,ok
4334,ok,10808.400235176086,-136.17166833486408,1.161827199156247,ok
4335,ok,10814.17629814148,-133.91181616391987,1.1622470831966683,ok
4336,ok,10819.880865097046,-131.71955542173237,1.1626933665360495,ok
4337,ok,10825.646598815918,-129.45921234693378,1.1631711215550429,ok
4338,ok,10831.374798297882,-127.2441983660683,1.16366375191438,ok
4339,ok,10837.092584133148,-124.95434693899006,1.1641934186102663,ok
4340,ok,10842.852783679962,-122.70078782644123,1.1647454585094354,ok
4341,ok,10848.63873577118,-120.41786651220173,1.1653240603830661,ok
4342,ok,10854.40981912613,-118.18294481839985,1.1659323888192483,ok
4343,ok,10860.153454303741,-115.98299793805927,1.166554187691674,ok
4344,ok,10865.881675243378,-113.8509324034676,1.1671775328664877,ok
4345,ok,10871.604971408844,-111.72820024099201,1.1678276810392492,ok
4346,ok,10877.275630950928,-109.55244783964008,1.16846578346656,ok
4347,ok,10882.96096420288,-107.3838947257027,1.1691125788638064,ok
4348,ok,10888.63438463211,-105.23606257047504,1.1697574386561167,ok
4349,ok,10894.325047016144,-103.05554346647114,1.1703925338447976,ok
4350,ok,10900.012459754944,-101.03385905828327,1.1710116236035528,ok
4351,ok,10905.627385616302,-98.90095691289753,1.1716075579618146,ok
4352,ok,10911.259651184082,-96.83405427541584,1.1721865848697353,ok
4353,ok,10916.855031013489,-94.78335957136005,1.1727307553986743,ok
4354,ok,10922.496732234955,-92.81688360776752,1.1732478463416862,ok
4355,ok,10928.075043678284,-90.69030599202961,1.1737250454901018,ok
4356,ok,10933.729347705841,-88.63599185552448,1.1741717018516755,ok
4357,ok,10939.329574108124,-86.67173330392689,1.1745804749116804,ok
4358,ok,10944.859597206116,-84.7037418326363,1.174947912093862,ok
4359,ok,10950.393727779388,-82.72093753423542,1.174947912093862,deadzone
4360,ok,10955.881348133087,-80.8135936697945,1.174947912093862,deadzone
4361,ok,10961.38135766983,-78.91917638387531,1.174947912093862,deadzone
4362,ok,10966.835419178009,-77.06750969495624,1.174947912093862,deadzone
4363,ok,10972.23559999466,-75.16584591474384,1.174947912093862,deadzone
4364,ok,10977.656436443329,-73.39472393598408,1.174947912093862,deadzone
4365,ok,10983.078736782074,-71.51540021505207,1.174947912093862,deadzone
4366,ok,10988.468005657196,-69.6368986805901,1.174947912093862,deadzone
4367,ok,10993.823289871216,-67.85752932634205,1.174947912093862,deadzone
4368,ok,10999.15209197998,-66.07648114766926,1.174947912093862,deadzone
4369,ok,11004.449465751648,-64.17021207418293,1.174947912093862,deadzone
4370,ok,11009.729183197021,-62.39517097081989,1.174947912093862,deadzone
4371,ok,11015.036791801453,-60.495399757288396,1.174947912093862,deadzone
4372,ok,11020.224869251251,-58.683436199091375,1.174947912093862,deadzone
4373,ok,11025.396218776703,-56.763997479341924,1.174947912093862,deadzone
4374,ok,11030.583403587341,-54.97595839109272,1.174947912093862,deadzone
4375,ok,11035.70226430893,-53.12954430188984,1.174947912093862,deadzone
4376,ok,11040.829503536224,-51.35624878015369,1.174947912093862,deadzone
4377,ok,11045.981502056122,-49.54479496087879,1.174947912093862,deadzone
4378,ok,11051.11965560913,-47.765966578386724,1.174947912093862,deadzone
4379,ok,11056.168653964996,-45.84768800344318,1.174947912093862,deadzone
4380,ok,11061.223390102386,-44.042505784891546,1.174947912093862,deadzone
4381,ok,11066.262084960938,-42.20106319990009,1.174947912093862,deadzone
4382,ok,11071.243869304657,-40.409358783625066,1.174947912093862,deadzone
4383,ok,11076.275075435638,-38.50920133199543,1.174947912093862,deadzone
4384,ok,11081.159849643707,-36.660240097902715,1.174947912093862,deadzone
4385,ok,11086.179165840149,-34.80578867997974,1.174947912093862,deadzone
4386,ok,11091.071263313293,-32.88872305955738,1.174947912093862,deadzone
4387,ok,11096.221254348755,-31.22344736661762,1.174947912093862,deadzone
4388,ok,11101.235691547394,-29.238516612909734,1.174947912093862,deadzone
4389,ok,11106.2939620018,-27.37415949907154,1.174947912093862,deadzone
4390,ok,11111.223720550537,-25.63336507882923,1.174947912093862,deadzone
4391,ok,11115.952983856201,-23.739809437654912,1.174947912093862,deadzone
4392,ok,11120.70126247406,-22.038199349306524,1.174947912093862,deadzone
4393,ok,11125.442277908325,-20.315174027346075,1.174947912093862,deadzone
4394,ok,11130.166848182678,-18.73671094980091,1.174947912093862,deadzone
4395,ok,11134.756181240082,-17.019469543360174,1.174947912093862,deadzone
4396,ok,11139.365537643433,-15.542413397692144,1.174947912093862,deadzone
4397,ok,11143.87471485138,-13.892200156114995,1.174947912093862,deadzone
4398,ok,11148.435729026794,-12.385275765322149,1.174947912093862,deadzone
4399,ok,11152.932690620422,-10.741406842134893,1.174947912093862,deadzone
4400,ok,11157.428386211395,-9.151554509066045,1.174947912093862,deadzone
4401,ok,11161.898384571075,-7.594691558741033,1.174947912093862,deadzone
4402,ok,11166.33994102478,-6.005053325556219,1.174947912093862,deadzone
4403,ok,11170.755207538605,-4.347040220163763,1.174947912093862,deadzone
4404,ok,11175.240948677063,-2.7726853331550956,1.174947912093862,deadzone
4405,ok,11179.66821718216,-1.1930009564384818,1.174947912093862,deadzone
4406,ok,11184.081308364868,0.3447366515174508,1.174947912093862,deadzone
4407,ok,11188.4868516922,1.9629445830360055,1.174947912093862,deadzone
4408,ok,11192.899233818054,3.4784053126350045,1.174947912093862,deadzone
4409,ok,11197.3110537529,5.103806094266474,1.174947912093862,deadzone
4410,ok,11201.716671466827,6.643349722959101,1.174947912093862,deadzone
4411,ok,11206.07712173462,8.14460773859173,1.174947912093862,deadzone
4412,ok,11210.406764030457,9.635672287084162,1.174947912093862,deadzone
4413,ok,11214.646634578705,11.329959944821894,1.174947912093862,deadzone
4414,ok,11218.97288608551,12.762760833837092,1.174947912093862,deadzone
4415,ok,11223.264040470123,14.402956799603999,1.174947912093862,deadzone
4416,ok,11227.59809923172,15.942487672902644,1.174947912093862,deadzone
4417,ok,11231.890478134155,17.520184353925288,1.174947912093862,deadzone
4418,ok,11236.20304775238,19.13860245142132,1.174947912093862,deadzone
4419,ok,11240.535698890686,20.66657777223736,1.174947912093862,deadzone
4420,ok,11244.863885879517,22.341424302197993,1.174947912093862,deadzone
4421,ok,11249.173590660095,23.91882808599621,1.174947912093862,deadzone
4422,ok,11253.536399364471,25.48000414762646,1.174947912093862,deadzone
4423,ok,11257.907122135162,27.152103857137263,1.174947912093862,deadzone
4424,ok,11262.288263320923,28.832063511945307,1.174947912093862,deadzone
4425,ok,11266.666649341583,30.419530824758112,1.174947912093862,deadzone
4426,ok,11271.03613948822,32.04937906656414,1.174947912093862,deadzone
4427,ok,11275.459085941315,33.66326566133648,1.174947912093862,deadzone
4428,ok,11279.812805652618,35.28554149065167,1.174947912093862,deadzone
4429,ok,11284.202678203583,36.90151091013104,1.174947912093862,deadzone
4430,ok,11288.520112991333,38.612953261472285,1.174947912093862,deadzone
4431,ok,11292.864248752594,40.20756359491497,1.174947912093862,deadzone
4432,ok,11297.168962478638,41.94417925272137,1.174947912093862,deadzone
4433,ok,11301.478830814362,43.58493192587048,1.174947912093862,deadzone
4434,ok,11305.81073474884,45.23739512357861,1.174947912093862,deadzone
4435,ok,11310.143773555756,46.946162537671626,1.174947912093862,deadzone
4436,ok,11314.457579135895,48.72417123708874,1.174947912093862,deadzone
4437,ok,11318.804914951324,50.467618183232844,1.174947912093862,deadzone
4438,ok,11323.120225429535,52.25999672804028,1.174947912093862,deadzone
4439,ok,11327.487620353699,53.99885542783886,1.174947912093862,deadzone
4440,ok,11331.85778427124,55.826284722425044,1.174947912093862,deadzone
4441,ok,11336.238459587097,57.578346089459956,1.174947912093862,deadzone
4442,ok,11340.57966709137,59.41883607301861,1.174947912093862,deadzone
4443,ok,11344.936606884003,61.19024892244488,1.174947912093862,deadzone
4444,ok,11349.31592798233,63.02303047571331,1.174947912093862,deadzone
4445,ok,11353.661754131317,64.86400587949902,1.174947912093862,deadzone
4446,ok,11358.078822135925,66.6723717013374,1.174947912093862,deadzone
4447,ok,11362.420219898224,68.49535472784191,1.174947912093862,deadzone
4448,ok,11366.801837444305,70.39880307111889,1.174947912093862,deadzone
4449,ok,11371.217114925385,72.33237405214459,1.174947912093862,deadzone
4450,ok,11375.655001163483,74.22156472597271,1.174947912093862,deadzone
4451,ok,11380.00956916809,76.12953038606793,1.174947912093862,deadzone
4452,ok,11384.454365730286,78.12096448335797,1.174947912093862,deadzone
4453,ok,11388.900017738342,80.06012757215649,1.174947912093862,deadzone
4454,ok,11393.329389095306,82.11683924589306,1.174947912093862,deadzone
4455,ok,11397.742941856384,84.12180216703564,1.174947912093862,deadzone
4456,ok,11402.167145729065,86.20087178144604,1.174947912093862,deadzone
4457,ok,11406.596577167511,88.22929008398205,1.174947912093862,deadzone
4458,ok,11411.051107406616,90.28912074957043,1.174947912093862,deadzone
4459,ok,11415.46237039566,92.41408737096936,1.174947912093862,deadzone
4460,ok,11419.923527240753,94.47750003729016,1.174947912093862,deadzone
4461,ok,11424.380019187927,96.6456907549873,1.174947912093862,deadzone
4462,ok,11428.824168682098,98.76089914236218,1.174947912093862,deadzone
4463,ok,11433.27516412735,100.91273100767285,1.174947912093862,deadzone
4464,ok,11437.677634716034,103.10473759565502,1.174947912093862,deadzone
4465,ok,11442.078568935394,105.35806639585644,1.174947912093862,deadzone
4466,ok,11446.518668174744,107.6047287741676,1.174947912093862,deadzone
4467,ok,11450.961278915405,109.91969163808972,1.174947912093862,deadzone
4468,ok,11455.44919347763,112.15223057661206,1.174947912093862,deadzone
4469,ok,11459.902509212494,114.50591023359448,1.174947912093862,deadzone
4470,ok,11464.381529331207,116.83451326284558,1.174947912093862,deadzone
4471,ok,11468.872191429138,119.18940647039562,1.174947912093862,deadzone
4472,ok,11473.36691570282,121.55685980711132,1.174947912093862,deadzone
4473,ok,11477.90449810028,123.97670753393322,1.174947912093862,deadzone
4474,ok,11482.444765090942,126.39439614210278,1.174947912093862,deadzone
4475,ok,11486.977803707123,128.83617957029492,1.174947912093862,deadzone
4476,ok,11491.60839509964,131.24397166166455,1.174947912093862,deadzone
4477,ok,11496.14679479599,133.7340181628242,1.174947912093862,deadzone
4478,ok,11500.7095246315,136.13248522672802,1.174947912093862,deadzone
4479,ok,11505.254601955414,138.68830902967602,1.174947912093862,deadzone
4480,ok,11509.777886867523,141.15914376173168,1.174947912093862,deadzone
4481,ok,11514.289540290833,143.75607378873974,1.174947912093862,deadzone
4482,ok,11518.818085670471,146.3349681654945,1.174947912093862,deadzone
4483,ok,11523.274836063385,149.0239923754707,1.174947912093862,deadzone
4484,ok,11527.741077423096,151.72878463659436,1.174947912093862,deadzone
4485,ok,11532.23932170868,154.38281138334423,1.174947912093862,deadzone
4486,ok,11536.76968717575,157.14338882360607,1.174947912093862,deadzone
4487,ok,11541.222440242767,159.8620861331001,1.174947912093862,deadzone
4488,ok,11545.71585893631,162.63929422292858,1.174947912093862,deadzone
4489,ok,11550.08391046524,165.50008542928845,1.174947912093862,deadzone
4490,ok,11554.550504207611,168.2852309504524,1.174947912093862,deadzone
4491,ok,11559.043577194214,171.1895390311256,1.174947912093862,deadzone
4492,ok,11563.53473997116,174.00585921201855,1.174947912093862,deadzone
4493,ok,11567.991456985474,177.00575764570385,1.174947912093862,deadzone
4494,ok,11572.391325950623,179.9602523604408,1.174947912093862,deadzone
4495,ok,11576.811122894287,182.95474226865917,1.174947912093862,deadzone
4496,ok,11581.180422782898,185.93940742406994,1.174947912093862,deadzone
4497,ok,11585.573987483978,189.02249296102673,1.174947912093862,deadzone
4498,ok,11589.916572093964,192.13524539861828,1.174947912093862,deadzone
4499,ok,11594.272590637207,195.24996335897595,1.174947912093862,deadzone
4500,ok,11598.57402086258,198.34530146513134,1.174947912093862,deadzone
4501,ok,11602.906473636627,201.60481365118176,1.174947912093862,deadzone
4502,ok,11607.146197795868,204.8845685282722,1.174947912093862,deadzone
4503,ok,11611.458669185638,208.22889669332653,1.174947912093862,deadzone
4504,ok,11615.954008102417,211.48220284376293,1.174947912093862,deadzone
4505,ok,11620.395738601685,214.7759078303352,1.174947912093862,deadzone
4506,ok,11624.877315044403,218.1475652018562,1.174947912093862,deadzone
4507,ok,11629.372143268585,221.53890927229077,1.174947912093862,deadzone
4508,ok,11633.824823856354,224.97596199903637,1.174947912093862,deadzone
4509,ok,11638.21339225769,228.48292048368603,1.174947912093862,deadzone
4510,ok,11642.666652202606,231.90910752210766,1.174947912093862,deadzone
4511,ok,11646.94750404358,235.4493046561256,1.174947912093862,deadzone
4512,ok,11651.217055797577,239.03355200681835,1.174947912093862,deadzone
4513,ok,11655.546568870544,242.6422968665138,1.174947912093862,deadzone
4514,ok,11659.719749450684,246.2808659831062,1.174947912093862,deadzone
4515,ok,11664.010088443756,249.9741876879707,1.174947912093862,deadzone
4516,ok,11668.22560787201,253.63230617437512,1.174947912093862,deadzone
4517,ok,11672.488072395325,257.37701924238354,1.174947912093862,deadzone
4518,ok,11676.628409862518,261.15802653227,1.174947912093862,deadzone
4519,ok,11680.880975723267,264.9826587000862,1.174947912093862,deadzone
4520,ok,11685.100471019745,268.72970636282116,1.174947912093862,deadzone
4521,ok,11689.305639743805,272.5308888712898,1.174947912093862,deadzone
4522,ok,11693.488334178925,276.34827311430126,1.174947912093862,deadzone
4523,ok,11697.560178756714,280.22644360456616,1.174947912093862,deadzone
4524,ok,11701.580612659454,284.1255985060707,1.174947912093862,deadzone
4525,ok,11705.56328701973,287.91938455495983,1.174947912093862,deadzone
4526,ok,11709.467056751251,291.83926875982434,1.174947912093862,deadzone
4527,ok,11713.238369941711,295.80126483831555,1.174947912093862,deadzone
4528,ok,11717.200326919556,299.6916905203834,1.174947912093862,deadzone
4529,ok,11720.972818374634,303.70773513708264,1.174947912093862,deadzone
4530,ok,11724.790231704712,307.72611911688,1.174947912093862,deadzone
4531,ok,11728.600668668747,311.74667890463024,1.174947912093862,deadzone
4532,ok,11732.355303525925,315.79435594473034,1.174947912093862,deadzone
4533,ok,11736.03737950325,319.8276482382789,1.174947912093862,deadzone
4534,ok,11739.625283241272,323.9644857207313,1.174947912093862,deadzone
4535,ok,11743.20459318161,328.0404067793861,1.174947912093862,deadzone
4536,ok,11746.722932815552,332.1482392111793,1.174947912093862,deadzone
4537,ok,11750.119354963303,336.2761750975624,1.174947912093862,deadzone
4538,ok,11753.606663227081,340.36457021627575,1.174947912093862,deadzone
4539,ok,11756.954597473145,344.526270464994,1.174947912093862,deadzone
4540,ok,11760.284861087799,348.7300263205543,1.174947912093862,deadzone
4541,ok,11763.594053506851,352.9117980757728,1.174947912093862,deadzone
4542,ok,11766.89659357071,357.1636176863685,1.174947912093862,deadzone
4543,ok,11770.055995464325,361.38938911352307,1.174947912093862,deadzone
4544,ok,11773.296228170395,365.5891757765785,1.174947912093862,deadzone
4545,ok,11776.374762296677,369.8951211730018,1.174947912093862,deadzone
4546,ok,11779.428390026093,374.12450225744396,1.174947912093862,deadzone
4547,ok,11782.435096025467,378.4611316481605,1.174947912093862,deadzone
4548,ok,11785.405871391296,382.70500047598034,1.174947912093862,deadzone
4549,ok,11788.262080430984,387.01538427267224,1.174947912093862,deadzone
4550,ok,11791.111087560654,391.348301009275,1.174947912093862,deadzone
4551,ok,11793.937287092209,395.7364197531715,1.174947912093862,deadzone
4552,ok,11796.749507904053,400.16039903555065,1.174947912093862,deadzone
4553,ok,11799.450169563293,404.6102801123634,1.174947912093862,deadzone
4554,ok,11802.202597618103,409.033350543119,1.174947912093862,deadzone
4555,ok,11804.817944526672,413.5413585463539,1.174947912093862,deadzone
4556,ok,11807.443002223969,417.9875264922157,1.174947912093862,deadzone
4557,ok,11810.044919013977,422.50327642355114,1.174947912093862,deadzone
4558,ok,11812.578400611877,427.0726228514686,1.174947912093862,deadzone
4559,ok,11815.190653085709,431.7100778380409,1.174947912093862,deadzone
4560,ok,11817.748608827591,436.38856656942517,1.174947912093862,deadzone
4561,ok,11820.289479017258,441.0413070479408,1.174947912093862,deadzone
4562,ok,11822.79327750206,445.7259093085304,1.174947912093862,deadzone
4563,ok,11825.248405456543,450.383785800077,1.174947912093862,deadzone
4564,ok,11827.557953119278,455.0153528014198,1.174947912093862,deadzone
4565,ok,11829.966084003448,459.7026186743751,1.174947912093862,deadzone
4566,ok,11832.196125268936,464.4020348349586,1.174947912093862,deadzone
4567,ok,11834.434253692627,469.1614003935829,1.174947912093862,deadzone
4568,ok,11836.658366680145,473.89301736745983,1.174947912093862,deadzone
4569,ok,11838.873086929321,478.7474199095741,1.174947912093862,deadzone
4570,ok,11841.054198503494,483.55497606191784,1.174947912093862,deadzone
4571,ok,11843.215441703796,488.35596235189587,1.174947912093862,deadzone
4572,ok,11845.329508066177,493.26588590536267,1.174947912093862,deadzone
4573,ok,11847.394084215164,498.1587787428871,1.174947912093862,deadzone
4574,ok,11849.482660531998,503.06418235693127,1.174947912093862,deadzone
4575,ok,11851.493046760559,508.00146110448986,1.174947912093862,deadzone
4576,ok,11853.562857151031,512.9871302405372,1.174947912093862,deadzone
4577,ok,11855.563879966736,517.974488333799,1.174947912093862,deadzone
4578,ok,11857.420423984528,523.0009012976661,1.174947912093862,deadzone
4579,ok,11859.273224830627,527.9661694327369,1.174947912093862,deadzone
4580,ok,11861.049776315689,532.9931016722694,1.174947912093862,deadzone
4581,ok,11862.84743654728,538.0515666762367,1.174947912093862,deadzone
4582,ok,11864.483097434044,543.1152616301551,1.174947912093862,deadzone
4583,ok,11866.193476557732,548.1548863211647,1.174947912093862,deadzone
4584,ok,11867.772494673729,553.2462392607704,1.174947912093862,deadzone
4585,ok,11869.383722543716,558.317747191526,1.174947912093862,deadzone
4586,ok,11870.911102890968,563.4514785567299,1.174947912093862,deadzone
4587,ok,11872.367027282715,568.5246573248878,1.174947912093862,deadzone
4588,ok,11873.918090581894,573.669261530973,1.174947912093862,deadzone
4589,ok,11875.261740088463,578.8574839392677,1.174947912093862,deadzone
4590,ok,11876.710235238075,583.9944062987342,1.174947912093862,deadzone
4591,ok,11877.974830031395,589.1352682868019,1.174947912093862,deadzone
4592,ok,11879.335927844048,594.3209768095985,1.174947912093862,deadzone
4593,ok,11880.58441722393,599.5260086813942,1.174947912093862,deadzone
4594,ok,11881.767121195793,604.716495112516,1.174947912093862,deadzone
4595,ok,11882.992058634758,609.9335113326088,1.174947912093862,deadzone
4596,ok,11884.08406662941,615.0818653861061,1.174947912093862,deadzone
4597,ok,11885.109239935875,620.2674203673378,1.174947912093862,deadzone
4598,ok,11886.13726758957,625.4248491087928,1.174947912093862,deadzone
4599,ok,11887.154208660126,630.6395140448585,1.174947912093862,deadzone
4600,ok,11888.072014570236,635.9262748518959,1.174947912093862,deadzone
4601,ok,11889.112052798271,641.1998382369056,1.174947912093862,deadzone
4602,ok,11889.9463788867,646.4653144637123,1.174947912093862,deadzone
4603,ok,11890.814366102219,651.743902281858,1.174947912093862,deadzone
4604,ok,11891.582795739174,656.9494629660621,1.174947912093862,deadzone
4605,ok,11892.229521870613,662.1572600165382,1.174947912093862,deadzone
4606,ok,11892.913875341415,667.351266936399,1.174947912093862,deadzone
4607,ok,11893.481900930405,672.5991216460243,1.174947912093862,deadzone
4608,ok,11893.968780815601,677.8615842619911,1.174947912093862,deadzone
4609,ok,11894.3175072968,683.1102691451088,1.174947912093862,deadzone
4610,ok,11894.795337200165,688.4289732733741,1.174947912093862,deadzone
4611,ok,11895.229896008968,693.7549310484901,1.174947912093862,deadzone
4612,ok,11895.660454541445,699.0954247275367,1.174947912093862,deadzone
4613,ok,11895.972436875105,704.395673350431,1.174947912093862,deadzone
4614,ok,11896.372622579336,709.6713572302833,1.174947912093862,deadzone
4615,ok,11896.648530036211,714.960925177671,1.174947912093862,deadzone
4616,ok,11896.895363986492,720.2512961188331,1.174947912093862,deadzone
4617,ok,11897.105860471725,725.5418868819252,1.174947912093862,deadzone
4618,ok,11897.215903788805,730.8007279196754,1.174947912093862,deadzone
4619,ok,11897.2575776577,736.0324564734474,1.174947912093862,deadzone
4620,ok,11897.315561503172,741.3061056891456,1.174947912093862,deadzone
4621,ok,11897.236304819584,746.4932738104835,1.174947912093862,deadzone
4622,ok,11897.175386488438,751.730308608152,1.174947912093862,deadzone
4623,ok,11897.105314850807,756.9931574622169,1.174947912093862,deadzone
4624,ok,11896.943775057793,762.272563056089,1.174947912093862,deadzone
4625,ok,11896.78146570921,767.4655490675941,1.174947912093862,deadzone
4626,ok,11896.570381224155,772.6868239203468,1.174947912093862,deadzone
4627,ok,11896.216347694397,777.8123994627967,1.174947912093862,deadzone
4628,ok,11895.916839897633,782.9805556097999,1.174947912093862,deadzone
4629,ok,11895.51871651411,788.1020923415199,1.174947912093862,deadzone
4630,ok,11895.166810572147,793.206596926786,1.174947912093862,deadzone
4631,ok,11894.69166725874,798.3354831496254,1.174947912093862,deadzone
4632,ok,11894.259080052376,803.470618323423,1.174947912093862,deadzone
4633,ok,11893.634741544724,808.5502801695839,1.174947912093862,deadzone
4634,ok,11893.019327878952,813.700493411161,1.174947912093862,deadzone
4635,ok,11892.388030946255,818.7721491614357,1.174947912093862,deadzone
4636,ok,11891.68588989973,823.8428531447425,1.174947912093862,deadzone
4637,ok,11890.968217790127,828.8849740782753,1.174947912093862,deadzone
4638,ok,11890.159161031246,833.876133040525,1.174947912093862,deadzone
4639,ok,11889.250151753426,838.8256693640724,1.174947912093862,deadzone
4640,ok,11888.434292435646,843.8449874678627,1.174947912093862,deadzone
4641,ok,11887.42455637455,848.8039222517982,1.174947912093862,deadzone
4642,ok,11886.463239073753,853.7651496687904,1.174947912093862,deadzone
4643,ok,11885.415689349174,858.6619020262733,1.174947912093862,deadzone
4644,ok,11884.408100008965,863.5095649519935,1.174947912093862,deadzone
4645,ok,11883.243748307228,868.3590656081215,1.174947912093862,deadzone
4646,ok,11882.118225932121,873.2534156600013,1.174947912093862,deadzone
4647,ok,11880.95162665844,878.1025572577491,1.174947912093862,deadzone
4648,ok,11879.717831373215,882.9316912451759,1.174947912093862,deadzone
4649,ok,11878.50534939766,887.8323550978675,1.174947912093862,deadzone
4650,ok,11877.164996385574,892.6510148802772,1.174947912093862,deadzone
4651,ok,11875.80279827118,897.4386745253578,1.174947912093862,deadzone
4652,ok,11874.432504534721,902.1735907355323,1.174947912093862,deadzone
4653,ok,11873.073165774345,906.8764243880287,1.1750082685291745,ok
4654,ok,11871.593361258507,911.5806427756324,1.1750082685291745,deadzone
4655,ok,11870.153772592545,916.222502307035,1.1750082685291745,deadzone
4656,ok,11868.62452840805,920.859323577024,1.1750082685291745,deadzone
4657,ok,11867.048137664795,925.436330393888,1.1750082685291745,deadzone
4658,ok,11865.508225560188,930.0181189337745,1.1750082685291745,deadzone
4659,ok,11863.808451414108,934.5092211524025,1.1750702534782926,ok
4660,ok,11862.051306724548,938.9811173239723,1.1750702534782926,deadzone
4661,ok,11860.373629689217,943.4842272559181,1.1750702534782926,deadzone
4662,ok,11858.542524337769,947.9863224783912,1.1751324134286933,ok
4663,ok,11856.678526520729,952.4655304709449,1.1751324134286933,deadzone
4664,ok,11854.871465444565,956.9997087279335,1.175195425135389,ok
4665,ok,11852.971320867538,961.4876676360145,1.175195425135389,deadzone
4666,ok,11851.027460455894,965.9645152846351,1.1752668943354332,ok
4667,ok,11849.081977128983,970.4838929930702,1.1752668943354332,deadzone
4668,ok,11847.021695137024,974.9532771864906,1.175343388562315,ok
4669,ok,11845.05314540863,979.3972559729591,1.1754635787267453,ok
4670,ok,11842.939027309418,983.7774544516578,1.1754635787267453,deadzone
4671,ok,11840.83952331543,988.2172952452675,1.17552446216591,ok
4672,ok,11838.703863620758,992.6368037024513,1.175632099940421,ok
4673,ok,11836.475646734238,997.0290284911171,1.1757795446498136,ok
4674,ok,11834.280296325684,1001.4861627379432,1.1759491368142647,ok
4675,ok,11831.970233678818,1005.940884665586,1.1761362782088727,ok
4676,ok,11829.718790769577,1010.338619784452,1.176350817753745,ok
4677,ok,11827.37956404686,1014.7369991103187,1.176350817753745,deadzone
4678,ok,11824.976837396622,1019.1298113623634,1.1764243175806075,ok
4679,ok,11822.559706926346,1023.5239840308204,1.1765492528424093,ok
4680,ok,11820.117945432663,1027.9561663428321,1.1767041488424945,ok
4681,ok,11817.612842082977,1032.3064604559913,1.1768949547861374,ok
4682,ok,11815.13535118103,1036.6498456755653,1.1771042853129179,ok
4683,ok,11812.701382398605,1040.9909158507362,1.1773335353843835,ok
4684,ok,11810.088578939438,1045.2745323935524,1.1775749356216303,ok
4685,ok,11807.462835073471,1049.5459304610267,1.1778306164953203,ok
4686,ok,11804.97600889206,1053.9574690619484,1.17809039578987,ok
4687,ok,11802.210580825806,1058.265275076963,1.1783608564522843,ok
4688,ok,11799.418969154358,1062.503634528257,1.1786395599986434,ok
4689,ok,11796.882976770401,1066.8551202574745,1.1789597622213792,ok
4690,ok,11794.067822694778,1071.1126576224342,1.1792870786681573,ok
4691,ok,11791.279438018799,1075.5067334929481,1.179648355078909,ok
4692,ok,11788.4604678154,1079.9191628256813,1.1800434892969403,ok
4693,ok,11785.583572387695,1084.2221380034462,1.1804743481354987,ok
4694,ok,11782.700940132141,1088.6053801337257,1.180938400903196,ok
4695,ok,11779.801194190979,1092.937418059446,1.181436510157169,ok
4696,ok,11776.799077272415,1097.225380496122,1.1819670741807162,ok
4697,ok,11773.875644207,1101.5012908736244,1.1825295812724212,ok
4698,ok,11770.781508207321,1105.7985521117225,1.183116836502026,ok
4699,ok,11767.76534485817,1110.1034241477028,1.1837314616809478,ok
4700,ok,11764.638054609299,1114.4431048193946,1.184378714697013,ok
4701,ok,11761.59962439537,1118.7383881369606,1.1850358762987456,ok
4702,ok,11758.47245502472,1123.0256725111976,1.1857211814801816,ok
4703,ok,11755.368207216263,1127.340828971006,1.1864141128831305,ok
4704,ok,11752.16904759407,1131.5387445250526,1.1871245017057621,ok
4705,ok,11748.993554592133,1135.860652999021,1.1878316757214518,ok
4706,ok,11745.74004149437,1140.1297999182716,1.188556751432784,ok
4707,ok,11742.50539970398,1144.4277873793617,1.1892935859381273,ok
4708,ok,11739.249101400375,1148.7380557814613,1.1900379263737395,ok
4709,ok,11735.897096633911,1153.0153423110023,1.1907907309976014,ok
4710,ok,11732.497364282608,1157.269992426969,1.1915424728402346,ok
4711,ok,11728.99828672409,1161.4580069342628,1.1923103070794787,ok
4712,ok,11725.469710350037,1165.5846401015297,1.1930837358409674,ok
4713,ok,11721.903009414673,1169.860550479032,1.193853735303906,ok
4714,ok,11718.286832809448,1174.219129637815,1.1946248394841985,ok
4715,ok,11714.630646944046,1178.5772591391578,1.1953973968701286,ok
4716,ok,11710.88284444809,1182.923502520658,1.1961747968203649,ok
4717,ok,11707.11905837059,1187.3246045866981,1.1969515389121672,ok
4718,ok,11703.230926275253,1191.7512489119545,1.1977333771101117,ok
4719,ok,11699.269027471542,1196.123368815519,1.1985239301101707,ok
4720,ok,11695.341442346573,1200.5703621665016,1.1993134966843828,ok
4721,ok,11691.352573633194,1204.9846692839637,1.200093545898896,ok
4722,ok,11687.298500299454,1209.4304037848487,1.2008621758460645,ok
4723,ok,11683.159570932388,1213.806085661985,1.201625645098387,ok
4724,ok,11679.16563653946,1218.1905694762245,1.202382134541474,ok
4725,ok,11674.998986721039,1222.485652522184,1.2031236066547208,ok
4726,ok,11670.848977088928,1226.7248941222206,1.203855482236983,ok
4727,ok,11666.703624725342,1230.9243117133155,1.204573979646552,ok
4728,ok,11662.558745384216,1235.0333553114906,1.2052768027435594,ok
4729,ok,11658.393871307373,1239.1330090323463,1.2059602980689406,ok
4730,ok,11654.145011901855,1243.1204739371315,1.2066360747079496,ok
4731,ok,11649.92411327362,1247.151577548124,1.2072885450636244,ok
4732,ok,11645.54373550415,1250.9946144381538,1.2079191466066759,ok
4733,ok,11641.218433856964,1254.7528804102913,1.2085409529270819,ok
4734,ok,11636.879522800446,1258.56964428816,1.2091366255783436,ok
4735,ok,11632.454882621765,1262.2133420268074,1.2097214526802627,ok
4736,ok,11628.071112632751,1265.9453781405464,1.2102946681598832,ok
4737,ok,11623.646970272064,1269.49715884123,1.2108430084177428,ok
4738,ok,11619.14428949356,1272.9678362170234,1.2114116290643773,ok
4739,ok,11614.730306625366,1276.4905634680763,1.2119513675307878,ok
4740,ok,11610.214496135712,1279.773933247663,1.2124931486060528,ok
4741,ok,11605.844961166382,1283.0771539965644,1.2130359524516043,ok
4742,ok,11601.441234588623,1286.3042224207893,1.2135715179161708,ok
4743,ok,11597.010239124298,1289.3264578143135,1.214109541715692,ok
4744,ok,11592.660286903381,1292.3222192088142,1.2146595969502758,ok
4745,ok,11588.221534252167,1295.196193532087,1.2152066477420258,ok
4746,ok,11583.828194618225,1297.96750457678,1.2157731445076452,ok
4747,ok,11579.361892223358,1300.7272029677406,1.2163178624849509,ok
4748,ok,11574.912581443787,1303.4264970580116,1.2168787224379982,ok
4749,ok,11570.43011522293,1306.083839491941,1.217435624485966,ok
4750,ok,11565.950647830963,1308.6176207819954,1.218014831447898,ok
4751,ok,11561.45319700241,1311.0815065661445,1.2185932998765117,ok
4752,ok,11556.994857311249,1313.5470407763496,1.2191729621526863,ok
4753,ok,11552.405071258545,1315.8482723990455,1.2197753664520878,ok
4754,ok,11547.924275875092,1318.1697960654274,1.2204006475397196,ok
4755,ok,11543.408737659454,1320.3417802611366,1.221017042200708,ok
4756,ok,11538.893504142761,1322.5071049490944,1.2216378179311589,ok
4757,ok,11534.382989883423,1324.6046357909217,1.2222711167608507,ok
4758,ok,11529.95811510086,1326.665299729444,1.2229043746220505,ok
4759,ok,11525.459495544434,1328.5687242308632,1.223550430452957,ok
4760,ok,11521.00611448288,1330.4298570910469,1.2241901389271905,ok
4761,ok,11516.531416416168,1332.134492234327,1.2248443556857629,ok
4762,ok,11512.120965480804,1333.827567175962,1.2255119972237771,ok
4763,ok,11507.60992717743,1335.4127933541313,1.226170102141511,ok
4764,ok,11503.155141353607,1337.0454868832603,1.2268449206836765,ok
4765,ok,11498.590707302094,1338.603338197805,1.2275128013000154,ok
4766,ok,11494.01041841507,1340.1561514893547,1.2281820356506634,ok
4767,ok,11489.441663742065,1341.6842370787635,1.2288611525910378,ok
4768,ok,11484.850279331207,1343.1226110020652,1.2295495272619548,ok
4769,ok,11480.342818260193,1344.4846701184288,1.2302550740553009,ok
4770,ok,11475.87512254715,1345.8320210734382,1.2309568013453633,ok
4771,ok,11471.36144399643,1347.0770479002967,1.231666842082133,ok
4772,ok,11466.910242557526,1348.3070525685325,1.232375457431816,ok
4773,ok,11462.474018573761,1349.3917321721092,1.2330808547035323,ok
4774,ok,11458.080090999603,1350.5560450116172,1.2337826413595898,ok
4775,ok,11453.64736366272,1351.5191192189232,1.2344840756593816,ok
4776,ok,11449.161642551422,1352.5063703814521,1.235180985356885,ok
4777,ok,11444.71319437027,1353.3940864959732,1.2358840915388256,ok
4778,ok,11440.221850395203,1354.2253545681015,1.2365647827228898,ok
4779,ok,11435.763054847717,1355.0724562564865,1.2372619075667575,ok
4780,ok,11431.312401294708,1355.8982004681602,1.2379496480424637,ok
4781,ok,11426.867882728577,1356.6031684437767,1.2386426198326854,ok
4782,ok,11422.363899707794,1357.412072733976,1.2393388906997584,ok
4783,ok,11417.891615390778,1357.963094071485,1.2400298843212645,ok
4784,ok,11413.450091362,1358.6314964452758,1.2407293788321734,ok
4785,ok,11408.953684806824,1359.1677446523681,1.2414224708634722,ok
4786,ok,11404.421183109283,1359.7117784777656,1.242122549650358,ok
4787,ok,11399.877831935883,1360.2590152779594,1.2428305150208196,ok
4788,ok,11395.29075050354,1360.720674530603,1.2435610514971545,ok
4789,ok,11390.711196422577,1361.0939814308658,1.2442880082853516,ok
4790,ok,11386.07716178894,1361.502422616817,1.2450068039666295,ok
4791,ok,11381.437112808228,1361.7728091934696,1.2457229654067559,ok
4792,ok,11376.804540157318,1362.1327188471332,1.246436356569594,ok
4793,ok,11372.124665737152,1362.361564011313,1.2471251660479221,ok
4794,ok,11367.40301990509,1362.5758380899206,1.2478222479139314,ok
4795,ok,11362.6724152565,1362.8285002419725,1.24851062045319,ok
4796,ok,11357.968496322632,1362.9390348279849,1.2492027060315145,ok
4797,ok,11353.242955207825,1363.1126324618235,1.24988388115575,ok
4798,ok,11348.46063041687,1363.2073079878464,1.2505572518947168,ok
4799,ok,11343.679677963257,1363.2675477871671,1.251233230786966,ok
4800,ok,11338.889617443085,1363.2539191031829,1.2519068334662657,ok
4801,ok,11334.080518722534,1363.269581549801,1.2525796893042334,ok
4802,ok,11329.313205242157,1363.288144000806,1.2532379680617933,ok
4803,ok,11324.463643074036,1363.2198699796572,1.2539154452596668,ok
4804,ok,11319.696162700653,1363.0729586267844,1.254591213679817,ok
4805,ok,11314.89600610733,1362.9784014606848,1.255286130525329,ok
4806,ok,11310.120975971222,1362.7841930622235,1.2559832326028961,ok
4807,ok,11305.345788955688,1362.604029797949,1.2566904662621636,ok
4808,ok,11300.512209892273,1362.386523076333,1.2573963420244907,ok
4809,ok,11295.701459407806,1362.0339857125655,1.2581056562825803,ok
4810,ok,11290.871411323547,1361.7527148807421,1.2588114092437932,ok
4811,ok,11286.01187992096,1361.363036760129,1.2595213110296863,ok
4812,ok,11281.197163105011,1360.9409806514159,1.260231305003762,ok
4813,ok,11276.382573127747,1360.580112167634,1.2609352694653664,ok
4814,ok,11271.550904273987,1360.1167009556666,1.2616417369167567,ok
4815,ok,11266.751506328583,1359.6041467869654,1.262350198804493,ok
4816,ok,11261.945766448975,1359.144198187627,1.2630475818623057,ok
4817,ok,11257.130224704742,1358.619259246625,1.2637607045023007,ok
4818,ok,11252.328517913818,1358.0383952343836,1.2644706512522088,ok
4819,ok,11247.453313350677,1357.4135061586276,1.265190780582162,ok
4820,ok,11242.610083580017,1356.787290402688,1.265907409412987,ok
4821,ok,11237.751297950745,1356.0931692207232,1.2666292751961743,ok
4822,ok,11232.854220867157,1355.3110412443057,1.2673639424645173,ok
4823,ok,11227.931438922882,1354.5774720394984,1.2681064086904406,ok
4824,ok,11223.047203063965,1353.766195484437,1.268854760638817,ok
4825,ok,11218.162847042084,1352.9471393311396,1.2695970289237808,ok
4826,ok,11213.238278865814,1352.062337228097,1.270343628176791,ok
4827,ok,11208.263135910034,1351.1747459853068,1.2710715701261919,ok
4828,ok,11203.37554693222,1350.1824293220416,1.2718061633846647,ok
4829,ok,11198.456885814667,1349.190225311555,1.2725061773303183,ok
4830,ok,11193.561441421509,1348.0834056818858,1.2731954110656263,ok
4831,ok,11188.617972373962,1347.0060626948252,1.273875995679629,ok
4832,ok,11183.662078857422,1345.9235811913386,1.2745515715975084,ok
4833,ok,11178.685171604156,1344.752505847253,1.2752342351989583,ok
4834,ok,11173.75836467743,1343.6371148312464,1.2759251026958982,ok
4835,ok,11168.880335330963,1342.4172745430842,1.276599085612518,ok
4836,ok,11163.945831775665,1341.1291788304225,1.2772537555252965,ok
4837,ok,11158.98639202118,1339.8275893414393,1.2779184051227488,ok
4838,ok,11154.063725948334,1338.430484362878,1.2785729502173042,ok
4839,ok,11149.12803554535,1337.0769721949473,1.2792215055611262,ok
4840,ok,11144.180785179138,1335.6194798434153,1.2798545978015023,ok
4841,ok,11139.250586509705,1334.1470001423731,1.2804852929643404,ok
4842,ok,11134.305443286896,1332.6725859129801,1.281100244303024,ok
4843,ok,11129.436000347137,1331.1011710846797,1.2817060725963185,ok
4844,ok,11124.551051139832,1329.6221495354548,1.2823179153758753,ok
4845,ok,11119.679738521576,1328.0469816410914,1.282912821280369,ok
4846,ok,11114.810756206512,1326.499650307931,1.2835347304739253,ok
4847,ok,11109.990107536316,1324.7835893118754,1.2841257324513338,ok
4848,ok,11105.123775959015,1323.0813226187602,1.2847018848527543,ok
4849,ok,11100.241228580475,1321.3102969611064,1.2852667552105115,ok
4850,ok,11095.340839862823,1319.6128056729212,1.285841395585933,ok
4851,ok,11090.536583423615,1317.8541148388758,1.28641465769173,ok
4852,ok,11085.722571849823,1315.876423903741,1.286968926772159,ok
4853,ok,11080.940641403198,1314.0456563914195,1.2875215016650148,ok
4854,ok,11076.10456085205,1312.1498496020213,1.288069623523013,ok
4855,ok,11071.344373226166,1310.1663987124339,1.2886096744607443,ok
4856,ok,11066.529838562012,1308.2345404112712,1.2891386423680178,ok
4857,ok,11061.748002052307,1306.1389159644023,1.289665062203453,ok
4858,ok,11057.017978668213,1304.0450112307444,1.290190414109682,ok
4859,ok,11052.311431884766,1301.9339022124186,1.290701020353676,ok
4860,ok,11047.55277967453,1299.7240325892344,1.2912029718015818,ok
4861,ok,11042.80837392807,1297.5432583773509,1.2916867989212237,ok
4862,ok,11038.185044288635,1295.3045908892527,1.2921653110625833,ok
4863,ok,11033.49362564087,1293.0588569128886,1.2926138126026927,ok
4864,ok,11028.881575584412,1290.7181171858683,1.2930547005203066,ok
4865,ok,11024.287709236145,1288.3914963686839,1.2934886332277928,ok
4866,ok,11019.748411178589,1285.9925250494853,1.2939266866905208,ok
4867,ok,11015.158690929413,1283.581544824876,1.2943422460578446,ok
4868,ok,11010.560494422913,1281.1279873335734,1.2947510566097655,ok
4869,ok,11006.004603385925,1278.6286682570353,1.2951487039861747,ok
4870,ok,11001.544900894165,1276.0576843703166,1.2955382968130895,ok
4871,ok,10997.062519073486,1273.4987155878916,1.2959271378248423,ok
4872,ok,10992.618763923645,1270.8939516032115,1.2963051347441756,ok
4873,ok,10988.162460327148,1268.2458271468058,1.2966769500180932,ok
4874,ok,10983.7015209198,1265.5086566889659,1.2966769500180932,deadzone
4875,ok,10979.228924751282,1262.6784450495616,1.2967713733967916,ok
4876,ok,10974.754922389984,1259.9202262843028,1.2969089823542577,ok
4877,ok,10970.32388973236,1257.1278693163767,1.2971000217543476,ok
4878,ok,10965.977647781372,1254.2706481898203,1.2973104416120464,ok
4879,ok,10961.662036895752,1251.379509636201,1.297534528809194,ok
4880,ok,10957.307290554047,1248.4742311919108,1.297784733177707,ok
4881,ok,10952.97865819931,1245.5022150957957,1.2980418177179107,ok
4882,ok,10948.72511959076,1242.496473976411,1.2983080155469278,ok
4883,ok,10944.462012767792,1239.4739000285044,1.2983080155469278,deadzone
4884,ok,10940.21965265274,1236.3885063612834,1.2983764676014848,ok
4885,ok,10935.963059425354,1233.2453765356913,1.2983764676014848,deadzone
4886,ok,10931.715958595276,1230.1406535590068,1.2983764676014848,deadzone
4887,ok,10927.539127349854,1226.8973843539134,1.2983764676014848,deadzone
4888,ok,10923.356616020203,1223.718905874528,1.2983764676014848,deadzone
4889,ok,10919.214768886566,1220.5095850909129,1.2983764676014848,deadzone
4890,ok,10915.0512008667,1217.21856827382,1.2983764676014848,deadzone
4891,ok,10910.878633022308,1213.9807772124186,1.2983764676014848,deadzone
4892,ok,10906.74515914917,1210.6677429163828,1.2983764676014848,deadzone
4893,ok,10902.562064647675,1207.3574156248942,1.2983764676014848,deadzone
4894,ok,10898.525845527649,1203.9974359953776,1.2983764676014848,deadzone
4895,ok,10894.476517677307,1200.630436846055,1.2983764676014848,deadzone
4896,ok,10890.569980859756,1197.1659118616953,1.2983764676014848,deadzone
4897,ok,10886.58558177948,1193.7801618063822,1.2983764676014848,deadzone
4898,ok,10882.677512168884,1190.3304190123454,1.2983764676014848,deadzone
4899,ok,10878.83830499649,1186.7972590411082,1.2983764676014848,deadzone
4900,ok,10874.95421385765,1183.3384434664622,1.2983764676014848,deadzone
4901,ok,10871.158161401749,1179.780185171403,1.2983764676014848,deadzone
4902,ok,10867.335973024368,1176.1526987040415,1.2983764676014848,deadzone
4903,ok,10863.543915271759,1172.5785018885508,1.2983764676014848,deadzone
4904,ok,10859.800184965134,1168.960162111558,1.2983764676014848,deadzone
4905,ok,10856.020145654678,1165.305955835618,1.2983764676014848,deadzone
4906,ok,10852.246789693832,1161.626480766572,1.2983764676014848,deadzone
4907,ok,10848.61187338829,1157.9368183100596,1.2983764676014848,deadzone
4908,ok,10844.953070163727,1154.2391325915232,1.2983764676014848,deadzone
4909,ok,10841.320821285248,1150.4949526274577,1.2983764676014848,deadzone
4910,ok,10837.785138368607,1146.7049242937937,1.2983764676014848,deadzone
4911,ok,10834.179688692093,1142.955279299058,1.2983764676014848,deadzone
4912,ok,10830.623537063599,1139.1669544661418,1.2983764676014848,deadzone
4913,ok,10827.117992162704,1135.314262338914,1.2983764676014848,deadzone
4914,ok,10823.629551172256,1131.4130298579112,1.2983764676014848,deadzone
4915,ok,10820.124718427658,1127.5342354262248,1.2983764676014848,deadzone
4916,ok,10816.702205181122,1123.6140515292063,1.2983764676014848,deadzone
4917,ok,10813.301000595093,1119.710487791337,1.2983764676014848,deadzone
4918,ok,10809.932936429977,1115.7655229056254,1.2983764676014848,deadzone
4919,ok,10806.61317563057,1111.735112615861,1.2983764676014848,deadzone
4920,ok,10803.320764303207,1107.6894144499674,1.2983764676014848,deadzone
4921,ok,10799.948283195496,1103.6965517485514,1.2983764676014848,deadzone
4922,ok,10796.603294372559,1099.7023181403056,1.2983764676014848,deadzone
4923,ok,10793.374222755432,1095.626343675889,1.2983764676014848,deadzone
4924,ok,10790.158306837082,1091.6512379134074,1.2983764676014848,deadzone
4925,ok,10786.76502275467,1087.872348495759,1.2983764676014848,deadzone
4926,ok,10783.697646141052,1083.8763751471415,1.2983764676014848,deadzone
4927,ok,10780.665484905243,1079.8937572920695,1.2983764676014848,deadzone
4928,ok,10777.537060022354,1075.9707977259532,1.2983764676014848,deadzone
4929,ok,10774.439326763153,1072.013741680421,1.2983764676014848,deadzone
4930,ok,10771.466478824615,1067.890767284669,1.2983764676014848,deadzone
4931,ok,10768.463128089905,1063.8465668642893,1.2983764676014848,deadzone
4932,ok,10765.469286680222,1059.6889512026682,1.2983764676014848,deadzone
4933,ok,10762.50225019455,1055.4880563700572,1.2983764676014848,deadzone
4934,ok,10759.520476102829,1051.367896267213,1.2983764676014848,deadzone
4935,ok,10756.52103972435,1047.1833464587107,1.2983764676014848,deadzone
4936,ok,10753.53038263321,1042.9801146471873,1.2983764676014848,deadzone
4937,ok,10750.463700294495,1038.7537638628855,1.2983764676014848,deadzone
4938,ok,10747.317454576492,1034.6099659884349,1.2983764676014848,deadzone
4939,ok,10744.263436794281,1030.1679102862254,1.2983764676014848,deadzone
4940,ok,10741.274389982224,1025.6888834917918,1.2983764676014848,deadzone
4941,ok,10738.008162736893,1021.4087230646983,1.2983764676014848,deadzone
4942,ok,10734.847086429596,1017.1194555247203,1.2983764676014848,deadzone
4943,ok,10731.617592334747,1012.9240953410044,1.2983764676014848,deadzone
4944,ok,10728.286168336868,1008.7723247492686,1.2983764676014848,deadzone
4945,ok,10725.008276462555,1004.5947768175974,1.2983764676014848,deadzone
4946,ok,10721.666417360306,1000.4540888750926,1.2983764676014848,deadzone
4947,ok,10718.282583713531,996.3187615359202,1.2983764676014848,deadzone
4948,ok,10714.984210968018,992.2841331446543,1.2983764676014848,deadzone
4949,ok,10711.618367910385,988.3190316641703,1.2983764676014848,deadzone
4950,ok,10708.297685146332,984.3591958964244,1.2983764676014848,deadzone
4951,ok,10704.876217126846,980.3908593142405,1.2983764676014848,deadzone
4952,ok,10701.50020813942,976.414982506074,1.2983764676014848,deadzone
4953,ok,10698.112444639206,972.4347972357646,1.2983764676014848,deadzone
4954,ok,10694.670497655869,968.4914531195536,1.2983764676014848,deadzone
4955,ok,10691.277987957,964.4711837256327,1.2983764676014848,deadzone
4956,ok,10687.896018743515,960.3790597403422,1.2983764676014848,deadzone
4957,ok,10684.395076990128,956.2874812567607,1.2983764676014848,deadzone
4958,ok,10680.916402101517,952.1692017996684,1.2983764676014848,deadzone
4959,ok,10677.414077043533,948.0145024741068,1.2983764676014848,deadzone
4960,ok,10673.88871884346,943.8240584814921,1.2983764676014848,deadzone
4961,ok,10670.407997131348,939.6428837263957,1.2983764676014848,deadzone
4962,ok,10666.791215658188,935.4085149252787,1.2983764676014848,deadzone
4963,ok,10663.261224508286,931.1759833777323,1.2983764676014848,deadzone
4964,ok,10659.68526673317,926.9714116537943,1.2983764676014848,deadzone
4965,ok,10656.067709445953,922.7196607077494,1.2983764676014848,deadzone
4966,ok,10652.440645456314,918.444765993394,1.2983764676014848,deadzone
4967,ok,10648.779713392258,914.2323140585795,1.2983764676014848,deadzone
4968,ok,10645.23110461235,909.861170717515,1.2983764676014848,deadzone
4969,ok,10641.549261331558,905.5728606665507,1.2983764676014848,deadzone
4970,ok,10637.85231423378,901.2602791273966,1.2983764676014848,deadzone
4971,ok,10634.194549560547,896.8662352049723,1.2983764676014848,deadzone
4972,ok,10630.463786840439,892.5758208716288,1.2983764676014848,deadzone
4973,ok,10626.812418222427,888.2342738592997,1.2983764676014848,deadzone
4974,ok,10623.098170518875,883.9376887762919,1.2983764676014848,deadzone
4975,ok,10619.365700483322,879.5945152724162,1.2983764676014848,deadzone
4976,ok,10615.636397600174,875.2607931578532,1.2983764676014848,deadzone
4977,ok,10611.90676689148,870.9543075049296,1.2983764676014848,deadzone
4978,ok,10608.142766475677,866.6330604040995,1.2983764676014848,deadzone
4979,ok,10604.322011470795,862.2224840605631,1.2983764676014848,deadzone
4980,ok,10600.475173950195,857.8504399741068,1.2983764676014848,deadzone
4981,ok,10596.670593261719,853.4786519492045,1.2983764676014848,deadzone
4982,ok,10592.808966636658,849.1181067908183,1.2983764676014848,deadzone
4983,ok,10588.92633008957,844.7202186072245,1.2983764676014848,deadzone
4984,ok,10585.081442594528,840.4314259970561,1.2983764676014848,deadzone
4985,ok,10581.219644546509,836.0307545149699,1.2983764676014848,deadzone
4986,ok,10577.304174423218,831.5762943709269,1.2983764676014848,deadzone
4987,ok,10573.31691122055,827.1820668661967,1.2983764676014848,deadzone
4988,ok,10569.388864278793,822.8113378966227,1.2983764676014848,deadzone
4989,ok,10565.41610455513,818.4119572127238,1.2983764676014848,deadzone
4990,ok,10561.351797819138,813.966979929246,1.2983764676014848,deadzone
4991,ok,10557.432283878326,809.5239209616557,1.2983764676014848,deadzone
4992,ok,10553.418753623962,805.1777314627543,1.2983764676014848,deadzone
4993,ok,10549.405032634735,800.6939658606425,1.2983764676014848,deadzone
4994,ok,10545.356049537659,796.3072628462687,1.2983764676014848,deadzone
4995,ok,10541.312492847443,791.8960642302409,1.2983764676014848,deadzone
4996,ok,10537.20776128769,787.4421805823222,1.2983764676014848,deadzone
4997,ok,10533.082777500153,782.9770044768229,1.2983764676014848,deadzone
4998,ok,10528.956202983856,778.5000700438395,1.2983764676014848,deadzone
4999,ok,10524.842957496643,774.0968017065898,1.2983764676014848,deadzone
5000,ok,10520.704054832458,769.6562876189128,1.2983764676014848,deadzone
5001,ok,10516.549189090729,765.1832193816081,1.2983764676014848,deadzone
5002,ok,10512.357937812805,760.7526173079386,1.2983764676014848,deadzone
5003,ok,10508.198007106781,756.2528995955363,1.2983764676014848,deadzone
5004,ok,10503.941336154938,751.7890257323161,1.2983764676014848,deadzone
5005,ok,10499.638374328613,747.3422507727519,1.2983764676014848,deadzone
5006,ok,10495.406270980835,742.8376044714823,1.2983764676014848,deadzone
5007,ok,10491.116866111755,738.3581251585856,1.2983764676014848,deadzone
5008,ok,10486.882949829102,733.9812359297648,1.2983764676014848,deadzone
5009,ok,10482.553684711456,729.5690249884501,1.2983764676014848,deadzone
5010,ok,10478.25238275528,725.1894316161051,1.2983764676014848,deadzone
5011,ok,10473.882490634918,720.8606628859416,1.2983764676014848,deadzone
5012,ok,10469.580258369446,716.5969361746684,1.2983764676014848,deadzone
5013,ok,10465.196771144867,712.3481673682109,1.2983764676014848,deadzone
5014,ok,10460.93123292923,708.1514939749613,1.2983764676014848,deadzone
5015,ok,10456.614407539368,703.9808191740885,1.2983764676014848,deadzone
5016,ok,10452.248460769653,699.8345393622294,1.2983764676014848,deadzone
5017,ok,10447.850900650024,695.7394151175395,1.2983764676014848,deadzone
5018,ok,10443.518812179565,691.5711850607768,1.2983764676014848,deadzone
5019,ok,10439.143392086029,687.4973248923197,1.2983764676014848,deadzone
5020,ok,10434.802875041962,683.4828757727519,1.2983764676014848,deadzone
5021,ok,10430.39349079132,679.4728722060099,1.2983764676014848,deadzone
5022,ok,10425.908896923065,675.5147799933329,1.2983764676014848,deadzone
5023,ok,10421.453738212585,671.6235751593485,1.2983764676014848,deadzone
5024,ok,10417.022278308868,667.7211408102885,1.2983764676014848,deadzone
5025,ok,10412.544127464294,663.8652445757762,1.2983764676014848,deadzone
5026,ok,10408.03975391388,660.0946771586314,1.2983764676014848,deadzone
5027,ok,10403.559366226196,656.3221318209544,1.2983764676014848,deadzone
5028,ok,10399.113948822021,652.6328827822581,1.2983764676014848,deadzone
5029,ok,10394.652322292328,648.9252922022715,1.2983764676014848,deadzone
5030,ok,10390.167796611786,645.21115512494,1.2983764676014848,deadzone
5031,ok,10385.676305294037,641.497399517335,1.2983764676014848,deadzone
5032,ok,10381.185695171356,637.829546877183,1.2983764676014848,deadzone
5033,ok,10376.69480752945,634.1619233572856,1.2983764676014848,deadzone
5034,ok,10372.250169754028,630.4300043070689,1.2983764676014848,deadzone
5035,ok,10367.787040233612,626.7814847910777,1.2983764676014848,deadzone
5036,ok,10363.330711364746,623.0654427492991,1.2983764676014848,deadzone
5037,ok,10358.823778152466,619.4111167872325,1.2983764676014848,deadzone
5038,ok,10354.308213233948,615.7286910498515,1.2983764676014848,deadzone
5039,ok,10349.743134498596,612.1242269957438,1.2983764676014848,deadzone
5040,ok,10345.218873500824,608.4638504469767,1.2983764676014848,deadzone
5041,ok,10340.705605506897,604.8656639540568,1.2983764676014848,deadzone
5042,ok,10336.190655708313,601.268183180131,1.2983764676014848,deadzone
5043,ok,10331.662962913513,597.7052239859477,1.2983764676014848,deadzone
5044,ok,10327.192208766937,594.1207398856059,1.2983764676014848,deadzone
5045,ok,10322.649067401886,590.5516862357035,1.2983764676014848,deadzone
5046,ok,10318.080978870392,587.0037071192637,1.2983764676014848,deadzone
5047,ok,10313.495698451996,583.5630249464884,1.2983764676014848,deadzone
5048,ok,10308.915809631348,580.0844964468852,1.2983764676014848,deadzone
5049,ok,10304.438416481018,576.5930523360148,1.2983764676014848,deadzone
5050,ok,10299.901266098022,573.2133292639628,1.2983764676014848,deadzone
5051,ok,10295.384949207306,569.8527509653941,1.2983764676014848,deadzone
5052,ok,10290.881495952606,566.5611903155223,1.2983764676014848,deadzone
5053,ok,10286.321621418,563.3142520869151,1.2983764676014848,deadzone
5054,ok,10281.840797424316,560.0371188605204,1.2983764676014848,deadzone
5055,ok,10277.368624687195,556.7749790633097,1.2983764676014848,deadzone
5056,ok,10272.754321098328,553.6302175009623,1.2983764676014848,deadzone
5057,ok,10268.298222064972,550.4377564871684,1.2983764676014848,deadzone
5058,ok,10263.737621307373,547.3286678278819,1.2983764676014848,deadzone
5059,ok,10259.233747005463,544.2143241846934,1.2983764676014848,deadzone
5060,ok,10254.791508197784,541.1091157877818,1.2983764676014848,deadzone
5061,ok,10250.336168289185,538.0612129652873,1.2983764676014848,deadzone
5062,ok,10245.942850112915,534.947594829835,1.2983764676014848,deadzone
5063,ok,10241.424308776855,531.8822895968333,1.2983764676014848,deadzone
5064,ok,10236.953941345215,528.8394271815196,1.2983764676014848,deadzone
5065,ok,10232.42720413208,525.8188244784251,1.2983764676014848,deadzone
5066,ok,10227.957934379578,522.7943646395579,1.2983764676014848,deadzone
5067,ok,10223.527156829834,519.7431785548106,1.2983764676014848,deadzone
5068,ok,10219.066770553589,516.7654480421916,1.2983764676014848,deadzone
5069,ok,10214.64538860321,513.7174870455638,1.2983764676014848,deadzone
5070,ok,10210.241443634033,510.74195499066263,1.2983764676014848,deadzone
5071,ok,10205.797266960144,507.7802373850718,1.2983764676014848,deadzone
5072,ok,10201.339931488037,504.8285204852,1.2983764676014848,deadzone
5073,ok,10196.99047756195,501.8414828265086,1.2983764676014848,deadzone
5074,ok,10192.609463691711,498.8778471434489,1.2983764676014848,deadzone
5075,ok,10188.185674190521,495.9283189261332,1.2983764676014848,deadzone
5076,ok,10183.8161277771,492.99561924580485,1.2983764676014848,deadzone
5077,ok,10179.396317005157,490.04446906689554,1.2983764676014848,deadzone
5078,ok,10175.048210144043,487.11089820507914,1.2983764676014848,deadzone
5079,ok,10170.70041847229,484.2634794199839,1.2983764676014848,deadzone
5080,ok,10166.353819847107,481.33520741108805,1.2983764676014848,deadzone
5081,ok,10162.043268203735,478.50459642056376,1.2983764676014848,deadzone
5082,ok,10157.672100067139,475.61288518551737,1.2983764676014848,deadzone
5083,ok,10153.322330474854,472.7433566534892,1.2983764676014848,deadzone
5084,ok,10149.01443529129,469.8609988177195,1.2983764676014848,deadzone
5085,ok,10144.721686840057,467.00423593167216,1.2983764676014848,deadzone
5086,ok,10140.404822826385,464.12814087513834,1.2983764676014848,deadzone
5087,ok,10136.137810230255,461.2977976286784,1.2983764676014848,deadzone
5088,ok,10131.827620983124,458.4517864668742,1.2983764676014848,deadzone
5089,ok,10127.61973619461,455.63057322148234,1.2983764676014848,deadzone
5090,ok,10123.317743778229,452.784757562913,1.2983764676014848,deadzone
5091,ok,10119.146807670593,449.873097368516,1.2983764676014848,deadzone
5092,ok,10114.825491428375,447.02295274380594,1.2983764676014848,deadzone
5093,ok,10110.579026699066,444.0597342932597,1.2983764676014848,deadzone
5094,ok,10106.210826396942,441.0959715330973,1.2983764676014848,deadzone
5095,ok,10101.898862361908,438.1086406195536,1.2983764676014848,deadzone
5096,ok,10097.590419769287,435.09920091275126,1.2983764676014848,deadzone
5097,ok,10093.295917987823,432.03614325169474,1.2983764676014848,deadzone
5098,ok,10088.946767807007,429.0386423552409,1.2983764676014848,deadzone
5099,ok,10084.69233083725,425.95755476597697,1.2983764676014848,deadzone
5100,ok,10080.278705596924,422.86283392552286,1.2983764676014848,deadzone
5101,ok,10076.044052124023,419.70201630238444,1.2983764676014848,deadzone
5102,ok,10071.683631896973,416.56019873265177,1.2983764676014848,deadzone
5103,ok,10067.375740528107,413.4009937727824,1.2983764676014848,deadzone
5104,ok,10063.066309928894,410.2070276224986,1.2983764676014848,deadzone
5105,ok,10058.665317058563,407.0735887968913,1.2983764676014848,deadzone
5106,ok,10054.327950954437,403.9117757761851,1.2983764676014848,deadzone
5107,ok,10050.098002910614,400.7806217158213,1.2983764676014848,deadzone
5108,ok,10045.619097709656,397.7535795653239,1.2983764676014848,deadzone
5109,ok,10041.351789474487,394.4702188456431,1.2983764676014848,deadzone
5110,ok,10037.000696182251,391.13688773754984,1.2983764676014848,deadzone
5111,ok,10032.641448020935,387.8966195071116,1.2983764676014848,deadzone
5112,ok,10028.27982378006,384.61428184155375,1.2983764676014848,deadzone
5113,ok,10023.978088855743,381.2646035635844,1.2983764676014848,deadzone
5114,ok,10019.63381099701,377.8793577635661,1.2983764676014848,deadzone
5115,ok,10015.296877861023,374.40374607685953,1.2983764676014848,deadzone
5116,ok,10010.907083034515,370.96927351597697,1.2983764676014848,deadzone
5117,ok,10006.558619976044,367.4551062071696,1.2983764676014848,deadzone
5118,ok,10002.244189739227,363.8789796316996,1.2983764676014848,deadzone
5119,ok,9997.884572982788,360.30704207066447,1.2983764676014848,deadzone
5120,ok,9993.520077228546,356.781960436143,1.2983764676014848,deadzone
5121,ok,9989.15135717392,353.2694050753489,1.2983764676014848,deadzone
5122,ok,9984.787160873413,349.608695932664,1.2983764676014848,deadzone
5123,ok,9980.418507099152,345.94256753567606,1.2983764676014848,deadzone
5124,ok,9976.002833843231,342.33421964291483,1.2983764676014848,deadzone
5125,ok,9971.592178344727,338.61491746548563,1.2983764676014848,deadzone
5126,ok,9967.210422992706,334.9635424101725,1.2983764676014848,deadzone
5127,ok,9962.799990653992,331.3312527621165,1.2983764676014848,deadzone
5128,ok,9958.39989900589,327.6367067778483,1.2983764676014848,deadzone
5129,ok,9953.995234012604,323.9250251734629,1.2983764676014848,deadzone
5130,ok,9949.572783946991,320.2315909350291,1.2983764676014848,deadzone
5131,ok,9945.102914333344,316.5225975001231,1.2983764676014848,deadzone
5132,ok,9940.745501041412,312.7949120486155,1.2983764676014848,deadzone
5133,ok,9936.340295791626,309.04942483548075,1.2983764676014848,deadzone
5134,ok,9931.955278873444,305.3517388785258,1.2983764676014848,deadzone
5135,ok,9927.516013145447,301.5747236693278,1.2983764676014848,deadzone
5136,ok,9923.103119373322,297.8668398344889,1.2983764676014848,deadzone
5137,ok,9918.619186401367,294.1251692259684,1.2983764676014848,deadzone
5138,ok,9914.176852226257,290.3730506384745,1.2983764676014848,deadzone
5139,ok,9909.72908449173,286.56146521214396,1.2983764676014848,deadzone
5140,ok,9905.32245016098,282.74476117733866,1.2983764676014848,deadzone
5141,ok,9900.893136024475,278.9610373461619,1.2983764676014848,deadzone
5142,ok,9896.39633178711,275.2652503931895,1.2983764676014848,deadzone
5143,ok,9891.888841629028,271.4417001688853,1.2983764676014848,deadzone
5144,ok,9887.379552841187,267.7149035418406,1.2983764676014848,deadzone
5145,ok,9882.92420244217,263.91061610821635,1.2983764676014848,deadzone
5146,ok,9878.42883348465,260.2002212489024,1.2983764676014848,deadzone
5147,ok,9873.998465538025,256.42232317570597,1.2983764676014848,deadzone
5148,ok,9869.459913253784,252.70672435406595,1.2983764676014848,deadzone
5149,ok,9864.985261917114,248.92114252690226,1.2983764676014848,deadzone
5150,ok,9860.543119430542,245.12875027302653,1.2983764676014848,deadzone
5151,ok,9856.088762283325,241.31807775143534,1.2983764676014848,deadzone
5152,ok,9851.52327632904,237.5819222414866,1.2983764676014848,deadzone
5153,ok,9847.051670074463,233.77328343037516,1.2983764676014848,deadzone
5154,ok,9842.532786369324,230.09221644047648,1.2983764676014848,deadzone
5155,ok,9838.052684307098,226.25878233555704,1.2983764676014848,deadzone
5156,ok,9833.526227474213,222.52648110035807,1.2983764676014848,deadzone
5157,ok,9829.040444374084,218.7129082167521,1.2983764676014848,deadzone
5158,ok,9824.529828071594,214.9041857207194,1.2983764676014848,deadzone
5159,ok,9820.016679763794,211.19822616223246,1.2983764676014848,deadzone
5160,ok,9815.474914073944,207.46192211750895,1.2983764676014848,deadzone
5161,ok,9810.940741062164,203.72486157063395,1.2983764676014848,deadzone
5162,ok,9806.425451755524,200.00275082234293,1.2983764676014848,deadzone
5163,ok,9801.91133928299,196.23684019688517,1.2983764676014848,deadzone
5164,ok,9797.354050159454,192.52618498448282,1.2983764676014848,deadzone
5165,ok,9792.851649284363,188.78368992451578,1.2983764676014848,deadzone
5166,ok,9788.303746700287,185.01510805729777,1.2983764676014848,deadzone
5167,ok,9783.770349502563,181.29031390789896,1.2983764676014848,deadzone
5168,ok,9779.238154411316,177.54806012753397,1.2983764676014848,deadzone
5169,ok,9774.67995262146,173.83422083500773,1.2983764676014848,deadzone
5170,ok,9770.110364437103,170.17947191838175,1.2983764676014848,deadzone
5171,ok,9765.5901927948,166.51598758343607,1.2983764676014848,deadzone
5172,ok,9760.986310958862,162.83594364766032,1.2983764676014848,deadzone
5173,ok,9756.343783378601,159.16341561917216,1.2983764676014848,deadzone
5174,ok,9751.686768054962,155.4427439654246,1.2983764676014848,deadzone
5175,ok,9747.087609767914,151.71576017979532,1.2983764676014848,deadzone
5176,ok,9742.467326641083,147.91625041607767,1.2983764676014848,deadzone
5177,ok,9737.764662265778,144.20392007473856,1.2983764676014848,deadzone
5178,ok,9733.072136878967,140.47984094265848,1.2983764676014848,deadzone
5179,ok,9728.366932868958,136.70471448544413,1.2983764676014848,deadzone
5180,ok,9723.707286834717,132.95069164875895,1.2983764676014848,deadzone
5181,ok,9719.070824623108,129.18500418309122,1.2983764676014848,deadzone
5182,ok,9714.33222770691,125.50558800343424,1.2983764676014848,deadzone
5183,ok,9709.66631603241,121.70349712017924,1.2983764676014848,deadzone
5184,ok,9704.959382534027,117.85158414486796,1.2983764676014848,deadzone
5185,ok,9700.172519207,114.11676282528788,1.2983764676014848,deadzone
5186,ok,9695.392495155334,110.29896397236735,1.2983764676014848,deadzone
5187,ok,9690.606252193451,106.54556436184794,1.2983764676014848,deadzone
5188,ok,9685.840231895447,102.71868295315653,1.2983764676014848,deadzone
5189,ok,9681.053791999817,98.92717547062784,1.2983764676014848,deadzone
5190,ok,9676.191932678223,95.15951676014811,1.2983764676014848,deadzone
5191,ok,9671.37199831009,91.3360373461619,1.2983764676014848,deadzone
5192,ok,9666.445155620575,87.57602376583964,1.2983764676014848,deadzone
5193,ok,9661.574833393097,83.80875391606241,1.2983764676014848,deadzone
5194,ok,9656.652744293213,80.08131737355143,1.2983764676014848,deadzone
5195,ok,9651.760178565979,76.26559061650187,1.2983764676014848,deadzone
5196,ok,9646.865093231201,72.45430130604655,1.2983764676014848,deadzone
5197,ok,9641.921627521515,68.74785751942545,1.2983764676014848,deadzone
5198,ok,9636.944252967834,64.947186418809,1.2983764676014848,deadzone
5199,ok,9631.919958591461,61.20812315586954,1.2983764676014848,deadzone
5200,ok,9626.920272827148,57.375257917679846,1.2983764676014848,deadzone
5201,ok,9621.861597061157,53.62807960156351,1.2983764676014848,deadzone
5202,ok,9616.792727470398,49.84227461460978,1.2983764676014848,deadzone
5203,ok,9611.728245258331,46.07153625134379,1.2983764676014848,deadzone
5204,ok,9606.613942146301,42.377808281220496,1.2983764676014848,deadzone
5205,ok,9601.601447582245,38.61300153378397,1.2983764676014848,deadzone
5206,ok,9596.506961345673,34.916276642121375,1.2983764676014848,deadzone
5207,ok,9591.393860816956,31.195918270386755,1.2983764676014848,deadzone
5208,ok,9586.264023780823,27.500269600190222,1.2983764676014848,deadzone
5209,ok,9581.1099319458,23.820827671326697,1.2983764676014848,deadzone
5210,ok,9575.922814846039,20.08586496952921,1.2983764676014848,deadzone
5211,ok,9570.707099437714,16.448651262558997,1.2983764676014848,deadzone
5212,ok,9565.542733669281,12.659469076432288,1.2983764676014848,deadzone
5213,ok,9560.277143478394,9.016691871918738,1.2983764676014848,deadzone
5214,ok,9555.066617488861,5.337396332062781,1.2983764676014848,deadzone
5215,ok,9549.81229019165,1.7171771014109254,1.2983764676014848,deadzone
5216,ok,9544.589531898499,-1.955494455061853,1.2983764676014848,deadzone
5217,ok,9539.275901794434,-5.627216867171228,1.2983764676014848,deadzone
5218,ok,9533.917060375214,-9.130105069838464,1.2983764676014848,deadzone
5219,ok,9528.610758304596,-12.764516881667078,1.2983764676014848,deadzone
5220,ok,9523.239420413971,-16.337350896559656,1.2983764676014848,deadzone
5221,ok,9517.852472305298,-19.999709657393396,1.2983764676014848,deadzone
5222,ok,9512.46867799759,-23.52083998080343,1.2983764676014848,deadzone
5223,ok,9507.05078792572,-27.070500901900232,1.2983764676014848,deadzone
5224,ok,9501.656894207,-30.61800294276327,1.2983764676014848,deadzone
5225,ok,9496.204808235168,-34.135892680846155,1.2983764676014848,deadzone
5226,ok,9490.749163150787,-37.66664557810873,1.2983764676014848,deadzone
5227,ok,9485.32055091858,-41.080252460204065,1.2983764676014848,deadzone
5228,ok,9479.84376001358,-44.610621503554285,1.2983764676014848,deadzone
5229,ok,9474.328750610352,-48.07392983790487,1.2983764676014848,deadzone
5230,ok,9468.809184551239,-51.535145095549524,1.2984425706074207,ok
5231,ok,9463.272686481476,-54.98681764956564,1.2984425706074207,deadzone
5232,ok,9457.695791244507,-58.43838196154684,1.2984425706074207,deadzone
5233,ok,9452.090838432312,-61.87273245211691,1.2984425706074207,deadzone
5234,ok,9446.521730422974,-65.26550584193319,1.2984425706074207,deadzone
5235,ok,9440.879994869232,-68.71165686007589,1.2984425706074207,deadzone
5236,ok,9435.227296829224,-72.05474262591451,1.298511338080639,ok
5237,ok,9429.601354598999,-75.46069317217916,1.298511338080639,deadzone
5238,ok,9423.951668739319,-78.82690720912069,1.2985832979393417,ok
5239,ok,9418.242639541626,-82.13505654688925,1.2985832979393417,deadzone
5240,ok,9412.576610565186,-85.3743594205007,1.2985832979393417,deadzone
5241,ok,9406.877524852753,-88.68022041674703,1.2985832979393417,deadzone
5242,ok,9401.100828170776,-91.99102573748678,1.2985832979393417,deadzone
5243,ok,9395.263544082642,-95.30767684336752,1.2986513262797759,ok
5244,ok,9389.456354618073,-98.56296544428915,1.2987799993552913,ok
5245,ok,9383.653126716614,-101.74276094790548,1.2989428380480588,ok
5246,ok,9377.85869026184,-105.06914549227804,1.2989428380480588,deadzone
5247,ok,9371.952325820923,-108.25325017329305,1.2990175238882733,ok
5248,ok,9366.130329608917,-111.49624638911337,1.2990175238882733,deadzone
5249,ok,9360.187779903412,-114.70617800112814,1.2990850678137011,ok
5250,ok,9354.327421665192,-117.87146931048483,1.2992099942265516,ok
5251,ok,9348.48284482956,-121.06003766413778,1.2992099942265516,deadzone
5252,ok,9342.598647594452,-124.20486383792013,1.2992797048594382,ok
5253,ok,9336.683683872223,-127.3667066609487,1.2992797048594382,deadzone
5254,ok,9330.774130821228,-130.46164946909994,1.2993476044874632,ok
5255,ok,9324.762010097504,-133.53872375842184,1.2994677558090446,ok
5256,ok,9318.841320037842,-136.73417072650045,1.2994677558090446,deadzone
5257,ok,9312.81101322174,-139.66956286784261,1.29953861914516,ok
5258,ok,9306.863817691803,-142.76083999034017,1.29953861914516,deadzone
5259,ok,9300.884642601013,-145.78135114070028,1.2996120024286746,ok
5260,ok,9294.854410171509,-148.72309642191976,1.299733334286572,ok
5261,ok,9288.878149986267,-151.74953990336508,1.299891269137915,ok
5262,ok,9282.861238956451,-154.62498145457357,1.3000837248553494,ok
5263,ok,9276.837406635284,-157.57549553271383,1.3000837248553494,deadzone
5264,ok,9270.82701253891,-160.52398758288473,1.3001636801172765,ok
5265,ok,9264.777950763702,-163.29850201960653,1.3001636801172765,deadzone
5266,ok,9258.8391122818,-166.266010097228,1.3001636801172765,deadzone
5267,ok,9252.838510513306,-169.05892353411764,1.3001636801172765,deadzone
5268,ok,9246.864254951477,-171.97596841212362,1.3001636801172765,deadzone
5269,ok,9240.848948955536,-174.8000138318166,1.3001636801172765,deadzone
5270,ok,9234.820098400116,-177.6249504601583,1.3001636801172765,deadzone
5271,ok,9228.83151769638,-180.47965197917074,1.3001636801172765,deadzone
5272,ok,9222.757552623749,-183.35104351397604,1.3001636801172765,deadzone
5273,ok,9216.656961917877,-186.2224081074819,1.3001636801172765,deadzone
5274,ok,9210.572409152985,-189.21348505374044,1.300231540848968,ok
5275,ok,9204.455700874329,-192.11105852480978,1.300231540848968,deadzone
5276,ok,9198.35011434555,-195.1717272317037,1.300231540848968,deadzone
5277,ok,9192.180875778198,-198.20776515360922,1.3002978027707988,ok
5278,ok,9186.055889606476,-201.27507691737264,1.3002978027707988,deadzone
5279,ok,9179.942556858063,-204.33426504489034,1.3002978027707988,deadzone
5280,ok,9173.735262393951,-207.44082551356405,1.3002978027707988,deadzone
5281,ok,9167.550438404083,-210.64825063105673,1.3003633332583135,ok
5282,ok,9161.394065856934,-213.72615628596395,1.3004845384234247,ok
5283,ok,9155.283006191254,-216.90148883219808,1.3004845384234247,deadzone
5284,ok,9149.05990076065,-220.03068881388754,1.3005663762283886,ok
5285,ok,9142.875605106354,-223.1860495125875,1.3006994244429595,ok
5286,ok,9136.613959312439,-226.34439235087484,1.3006994244429595,deadzone
5287,ok,9130.384959220886,-229.50223355647177,1.3007718506095514,ok
5288,ok,9124.153731822968,-232.84844880457968,1.300895367266503,ok
5289,ok,9117.905127048492,-236.0549126183614,1.3010562749521712,ok
5290,ok,9111.637694835663,-239.36676531191915,1.3010562749521712,deadzone
5291,ok,9105.422560691833,-242.66025905963033,1.3011301518916074,ok
5292,ok,9099.138340473175,-245.9267013585195,1.3011301518916074,deadzone
5293,ok,9092.871307373047,-249.36967687960714,1.3011301518916074,deadzone
5294,ok,9086.62530708313,-252.692391208373,1.3012020925842707,ok
5295,ok,9080.360105991364,-256.1418324029073,1.3012020925842707,deadzone
5296,ok,9074.068309307098,-259.5678821122274,1.3012720264000903,ok
5297,ok,9067.790898799896,-263.06232552882284,1.3012720264000903,deadzone
5298,ok,9061.557354450226,-266.63946037646383,1.3013448050963945,ok
5299,ok,9055.355915546417,-270.1927931820974,1.3013448050963945,deadzone
5300,ok,9049.115197181702,-273.84559803362936,1.301418989305295,ok
5301,ok,9042.866798400879,-277.49646311160177,1.3015430731182402,ok
5302,ok,9036.63940525055,-281.22100429888815,1.301704235677296,ok
5303,ok,9030.42478466034,-284.8541060006246,1.301704235677296,deadzone
5304,ok,9024.26399564743,-288.62331514712423,1.301704235677296,deadzone
5305,ok,9018.029874801636,-292.4678814923391,1.3017760351813625,ok
5306,ok,9011.791097164154,-296.26934390421957,1.301898636766415,ok
5307,ok,9005.657993793488,-300.16426878329366,1.3020585369922002,ok
5308,ok,8999.48497915268,-304.0371282612905,1.3022450571250341,ok
5309,ok,8993.295368671417,-308.0180006539449,1.3022450571250341,deadzone
5310,ok,8987.146996974945,-311.982793382369,1.3023264585819119,ok
5311,ok,8981.037409305573,-316.0663028275594,1.302458375621952,ok
5312,ok,8974.944002628326,-320.07288604136556,1.3026247379154479,ok
5313,ok,8968.803985118866,-324.22521739359945,1.3028146749201333,ok
5314,ok,8962.676750659943,-328.4192767655477,1.3028146749201333,deadzone
5315,ok,8956.59299993515,-332.63250308390707,1.302885320503218,ok
5316,ok,8950.554036140442,-336.95204024668783,1.3030047895408947,ok
5317,ok,8944.557854652405,-341.17944436427206,1.3031664344590657,ok
5318,ok,8938.587679386139,-345.64551692362875,1.3031664344590657,deadzone
5319,ok,8932.582765579224,-349.9841208970174,1.303234606311051,ok
5320,ok,8926.648155212402,-354.4854226624593,1.303234606311051,deadzone
5321,ok,8920.694016456604,-358.96562152262777,1.3033005145963892,ok
5322,ok,8914.758416175842,-363.47707562800497,1.3033005145963892,deadzone
5323,ok,8908.878722190857,-368.0506530320272,1.3033005145963892,deadzone
5324,ok,8903.046937465668,-372.6658292328939,1.3033005145963892,deadzone
5325,ok,8897.228388786316,-377.3128257310018,1.3033722081382313,ok
5326,ok,8891.418785095215,-382.01195388194174,1.3033722081382313,deadzone
5327,ok,8885.66250371933,-386.77346473094076,1.303441195960928,ok
5328,ok,8879.90702867508,-391.47149234171957,1.303441195960928,deadzone
5329,ok,8874.118889331818,-396.20460229273885,1.303441195960928,deadzone
5330,ok,8868.381746768951,-401.0752583062276,1.303441195960928,deadzone
5331,ok,8862.749451637268,-405.9388556992635,1.3035104287370938,ok
5332,ok,8857.009848594666,-410.7995634591207,1.3035104287370938,deadzone
5333,ok,8851.392098903656,-415.78867822047323,1.3035104287370938,deadzone
5334,ok,8845.771995544434,-420.772971204482,1.3035104287370938,deadzone
5335,ok,8840.162682056427,-425.7968526398763,1.3035104287370938,deadzone
5336,ok,8834.569000720978,-430.8756666695699,1.3035800875311614,ok
5337,ok,8828.979660987854,-435.9770994698629,1.3035800875311614,deadzone
5338,ok,8823.446034908295,-441.12185340281576,1.3035800875311614,deadzone
5339,ok,8817.934966564178,-446.2661939179525,1.3035800875311614,deadzone
5340,ok,8812.39142036438,-451.42528396006674,1.3035800875311614,deadzone
5341,ok,8806.887234687805,-456.65441661234945,1.3035800875311614,deadzone
5342,ok,8801.335424423218,-461.94992499705404,1.3035800875311614,deadzone
5343,ok,8795.882767677307,-467.30890612956136,1.3035800875311614,deadzone
5344,ok,8790.403129577637,-472.6434808289632,1.3035800875311614,deadzone
5345,ok,8785.000448226929,-477.94567399378866,1.3035800875311614,deadzone
5346,ok,8779.54956626892,-483.3438439881429,1.3035800875311614,deadzone
5347,ok,8774.183930397034,-488.72044186946005,1.3035800875311614,deadzone
5348,ok,8768.771877765656,-494.146554521285,1.3035800875311614,deadzone
5349,ok,8763.431553840637,-499.5605407273397,1.3035800875311614,deadzone
5350,ok,8758.044399738312,-505.00033192988485,1.3035800875311614,deadzone
5351,ok,8752.734394073486,-510.5064693009481,1.3035800875311614,deadzone
5352,ok,8747.40964460373,-516.0243721520528,1.3035800875311614,deadzone
5353,ok,8742.09040403366,-521.6170340096578,1.3035800875311614,deadzone
5354,ok,8736.812912464142,-527.1633096253499,1.3035800875311614,deadzone
5355,ok,8731.532842636108,-532.7682986771688,1.3035800875311614,deadzone
5356,ok,8726.325072288513,-538.4001808678731,1.3035800875311614,deadzone
5357,ok,8721.059819698334,-544.0673680817708,1.3035800875311614,deadzone
5358,ok,8715.87531375885,-549.7183676278219,1.3035800875311614,deadzone
5359,ok,8710.645238876343,-555.4840312516317,1.3035800875311614,deadzone
5360,ok,8705.434455871582,-561.1385798966512,1.3035800875311614,deadzone
5361,ok,8700.230700016022,-566.859189084731,1.3035800875311614,deadzone
5362,ok,8695.030174255371,-572.6375499283895,1.3035800875311614,deadzone
5363,ok,8689.838032722473,-578.3568378007039,1.3035800875311614,deadzone
5364,ok,8684.703887939453,-584.2447548424825,1.3035800875311614,deadzone
5365,ok,8679.551539897919,-590.0421705758199,1.3035800875311614,deadzone
5366,ok,8674.445430278778,-595.9019542252645,1.3035800875311614,deadzone
5367,ok,8669.325897216797,-601.7458782708272,1.3035800875311614,deadzone
5368,ok,8664.283144950867,-607.7405882393941,1.3035800875311614,deadzone
5369,ok,8659.18526172638,-613.6709256684408,1.3035800875311614,deadzone
5370,ok,8654.116068840027,-619.5849123513326,1.3035800875311614,deadzone
5371,ok,8649.053085327148,-625.6411905800924,1.3035800875311614,deadzone
5372,ok,8643.97166633606,-631.6296358620748,1.3035800875311614,deadzone
5373,ok,8638.93151473999,-637.7119713341817,1.3035800875311614,deadzone
5374,ok,8633.900977611542,-643.8073697602376,1.3035800875311614,deadzone
5375,ok,8628.902608394623,-649.898594907485,1.3035800875311614,deadzone
5376,ok,8623.909924030304,-655.986202291213,1.3035800875311614,deadzone
5377,ok,8618.897465705872,-662.1186032807454,1.3035800875311614,deadzone
5378,ok,8613.935195446014,-668.3061061417684,1.3035800875311614,deadzone
5379,ok,8608.938703536987,-674.4728045975789,1.3035800875311614,deadzone
5380,ok,8603.909805774689,-680.6894484078512,1.3035800875311614,deadzone
5381,ok,8598.895534992218,-686.9228616273031,1.3035800875311614,deadzone
5382,ok,8593.946680545807,-693.193103841506,1.3035800875311614,deadzone
5383,ok,8588.916663646698,-699.3730946099386,1.3035800875311614,deadzone
5384,ok,8583.93149805069,-705.6405201470479,1.3035800875311614,deadzone
5385,ok,8578.920579910278,-711.7850780999288,1.3035800875311614,deadzone
5386,ok,8573.885732650757,-718.1803818261251,1.3035800875311614,deadzone
5387,ok,8568.813045501709,-724.3973961388692,1.3035800875311614,deadzone
5388,ok,8563.801635742188,-730.615006021224,1.3035800875311614,deadzone
5389,ok,8558.757324695587,-736.995995095931,1.3035800875311614,deadzone
5390,ok,8553.813649177551,-743.221939614974,1.3035800875311614,deadzone
5391,ok,8548.673716545105,-749.5581317460164,1.3035800875311614,deadzone
5392,ok,8543.558183193207,-755.9840488946065,1.3035800875311614,deadzone
5393,ok,8538.447293281555,-762.3481455361471,1.3035800875311614,deadzone
5394,ok,8533.365162849426,-768.7167425667867,1.3035800875311614,deadzone
5395,ok,8528.275257587433,-775.1555481469259,1.3035800875311614,deadzone
5396,ok,8523.194519996643,-781.5467215096578,1.3035800875311614,deadzone
5397,ok,8518.139857292175,-787.9897323166952,1.3035800875311614,deadzone
5398,ok,8513.190200805664,-794.3856993233785,1.3035800875311614,deadzone
5399,ok,8508.186309814453,-800.7810512101278,1.3035800875311614,deadzone
5400,ok,8503.26785326004,-807.269782117568,1.3035800875311614,deadzone
5401,ok,8498.322608947754,-813.6368766343221,1.3035800875311614,deadzone
5402,ok,8493.414989471436,-820.0549107110128,1.3035800875311614,deadzone
5403,ok,8488.502025604248,-826.5903382813558,1.3035800875311614,deadzone
5404,ok,8483.562292098999,-833.0373187577352,1.3035800875311614,deadzone
5405,ok,8478.611080169678,-839.5687504326925,1.3035800875311614,deadzone
5406,ok,8473.648487091064,-846.1285419976339,1.3035800875311614,deadzone
5407,ok,8468.644944190979,-852.6628919159994,1.3035800875311614,deadzone
5408,ok,8463.625922679901,-859.1907997643575,1.3035800875311614,deadzone
5409,ok,8458.623598098755,-865.799060872756,1.3035800875311614,deadzone
5410,ok,8453.554446220398,-872.3532224213704,1.3035800875311614,deadzone
5411,ok,8448.446384429932,-878.9938283478841,1.3035800875311614,deadzone
5412,ok,8443.343777179718,-885.5277691399679,1.3035800875311614,deadzone
5413,ok,8438.171889781952,-892.1335945641622,1.3035800875311614,deadzone
5414,ok,8432.97576713562,-898.7395339524373,1.3035800875311614,deadzone
5415,ok,8427.799592494965,-905.3278832947835,1.3035800875311614,deadzone
5416,ok,8422.588233470917,-912.0069838082418,1.3035800875311614,deadzone
5417,ok,8417.279181480408,-918.6393437897786,1.3035800875311614,deadzone
5418,ok,8411.947754383087,-925.2956939255819,1.3035800875311614,deadzone
5419,ok,8406.57865858078,-931.8025885140523,1.3035800875311614,deadzone
5420,ok,8401.175301074982,-938.3855400597677,1.3035800875311614,deadzone
5421,ok,8395.688513755798,-945.0502944504842,1.3035800875311614,deadzone
5422,ok,8390.191359519958,-951.6235218560323,1.3035800875311614,deadzone
5423,ok,8384.640645980835,-958.1867270981893,1.3035800875311614,deadzone
5424,ok,8379.041437149048,-964.7637010132894,1.3035800875311614,deadzone
5425,ok,8373.43063735962,-971.3594508683309,1.3035800875311614,deadzone
5426,ok,8367.761551380157,-977.9603772675619,1.3035800875311614,deadzone
5427,ok,8362.069281101227,-984.507701925002,1.3035800875311614,deadzone
5428,ok,8356.327631473541,-991.0501771485433,1.3035800875311614,deadzone
5429,ok,8350.570788860321,-997.5974298035726,1.3035800875311614,deadzone
5430,ok,8344.815721035004,-1004.1365213906392,1.3035800875311614,deadzone
5431,ok,8339.075271129608,-1010.7089176690206,1.3035800875311614,deadzone
5432,ok,8333.315301895142,-1017.1879535233602,1.3035800875311614,deadzone
5433,ok,8327.47864151001,-1023.6829925095662,1.3035800875311614,deadzone
5434,ok,8321.695701122284,-1030.181361249648,1.3035800875311614,deadzone
5435,ok,8315.86647605896,-1036.5285687958822,1.3035800875311614,deadzone
5436,ok,8309.992657661438,-1042.9596047913656,1.3035800875311614,deadzone
5437,ok,8304.15768957138,-1049.3692465340719,1.3035800875311614,deadzone
5438,ok,8298.275919437408,-1055.7268662964925,1.3035800875311614,deadzone
5439,ok,8292.442618370056,-1062.0548787629232,1.3035800875311614,deadzone
5440,ok,8286.547364711761,-1068.3436775719747,1.3035800875311614,deadzone
5441,ok,8280.614557743073,-1074.69962029811,1.3035800875311614,deadzone
5442,ok,8274.716749668121,-1080.9383240258321,1.3035800875311614,deadzone
5443,ok,8268.814598560333,-1087.1680002724752,1.3035800875311614,deadzone
5444,ok,8262.879845619202,-1093.3637209450826,1.3035800875311614,deadzone
5445,ok,8256.94155216217,-1099.4647837197408,1.3035800875311614,deadzone
5446,ok,8251.007347106934,-1105.6812000786886,1.3035800875311614,deadzone
5447,ok,8245.066754341125,-1111.846324971877,1.3035800875311614,deadzone
5448,ok,8239.147928714752,-1117.9664106881246,1.3035800875311614,deadzone
5449,ok,8233.220375061035,-1124.192308000289,1.3035800875311614,deadzone
5450,ok,8227.286965847015,-1130.2705231225118,1.3035800875311614,deadzone
5451,ok,8221.331301689148,-1136.420073083602,1.3035800875311614,deadzone
5452,ok,8215.349637031555,-1142.5037494217977,1.3035800875311614,deadzone
5453,ok,8209.389308452606,-1148.518658212386,1.3035800875311614,deadzone
5454,ok,8203.416516780853,-1154.5833664452657,1.3035800875311614,deadzone
5455,ok,8197.514612197876,-1160.5369272744283,1.3035800875311614,deadzone
5456,ok,8191.600103855133,-1166.4730644738302,1.3035800875311614,deadzone
5457,ok,8185.6817417144775,-1172.4149275338277,1.3035800875311614,deadzone
5458,ok,8179.727735996246,-1178.3107061898336,1.3035800875311614,deadzone
5459,ok,8173.772353649139,-1184.2295375382528,1.3035800875311614,deadzone
5460,ok,8167.831825733185,-1190.1213703667745,1.3035800875311614,deadzone
5461,ok,8161.9436321258545,-1195.9256721055135,1.3035800875311614,deadzone
5462,ok,8156.003591537476,-1201.8459687745199,1.3035800875311614,deadzone
5463,ok,8150.098778247833,-1207.598196557723,1.3035800875311614,deadzone
5464,ok,8144.1360721588135,-1213.4652228867635,1.3035800875311614,deadzone
5465,ok,8138.240162372589,-1219.2162170922384,1.3035800875311614,deadzone
5466,ok,8132.37579536438,-1224.9870262658224,1.3035800875311614,deadzone
5467,ok,8126.4662733078,-1230.7276282822713,1.3035800875311614,deadzone
5468,ok,8120.592373847961,-1236.453505567275,1.3035800875311614,deadzone
5469,ok,8114.709041595459,-1242.195792249404,1.3035800875311614,deadzone
5470,ok,8108.758362293243,-1247.815608552657,1.3035800875311614,deadzone
5471,ok,8102.866544723511,-1253.5079203164205,1.3035800875311614,deadzone
5472,ok,8096.954474925995,-1259.1030378853902,1.3035800875311614,deadzone
5473,ok,8091.090322971344,-1264.7003551041707,1.3035800875311614,deadzone
5474,ok,8085.180239200592,-1270.2734857117757,1.3035800875311614,deadzone
5475,ok,8079.226300239563,-1275.8491058861837,1.3035800875311614,deadzone
5476,ok,8073.399448394775,-1281.3768368279561,1.3035800875311614,deadzone
5477,ok,8067.503868103027,-1286.9087257897481,1.3035800875311614,deadzone
5478,ok,8061.708661556244,-1292.3625183617696,1.3035800875311614,deadzone
5479,ok,8055.888761997223,-1297.8354912316427,1.3035800875311614,deadzone
5480,ok,8050.066452026367,-1303.209802201949,1.3035800875311614,deadzone
5481,ok,8044.2305727005005,-1308.667418054305,1.3035800875311614,deadzone
5482,ok,8038.459263324738,-1314.0643916642293,1.3035800875311614,deadzone
5483,ok,8032.718974113464,-1319.3680005585775,1.3035800875311614,deadzone
5484,ok,8027.025798797607,-1324.713409951888,1.3035800875311614,deadzone
5485,ok,8021.3148856163025,-1329.9679022347555,1.3035800875311614,deadzone
5486,ok,8015.682710170746,-1335.2272973572835,1.3035800875311614,deadzone
5487,ok,8010.088750362396,-1340.4578958069906,1.3035800875311614,deadzone
5488,ok,8004.499618053436,-1345.6785836732015,1.3035800875311614,deadzone
5489,ok,7998.926623344421,-1350.788376382552,1.3035800875311614,deadzone
5490,ok,7993.361853122711,-1355.882577947341,1.3035800875311614,deadzone
5491,ok,7987.844296455383,-1361.0558944260702,1.3035800875311614,deadzone
5492,ok,7982.366126537323,-1366.1995769059286,1.3035800875311614,deadzone
5493,ok,7976.851296901703,-1371.2467599427328,1.3035800875311614,deadzone
5494,ok,7971.372547626495,-1376.2908640420064,1.3035800875311614,deadzone
5495,ok,7965.903574466705,-1381.272314122878,1.3035800875311614,deadzone
5496,ok,7960.45702123642,-1386.3393636262044,1.3035800875311614,deadzone
5497,ok,7955.042000293732,-1391.1926646744832,1.3035800875311614,deadzone
5498,ok,7949.613574981689,-1396.166980794631,1.3035800875311614,deadzone
5499,ok,7944.238986492157,-1401.0232916390523,1.3035800875311614,deadzone
5500,ok,7938.90065574646,-1405.883024266921,1.3035800875311614,deadzone
5501,ok,7933.552929878235,-1410.6972780739889,1.3035800875311614,deadzone
5502,ok,7928.265360355377,-1415.4472704445943,1.3035800875311614,deadzone
5503,ok,7922.966809749603,-1420.2852845704183,1.3035800875311614,deadzone
5504,ok,7917.650514602661,-1424.9891639268026,1.3035800875311614,deadzone
5505,ok,7912.357938289642,-1429.7270165001974,1.3035800875311614,deadzone
5506,ok,7907.102384567261,-1434.5152445351705,1.3035800875311614,deadzone
5507,ok,7901.84352016449,-1439.1394167458639,1.3035800875311614,deadzone
5508,ok,7896.638328075409,-1443.7562361275777,1.3035800875311614,deadzone
5509,ok,7891.41894197464,-1448.3366442238912,1.3035800875311614,deadzone
5510,ok,7886.2856798172,-1452.8839903390035,1.3035800875311614,deadzone
5511,ok,7881.087389945984,-1457.49783091899,1.3035800875311614,deadzone
5512,ok,7875.9306898117065,-1461.958533338271,1.3035800875311614,deadzone
5513,ok,7870.7705183029175,-1466.4844131981954,1.3035800875311614,deadzone
5514,ok,7865.60896396637,-1470.9117198502645,1.3035800875311614,deadzone
5515,ok,7860.589553356171,-1475.2970676934347,1.3035800875311614,deadzone
5516,ok,7855.493549346924,-1479.8453083550557,1.3035800875311614,deadzone
5517,ok,7850.509261608124,-1484.2172613656148,1.3035800875311614,deadzone
5518,ok,7845.520991325378,-1488.6948605095968,1.3035800875311614,deadzone
5519,ok,7840.561004638672,-1493.0939703499898,1.3035800875311614,deadzone
5520,ok,7835.5491461753845,-1497.4557648217306,1.3035800875311614,deadzone
5521,ok,7830.550145149231,-1501.9242544686422,1.3035800875311614,deadzone
5522,ok,7825.584839344025,-1506.2317166840658,1.3035800875311614,deadzone
5523,ok,7820.59463596344,-1510.5793562447652,1.3035800875311614,deadzone
5524,ok,7815.657176971436,-1514.9211235558614,1.3035800875311614,deadzone
5525,ok,7810.711094856262,-1519.2318645035848,1.3035800875311614,deadzone
5526,ok,7805.821262359619,-1523.5632372414693,1.3035800875311614,deadzone
5527,ok,7800.859602928162,-1527.8781099831685,1.3035800875311614,deadzone
5528,ok,7795.97994852066,-1532.1061764275655,1.3035800875311614,deadzone
5529,ok,7791.039892196655,-1536.3660684144124,1.3035800875311614,deadzone
5530,ok,7786.156234741211,-1540.6051393067464,1.3035800875311614,deadzone
5531,ok,7781.238163948059,-1544.890333226882,1.3035800875311614,deadzone
5532,ok,7776.348078250885,-1549.0727205788717,1.3035800875311614,deadzone
5533,ok,7771.4675970077515,-1553.280958226882,1.3035800875311614,deadzone
5534,ok,7766.664926528931,-1557.3647122895345,1.3035800875311614,deadzone
5535,ok,7761.7585706710815,-1561.479754975997,1.3035800875311614,deadzone
5536,ok,7756.919598579407,-1565.6190114533529,1.3035800875311614,deadzone
5537,ok,7752.097172260284,-1569.7724881684408,1.3035800875311614,deadzone
5538,ok,7747.274847507477,-1573.8815269982442,1.3035800875311614,deadzone
5539,ok,7742.448289871216,-1577.9922290360555,1.3035800875311614,deadzone
5540,ok,7737.597314357758,-1582.127843431197,1.3035800875311614,deadzone
5541,ok,7732.7535219192505,-1586.150653413497,1.3035800875311614,deadzone
5542,ok,7727.89094877243,-1590.203640989028,1.3035800875311614,deadzone
5543,ok,7723.068136692047,-1594.2825747048482,1.3035800875311614,deadzone
5544,ok,7718.253987789154,-1598.3234906708822,1.3035800875311614,deadzone
5545,ok,7713.469028949738,-1602.382252744399,1.3035800875311614,deadzone
5546,ok,7708.7264523506165,-1606.3548145806417,1.3035800875311614,deadzone
5547,ok,7703.939179897308,-1610.4050584351644,1.3035800875311614,deadzone
5548,ok,7699.1500816345215,-1614.4811883484945,1.3035800875311614,deadzone
5549,ok,7694.322578430176,-1618.401833823882,1.3035800875311614,deadzone
5550,ok,7689.428575515747,-1622.4720423733816,1.3035800875311614,deadzone
5551,ok,7684.557089805603,-1626.4505670582876,1.3035800875311614,deadzone
5552,ok,7679.665585041046,-1630.5022576367483,1.3035800875311614,deadzone
5553,ok,7674.7570242881775,-1634.4325376069173,1.3035800875311614,deadzone
5554,ok,7669.835193634033,-1638.3782072579488,1.3035800875311614,deadzone
5555,ok,7664.955965042114,-1642.2921777283773,1.3035800875311614,deadzone
5556,ok,7660.016381263733,-1646.218976548873,1.3035800875311614,deadzone
5557,ok,7655.131447315216,-1650.1315513169393,1.3035800875311614,deadzone
5558,ok,7650.217128276825,-1653.985793880187,1.3035800875311614,deadzone
5559,ok,7645.304069042206,-1657.8570471322164,1.3035800875311614,deadzone
5560,ok,7640.325402736664,-1661.8118930375203,1.3035800875311614,deadzone
5561,ok,7635.431716918945,-1665.6872997796163,1.3035800875311614,deadzone
5562,ok,7630.467946529388,-1669.53799920436,1.3035800875311614,deadzone
5563,ok,7625.494026184082,-1673.3637002026662,1.3035800875311614,deadzone
5564,ok,7620.538366317749,-1677.207802108489,1.3035800875311614,deadzone
5565,ok,7615.582468032837,-1681.071614078246,1.3035800875311614,deadzone
5566,ok,7610.589403629303,-1684.8136246716604,1.3035800875311614,deadzone
5567,ok,7605.611856460571,-1688.5321383988485,1.3035800875311614,deadzone
5568,ok,7600.638035297394,-1692.3075776612386,1.3035800875311614,deadzone
5569,ok,7595.65259885788,-1696.0282977139577,1.3035800875311614,deadzone
5570,ok,7590.681079864502,-1699.7042778050527,1.3035800875311614,deadzone
5571,ok,7585.626992702484,-1703.479799083434,1.3035800875311614,deadzone
5572,ok,7580.681889057159,-1707.0806208169088,1.3035800875311614,deadzone
5573,ok,7575.666579246521,-1710.7589052235708,1.3035800875311614,deadzone
5574,ok,7570.618362426758,-1714.3776805913076,1.3035800875311614,deadzone
5575,ok,7565.59949016571,-1718.0204999959096,1.3035800875311614,deadzone
5576,ok,7560.62467956543,-1721.6920798337087,1.3035800875311614,deadzone
5577,ok,7555.535017967224,-1725.2977786576375,1.3035800875311614,deadzone
5578,ok,7550.485481262207,-1728.9265270745382,1.3035800875311614,deadzone
5579,ok,7545.406149864197,-1732.4556916272268,1.3035800875311614,deadzone
5580,ok,7540.335011005402,-1736.0509608304128,1.3035800875311614,deadzone
5581,ok,7535.240206241608,-1739.634115270339,1.3035800875311614,deadzone
5582,ok,7530.156592845917,-1743.2278736149892,1.3035800875311614,deadzone
5583,ok,7524.99977684021,-1746.7975535904989,1.3035800875311614,deadzone
5584,ok,7519.879849910736,-1750.2920332467183,1.3035800875311614,deadzone
5585,ok,7514.803871631622,-1753.863735488616,1.3035800875311614,deadzone
5586,ok,7509.662191390991,-1757.3617437398061,1.3035800875311614,deadzone
5587,ok,7504.524664402008,-1760.7833238160238,1.3035800875311614,deadzone
5588,ok,7499.427499771118,-1764.2191119706258,1.3035800875311614,deadzone
5589,ok,7494.32430934906,-1767.6474671876058,1.3035800875311614,deadzone
5590,ok,7489.176520347595,-1771.1205542599782,1.3035800875311614,deadzone
5591,ok,7484.010534763336,-1774.5616345917806,1.3035800875311614,deadzone
5592,ok,7478.846128940582,-1777.9727197205648,1.3035800875311614,deadzone
5593,ok,7473.649765014648,-1781.3798559224233,1.3035800875311614,deadzone
5594,ok,7468.456331253052,-1784.772092632018,1.3035800875311614,deadzone
5595,ok,7463.273171901703,-1788.1550686871633,1.3035800875311614,deadzone
5596,ok,7458.109456539154,-1791.4464681660756,1.3035800875311614,deadzone
5597,ok,7452.941825866699,-1794.8314614808187,1.3035800875311614,deadzone
5598,ok,7447.771656036377,-1798.1152351414785,1.3035800875311614,deadzone
5599,ok,7442.580358982086,-1801.4291914021596,1.3035800875311614,deadzone
5600,ok,7437.388418674469,-1804.7473357236013,1.3035800875311614,deadzone
5601,ok,7432.171722412109,-1808.052201799117,1.3035800875311614,deadzone
5602,ok,7426.896149158478,-1811.2635384118184,1.3035800875311614,deadzone
5603,ok,7421.653582572937,-1814.5524902855977,1.3035800875311614,deadzone
5604,ok,7416.399178504944,-1817.6819930588827,1.3035800875311614,deadzone
5605,ok,7411.103390693665,-1820.9169447934255,1.3035800875311614,deadzone
5606,ok,7405.825995922089,-1824.018597654067,1.3035800875311614,deadzone
5607,ok,7400.546025753021,-1827.161559871398,1.3035800875311614,deadzone
5608,ok,7395.25843334198,-1830.1906722104177,1.3035800875311614,deadzone
5609,ok,7389.934421539307,-1833.3369889771566,1.3035800875311614,deadzone
5610,ok,7384.590034484863,-1836.3558288132772,1.3035800875311614,deadzone
5611,ok,7379.285232543945,-1839.3464370286092,1.3035800875311614,deadzone
5612,ok,7373.914496421814,-1842.51159005519,1.3035800875311614,deadzone
5613,ok,7368.57565164566,-1845.4275548970327,1.3035800875311614,deadzone
5614,ok,7363.173131942749,-1848.4467571293935,1.3035800875311614,deadzone
5615,ok,7357.794362545013,-1851.43177872058,1.3035800875311614,deadzone
5616,ok,7352.333367824554,-1854.3686905419454,1.3035800875311614,deadzone
5617,ok,7346.901163101196,-1857.3200533902273,1.3035800875311614,deadzone
5618,ok,7341.427436351776,-1860.2738953148946,1.3035800875311614,deadzone
5619,ok,7335.951182842255,-1863.1285665547475,1.3035800875311614,deadzone
5620,ok,7330.450824260712,-1865.997800878249,1.3035800875311614,deadzone
5621,ok,7324.931428432465,-1868.811046413146,1.3035800875311614,deadzone
5622,ok,7319.433087825775,-1871.6627622162923,1.3035800875311614,deadzone
5623,ok,7313.886694908142,-1874.529952100478,1.3035800875311614,deadzone
5624,ok,7308.3659019470215,-1877.2854226147756,1.3035800875311614,deadzone
5625,ok,7302.752888202667,-1880.0697839772329,1.3035800875311614,deadzone
5626,ok,7297.177463531494,-1882.7940192734823,1.3035800875311614,deadzone
5627,ok,7291.619885921478,-1885.5261097466573,1.3035800875311614,deadzone
5628,ok,7286.044244766235,-1888.185402921401,1.3035800875311614,deadzone
5629,ok,7280.476424694061,-1890.8255870854482,1.3035800875311614,deadzone
5630,ok,7274.781300544739,-1893.476533464156,1.3035800875311614,deadzone
5631,ok,7269.158987998962,-1896.1412184750661,1.3035800875311614,deadzone
5632,ok,7263.509031295776,-1898.7802224671468,1.3035800875311614,deadzone
5633,ok,7257.846672534943,-1901.3898034607992,1.3035800875311614,deadzone
5634,ok,7252.195386886597,-1903.942404798232,1.3035800875311614,deadzone
5635,ok,7246.496291637421,-1906.5384288346395,1.3035800875311614,deadzone
5636,ok,7240.825146198273,-1909.0268843686208,1.3035800875311614,deadzone
5637,ok,7235.0960421562195,-1911.6443083798513,1.3035800875311614,deadzone
5638,ok,7229.400386810303,-1914.1335428273305,1.3035800875311614,deadzone
5639,ok,7223.707977771759,-1916.6515059983358,1.3035800875311614,deadzone
5640,ok,7217.946375846863,-1919.1954963719472,1.3035800875311614,deadzone
5641,ok,7212.20919418335,-1921.5746036088094,1.3035800875311614,deadzone
5642,ok,7206.431898117065,-1924.101209453307,1.3035800875311614,deadzone
5643,ok,7200.672720909119,-1926.495229295455,1.3035800875311614,deadzone
5644,ok,7194.877161026001,-1928.9026885544881,1.3035800875311614,deadzone
5645,ok,7189.057533740997,-1931.3289132630453,1.3035800875311614,deadzone
5646,ok,7183.262815475464,-1933.74884944316,1.3035800875311614,deadzone
5647,ok,7177.395552158356,-1936.1228356873617,1.3035800875311614,deadzone
5648,ok,7171.593284606934,-1938.4922063862905,1.3035800875311614,deadzone
5649,ok,7165.759928703308,-1940.8518250500783,1.3035800875311614,deadzone
5650,ok,7159.90948677063,-1943.1703782593831,1.3035800875311614,deadzone
5651,ok,7154.051492214203,-1945.5106759583578,1.3035800875311614,deadzone
5652,ok,7148.178042888641,-1947.8924820935354,1.3035800875311614,deadzone
5653,ok,7142.300827026367,-1950.2174988305196,1.3035800875311614,deadzone
5654,ok,7136.398729801178,-1952.532245687209,1.3035800875311614,deadzone
5655,ok,7130.48176240921,-1954.8963680779561,1.3035800875311614,deadzone
5656,ok,7124.534762382507,-1957.112325004302,1.3035800875311614,deadzone
5657,ok,7118.570284843445,-1959.4205661332235,1.3035800875311614,deadzone
5658,ok,7112.598960876465,-1961.6348150288686,1.3035800875311614,deadzone
5659,ok,7106.544798374176,-1963.8550468003377,1.3035800875311614,deadzone
5660,ok,7100.557991027832,-1966.1941032921895,1.3035800875311614,deadzone
5661,ok,7094.51518535614,-1968.4251306569204,1.3035800875311614,deadzone
5662,ok,7088.468780517578,-1970.7402358567342,1.3035800875311614,deadzone
5663,ok,7082.363373756409,-1972.9721637284383,1.3035800875311614,deadzone
5664,ok,7076.280480384827,-1975.2581487214193,1.3035800875311614,deadzone
5665,ok,7070.192604541779,-1977.447947553359,1.3035800875311614,deadzone
5666,ok,7064.045389175415,-1979.7267356431112,1.3035800875311614,deadzone
5667,ok,7057.894031047821,-1981.9483693158254,1.3035800875311614,deadzone
5668,ok,7051.710871696472,-1984.1451433217153,1.3035800875311614,deadzone
5669,ok,7045.528106689453,-1986.3155835187063,1.3035800875311614,deadzone
5670,ok,7039.330581188202,-1988.4693716084585,1.3035800875311614,deadzone
5671,ok,7033.1124930381775,-1990.6422651326284,1.3035800875311614,deadzone
5672,ok,7026.872804641724,-1992.7581573044881,1.3035800875311614,deadzone
5673,ok,7020.64520740509,-1994.921542934142,1.3035800875311614,deadzone
5674,ok,7014.404349327087,-1997.0807438408956,1.3035800875311614,deadzone
5675,ok,7008.188174247742,-1999.2079015290365,1.3035800875311614,deadzone
5676,ok,7001.968825817108,-2001.250211766921,1.3035800875311614,deadzone
5677,ok,6995.663623332977,-2003.3825741326436,1.3035800875311614,deadzone
5678,ok,6989.384066104889,-2005.4489222085103,1.3035800875311614,deadzone
5679,ok,6983.096085548401,-2007.5499425446615,1.3035800875311614,deadzone
5680,ok,6976.735179424286,-2009.6643052613363,1.3035800875311614,deadzone
5681,ok,6970.37860250473,-2011.7440162217245,1.3035800875311614,deadzone
5682,ok,6963.988992214203,-2013.8432579552755,1.3035800875311614,deadzone
5683,ok,6957.606625080109,-2015.8940156018361,1.3035800875311614,deadzone
5684,ok,6951.170564174652,-2017.93608599063,1.3035800875311614,deadzone
5685,ok,6944.7058873176575,-2019.9484241520986,1.3035800875311614,deadzone
5686,ok,6938.259849071503,-2021.992200425826,1.3035800875311614,deadzone
5687,ok,6931.792569637299,-2024.0394859826192,1.3035800875311614,deadzone
5688,ok,6925.332044124603,-2026.0174866234884,1.3035800875311614,deadzone
5689,ok,6918.799584388733,-2027.9768639123067,1.3035800875311614,deadzone
5690,ok,6912.263711929321,-2029.9275287901983,1.3035800875311614,deadzone
5691,ok,6905.689098358154,-2031.939979008399,1.3035800875311614,deadzone
5692,ok,6899.140354633331,-2033.89845984336,1.3035800875311614,deadzone
5693,ok,6892.632581233978,-2035.823454788886,1.3035800875311614,deadzone
5694,ok,6886.029032230377,-2037.8413128172979,1.3035800875311614,deadzone
5695,ok,6879.501030445099,-2039.709730557166,1.3035800875311614,deadzone
5696,ok,6872.899900436401,-2041.6844295775518,1.3035800875311614,deadzone
5697,ok,6866.345223903656,-2043.5554057871923,1.3035800875311614,deadzone
5698,ok,6859.686318874359,-2045.4563044821844,1.3035800875311614,deadzone
5699,ok,6853.087546348572,-2047.418888262473,1.3035800875311614,deadzone
5700,ok,6846.475251197815,-2049.2579644238576,1.3035800875311614,deadzone
5701,ok,6839.863357543945,-2051.2232201611623,1.3035800875311614,deadzone
5702,ok,6833.227629184723,-2053.0606288230047,1.3035800875311614,deadzone
5703,ok,6826.548793315887,-2054.9519939934835,1.3035800875311614,deadzone
5704,ok,6819.838719367981,-2056.8754046475515,1.3035800875311614,deadzone
5705,ok,6813.169128417969,-2058.7376606976613,1.3035800875311614,deadzone
5706,ok,6806.458416461945,-2060.6107142483816,1.3035800875311614,deadzone
5707,ok,6799.7527232170105,-2062.4489213740453,1.3035800875311614,deadzone
5708,ok,6793.0050740242,-2064.307944229804,1.3035800875311614,deadzone
5709,ok,6786.2540163993835,-2066.1339071309194,1.3035800875311614,deadzone
5710,ok,6779.513474941254,-2067.982347539626,1.3035800875311614,deadzone
5711,ok,6772.743016242981,-2069.8161187684163,1.3035800875311614,deadzone
5712,ok,6765.968653678894,-2071.620747736655,1.3035800875311614,deadzone
5713,ok,6759.155527591705,-2073.4349984442815,1.3035800875311614,deadzone
5714,ok,6752.322733402252,-2075.195171526633,1.3035800875311614,deadzone
5715,ok,6745.52247428894,-2077.004244855605,1.3035800875311614,deadzone
5716,ok,6738.667492866516,-2078.6751351868734,1.3035800875311614,deadzone
5717,ok,6731.789579868317,-2080.5157493865117,1.3035800875311614,deadzone
5718,ok,6724.899382591248,-2082.2954248702154,1.3035800875311614,deadzone
5719,ok,6718.000089168549,-2084.0267931735143,1.3035800875311614,deadzone
5720,ok,6711.132330417633,-2085.7188573395833,1.3035800875311614,deadzone
5721,ok,6704.1368227005005,-2087.506557396613,1.3035800875311614,deadzone
5722,ok,6697.198716163635,-2089.2805084502324,1.3035800875311614,deadzone
5723,ok,6690.182491779327,-2090.9751016413793,1.3035800875311614,deadzone
5724,ok,6683.190474510193,-2092.767487219535,1.3035800875311614,deadzone
5725,ok,6676.160069465637,-2094.5055591380224,1.3035800875311614,deadzone
5726,ok,6669.089216709137,-2096.182580641471,1.3035800875311614,deadzone
5727,ok,6662.083157539368,-2097.809927395545,1.3035800875311614,deadzone
5728,ok,6655.017750263214,-2099.4700781619176,1.3035800875311614,deadzone
5729,ok,6647.954352855682,-2101.114019921981,1.3035800875311614,deadzone
5730,ok,6640.873175621033,-2102.736185363494,1.3035800875311614,deadzone
5731,ok,6633.723054885864,-2104.3963856017217,1.3035800875311614,deadzone
5732,ok,6626.620965003967,-2106.0021584546193,1.3035800875311614,deadzone
5733,ok,6619.457226276398,-2107.611313871108,1.3035800875311614,deadzone
5734,ok,6612.332480430603,-2109.221331886016,1.3035800875311614,deadzone
5735,ok,6605.143401622772,-2110.8197467839345,1.3035800875311614,deadzone
5736,ok,6598.012655735016,-2112.397153905593,1.3035800875311614,deadzone
5737,ok,6590.888693809509,-2113.95427828189,1.3035800875311614,deadzone
5738,ok,6583.7736167907715,-2115.5327325379476,1.3035800875311614,deadzone
5739,ok,6576.611558914185,-2117.124057701789,1.3035800875311614,deadzone
5740,ok,6569.43786907196,-2118.5809977566823,1.3035800875311614,deadzone
5741,ok,6562.220737457275,-2120.1525228535756,1.3035800875311614,deadzone
5742,ok,6555.093690872192,-2121.617980173789,1.3035800875311614,deadzone
5743,ok,6547.803928375244,-2123.1302714860067,1.3035800875311614,deadzone
5744,ok,6540.538498878479,-2124.63841228839,1.3035800875311614,deadzone
5745,ok,6533.272374629974,-2126.165625504218,1.3035800875311614,deadzone
5746,ok,6526.005135059357,-2127.682339481078,1.3035800875311614,deadzone
5747,ok,6518.729673862457,-2129.1634510075673,1.3035800875311614,deadzone
5748,ok,6511.374892234802,-2130.632475904189,1.3035800875311614,deadzone
5749,ok,6504.048434257507,-2132.1067868983373,1.3035800875311614,deadzone
5750,ok,6496.642927646637,-2133.5314919268712,1.3035800875311614,deadzone
5751,ok,6489.280321121216,-2135.031231573783,1.3035800875311614,deadzone
5752,ok,6481.896703243256,-2136.4456651723012,1.3035800875311614,deadzone
5753,ok,6474.450474739075,-2137.8864226853475,1.3035800875311614,deadzone
5754,ok,6467.004878997803,-2139.291706136428,1.3035800875311614,deadzone
5755,ok,6459.5246052742,-2140.7413080250844,1.3035800875311614,deadzone
5756,ok,6452.059301376343,-2142.145591906272,1.3035800875311614,deadzone
5757,ok,6444.604166984558,-2143.5565194403753,1.3035800875311614,deadzone
5758,ok,6437.061223983765,-2144.994066647254,1.3035800875311614,deadzone
5759,ok,6429.565999984741,-2146.4050168311223,1.3035800875311614,deadzone
5760,ok,6421.9931535720825,-2147.9159356867895,1.3035800875311614,deadzone
5761,ok,6414.401783466339,-2149.35115020629,1.3035800875311614,deadzone
5762,ok,6406.84817647934,-2150.820136121474,1.3035800875311614,deadzone
5763,ok,6399.266647815704,-2152.232131293975,1.3035800875311614,deadzone
5764,ok,6391.753309249878,-2153.737550548278,1.3035800875311614,deadzone
5765,ok,6384.155906677246,-2155.2892711674795,1.3035800875311614,deadzone
5766,ok,6376.548474311829,-2156.830428651534,1.3035800875311614,deadzone
5767,ok,6368.93119430542,-2158.4299753224477,1.3035800875311614,deadzone
5768,ok,6361.322285652161,-2160.1025875126943,1.3035800875311614,deadzone
5769,ok,6353.629326343536,-2161.8392439400777,1.3035800875311614,deadzone
5770,ok,6346.040225982666,-2163.5076909577474,1.3035800875311614,deadzone
5771,ok,6338.418667316437,-2165.298402241431,1.3035800875311614,deadzone
5772,ok,6330.884652137756,-2167.136621407233,1.3035800875311614,deadzone
5773,ok,6323.279517650604,-2169.0302552497014,1.3035800875311614,deadzone
5774,ok,6315.778119564056,-2171.00140326377,1.303650619312019,ok
5775,ok,6308.265581130981,-2173.02834432479,1.303650619312019,deadzone
5776,ok,6300.759795188904,-2175.1002203738317,1.303650619312019,deadzone
5777,ok,6293.27269411087,-2177.294488600455,1.303650619312019,deadzone
5778,ok,6285.870046615601,-2179.452327660285,1.303650619312019,deadzone
5779,ok,6278.430560588837,-2181.7499093329534,1.303650619312019,deadzone
5780,ok,6271.051863193512,-2184.1278843199834,1.303650619312019,deadzone
5781,ok,6263.737509250641,-2186.495219877921,1.303650619312019,deadzone
5782,ok,6256.4414439201355,-2188.988889864646,1.303650619312019,deadzone
5783,ok,6249.2003445625305,-2191.527239731513,1.303650619312019,deadzone
5784,ok,6241.934109210968,-2194.1164118563756,1.303650619312019,deadzone
5785,ok,6234.712474822998,-2196.7579075610265,1.303650619312019,deadzone
5786,ok,6227.5370054244995,-2199.5070931231603,1.303650619312019,deadzone
5787,ok,6220.348000049591,-2202.506827524863,1.303650619312019,deadzone
5788,ok,6213.171273231506,-2205.731623343192,1.303650619312019,deadzone
5789,ok,6205.997830867767,-2208.7631511008367,1.303650619312019,deadzone
5790,ok,6198.899990558624,-2211.739596060477,1.303650619312019,deadzone
5791,ok,6191.859292984009,-2214.6974236285314,1.303650619312019,deadzone
5792,ok,6184.82591676712,-2217.855086497031,1.303650619312019,deadzone
5793,ok,6177.778205394745,-2221.026086977683,1.303650619312019,deadzone
5794,ok,6170.815371990204,-2224.335527590476,1.303650619312019,deadzone
5795,ok,6163.833623886108,-2227.6668946063146,1.303650619312019,deadzone
5796,ok,6156.921464920044,-2231.0735418116674,1.303650619312019,deadzone
5797,ok,6149.988815784454,-2234.5830723559484,1.303650619312019,deadzone
5798,ok,6143.106606960297,-2238.1185819422826,1.303650619312019,deadzone
5799,ok,6136.263802051544,-2241.731916121207,1.303650619312019,deadzone
5800,ok,6129.422759056091,-2245.301236799918,1.303650619312019,deadzone
5801,ok,6122.631564617157,-2249.0295454775915,1.303650619312019,deadzone
5802,ok,6115.9521107673645,-2252.76586883422,1.303650619312019,deadzone
5803,ok,6109.356301784515,-2256.5601593768224,1.303650619312019,deadzone
5804,ok,6102.766664981842,-2260.397514275275,1.303650619312019,deadzone
5805,ok,6096.146721363068,-2264.289744785987,1.303650619312019,deadzone
5806,ok,6089.527836799622,-2268.254052571021,1.303650619312019,deadzone
5807,ok,6082.950165748596,-2272.260840824805,1.303650619312019,deadzone
5808,ok,6076.37686920166,-2276.3513974463567,1.303650619312019,deadzone
5809,ok,6069.827133655548,-2280.4076370513067,1.303650619312019,deadzone
5810,ok,6063.317394733429,-2284.6043361937627,1.303650619312019,deadzone
5811,ok,6056.769402980804,-2288.821033886634,1.303650619312019,deadzone
5812,ok,6050.302824497223,-2293.0211290633306,1.303650619312019,deadzone
5813,ok,6043.799216747284,-2297.3533739363775,1.303650619312019,deadzone
5814,ok,6037.383679389954,-2301.685671738349,1.303650619312019,deadzone
5815,ok,6030.958512306213,-2306.073270729743,1.303650619312019,deadzone
5816,ok,6024.582589626312,-2310.6048354422674,1.303650619312019,deadzone
5817,ok,6018.155848026276,-2315.090670994483,1.303650619312019,deadzone
5818,ok,6011.802047252655,-2319.6929015433416,1.303650619312019,deadzone
5819,ok,6005.400871753693,-2324.251913002692,1.303650619312019,deadzone
5820,ok,5999.0041680336,-2328.91222565528,1.303650619312019,deadzone
5821,ok,5992.716526031494,-2333.625297001563,1.303650619312019,deadzone
5822,ok,5986.448333740234,-2338.3195742880926,1.303650619312019,deadzone
5823,ok,5980.204302787781,-2343.1633843695745,1.303650619312019,deadzone
5824,ok,5973.937565803528,-2348.001813343726,1.303650619312019,deadzone
5825,ok,5967.702795982361,-2352.924496105872,1.303650619312019,deadzone
5826,ok,5961.49551153183,-2357.7729968344793,1.303650619312019,deadzone
5827,ok,5955.334748744965,-2362.7708939826116,1.303650619312019,deadzone
5828,ok,5949.159680366516,-2367.884366921149,1.303650619312019,deadzone
5829,ok,5943.065375328064,-2372.907605103217,1.303650619312019,deadzone
5830,ok,5936.918474197388,-2378.0583400046453,1.303650619312019,deadzone
5831,ok,5930.835741519928,-2383.2377390181646,1.303650619312019,deadzone
5832,ok,5924.777758598328,-2388.5122789656743,1.303650619312019,deadzone
5833,ok,5918.640155315399,-2393.844341686927,1.303650619312019,deadzone
5834,ok,5912.629978656769,-2399.0979151045904,1.303650619312019,deadzone
5835,ok,5906.579556941986,-2404.5859917914495,1.303650619312019,deadzone
5836,ok,5900.634537220001,-2409.992206982337,1.303650619312019,deadzone
5837,ok,5894.690168380737,-2415.478459290229,1.303650619312019,deadzone
5838,ok,5888.646885871887,-2421.041951111518,1.303650619312019,deadzone
5839,ok,5882.7042326927185,-2426.5499610221013,1.303650619312019,deadzone
5840,ok,5876.768811702728,-2432.081330708228,1.303650619312019,deadzone
5841,ok,5870.806656837463,-2437.7521948134527,1.303650619312019,deadzone
5842,ok,5864.905810832977,-2443.3648065840825,1.303650619312019,deadzone
5843,ok,5858.952479839325,-2449.029666355811,1.303650619312019,deadzone
5844,ok,5853.043506622314,-2454.64077990409,1.303650619312019,deadzone
5845,ok,5847.16291809082,-2460.336216381751,1.303650619312019,deadzone
5846,ok,5841.334921836853,-2466.086595944129,1.303650619312019,deadzone
5847,ok,5835.514562129974,-2471.90676730033,1.303650619312019,deadzone
5848,ok,5829.699496269226,-2477.629613808356,1.303650619312019,deadzone
5849,ok,5823.898408412933,-2483.4641174590215,1.303650619312019,deadzone
5850,ok,5818.053202152252,-2489.350681236945,1.303650619312019,deadzone
5851,ok,5812.259754657745,-2495.2418798720464,1.303650619312019,deadzone
5852,ok,5806.510739326477,-2501.1456503188238,1.303650619312019,deadzone
5853,ok,5800.708614349365,-2507.140644482337,1.303650619312019,deadzone
5854,ok,5794.96386051178,-2513.130350998603,1.303650619312019,deadzone
5855,ok,5789.150091648102,-2519.131235054694,1.303650619312019,deadzone
5856,ok,5783.406525611877,-2525.1134900366887,1.303650619312019,deadzone
5857,ok,5777.660247325897,-2531.146254471503,1.303650619312019,deadzone
5858,ok,5771.914701938629,-2537.2308906828985,1.303650619312019,deadzone
5859,ok,5766.180097579956,-2543.371008328162,1.303650619312019,deadzone
5860,ok,5760.433983802795,-2549.546448639594,1.303650619312019,deadzone
5861,ok,5754.740005016327,-2555.6484770094976,1.303650619312019,deadzone
5862,ok,5749.042396068573,-2561.9272188460454,1.303650619312019,deadzone
5863,ok,5743.322565078735,-2568.023770741187,1.303650619312019,deadzone
5864,ok,5737.638535022736,-2574.3299025809392,1.303650619312019,deadzone
5865,ok,5731.965651988983,-2580.586846283637,1.303650619312019,deadzone
5866,ok,5726.34161567688,-2586.8769020354375,1.303650619312019,deadzone
5867,ok,5720.712006568909,-2593.2770666396245,1.303650619312019,deadzone
5868,ok,5715.064037322998,-2599.5273136412725,1.303650619312019,deadzone
5869,ok,5709.387574195862,-2605.94019024726,1.303650619312019,deadzone
5870,ok,5703.756578445435,-2612.294181755744,1.303650619312019,deadzone
5871,ok,5698.090459823608,-2618.7401718413457,1.303650619312019,deadzone
5872,ok,5692.478239059448,-2625.1799282347783,1.303650619312019,deadzone
5873,ok,5686.8203983306885,-2631.609524658881,1.303650619312019,deadzone
5874,ok,5681.2007122039795,-2638.1363848960027,1.303650619312019,deadzone
5875,ok,5675.578240394592,-2644.615895680152,1.303650619312019,deadzone
5876,ok,5669.971868991852,-2651.114753655158,1.303650619312019,deadzone
5877,ok,5664.337559700012,-2657.615889481269,1.303650619312019,deadzone
5878,ok,5658.71483039856,-2664.0978769576177,1.303650619312019,deadzone
5879,ok,5653.083962440491,-2670.633998802863,1.303650619312019,deadzone
5880,ok,5647.423951148987,-2677.126432827674,1.303650619312019,deadzone
5881,ok,5641.834853172302,-2683.673295906745,1.303650619312019,deadzone
5882,ok,5636.278606891632,-2690.218341282569,1.303650619312019,deadzone
5883,ok,5630.675549030304,-2696.7678431784734,1.303650619312019,deadzone
5884,ok,5625.125823497772,-2703.2647055899724,1.303650619312019,deadzone
5885,ok,5619.490180492401,-2709.771052292548,1.303650619312019,deadzone
5886,ok,5613.890045166016,-2716.219589165412,1.303650619312019,deadzone
5887,ok,5608.291755199432,-2722.6953009879217,1.303650619312019,deadzone
5888,ok,5602.693785667419,-2729.13017695304,1.303650619312019,deadzone
5889,ok,5597.100271224976,-2735.5662802970037,1.303650619312019,deadzone
5890,ok,5591.514187335968,-2741.9840368544683,1.303650619312019,deadzone
5891,ok,5585.8818464279175,-2748.4530319487676,1.303650619312019,deadzone
5892,ok,5580.296490192413,-2754.7770275389776,1.303650619312019,deadzone
5893,ok,5574.6341071128845,-2761.232222012244,1.303650619312019,deadzone
5894,ok,5568.999046802521,-2767.5372623717412,1.303650619312019,deadzone
5895,ok,5563.298521518707,-2773.861455849372,1.303650619312019,deadzone
5896,ok,5557.610599040985,-2780.215680054389,1.303650619312019,deadzone
5897,ok,5551.926951408386,-2786.49980585929,1.303650619312019,deadzone
5898,ok,5546.181094169617,-2792.800213745795,1.303650619312019,deadzone
5899,ok,5540.430028438568,-2799.0433792388067,1.303650619312019,deadzone
5900,ok,5534.605674266815,-2805.325401238166,1.303650619312019,deadzone
5901,ok,5528.822541713715,-2811.620772293769,1.303650619312019,deadzone
5902,ok,5522.980865955353,-2817.8110465323552,1.303650619312019,deadzone
5903,ok,5517.182473659515,-2823.9888839041814,1.303650619312019,deadzone
5904,ok,5511.396854400635,-2830.088290623389,1.303650619312019,deadzone
5905,ok,5505.568930149078,-2836.23213045951,1.303650619312019,deadzone
5906,ok,5499.752942562103,-2842.320434025489,1.303650619312019,deadzone
5907,ok,5493.941175937653,-2848.4538239752874,1.303650619312019,deadzone
5908,ok,5488.116160869598,-2854.5046877181157,1.303650619312019,deadzone
5909,ok,5482.295066833496,-2860.584356239997,1.303650619312019,deadzone
5910,ok,5476.425783157349,-2866.520838192664,1.303650619312019,deadzone
5911,ok,5470.506034851074,-2872.6141347205266,1.303650619312019,deadzone
5912,ok,5464.653270244598,-2878.5581764495,1.303650619312019,deadzone
5913,ok,5458.718239307404,-2884.4662451064214,1.303650619312019,deadzone
5914,ok,5452.793256282806,-2890.397034100257,1.303650619312019,deadzone
5915,ok,5446.838770866394,-2896.1621841704473,1.303650619312019,deadzone
5916,ok,5440.846641540527,-2902.055843285285,1.303650619312019,deadzone
5917,ok,5434.837126731873,-2907.757003239356,1.303650619312019,deadzone
5918,ok,5428.861293792725,-2913.523697785102,1.303650619312019,deadzone
5919,ok,5422.812363624573,-2919.2575959479436,1.303650619312019,deadzone
5920,ok,5416.768500328064,-2924.9526786124334,1.303650619312019,deadzone
5921,ok,5410.666382312775,-2930.655992439948,1.303650619312019,deadzone
5922,ok,5404.585346698761,-2936.2382511412725,1.303650619312019,deadzone
5923,ok,5398.413702487946,-2941.9057564055547,1.303650619312019,deadzone
5924,ok,5392.251558303833,-2947.538317135535,1.303650619312019,deadzone
5925,ok,5386.15687084198,-2953.15259259101,1.303650619312019,deadzone
5926,ok,5380.047643661499,-2958.8115472113714,1.303650619312019,deadzone
5927,ok,5373.908148765564,-2964.3880872046575,1.303650619312019,deadzone
5928,ok,5367.798965930939,-2970.0241665160283,1.303650619312019,deadzone
5929,ok,5361.642224788666,-2975.5671963011846,1.303650619312019,deadzone
5930,ok,5355.4651927948,-2981.1275734221563,1.303650619312019,deadzone
5931,ok,5349.282954216003,-2986.7657431876287,1.303650619312019,deadzone
5932,ok,5343.122764110565,-2992.2212580954656,1.303650619312019,deadzone
5933,ok,5337.004719257355,-2997.73746626731,1.303650619312019,deadzone
5934,ok,5330.848531246185,-3003.2812713896856,1.303650619312019,deadzone
5935,ok,5324.7454471588135,-3008.7156824385747,1.303650619312019,deadzone
5936,ok,5318.573060035706,-3014.279690197669,1.303650619312019,deadzone
5937,ok,5312.4703187942505,-3019.716407231055,1.303650619312019,deadzone
5938,ok,5306.336066246033,-3025.199319294654,1.303650619312019,deadzone
5939,ok,5300.218711853027,-3030.6646799361333,1.303650619312019,deadzone
5940,ok,5294.079728126526,-3036.0937327658758,1.303650619312019,deadzone
5941,ok,5287.976719856262,-3041.572122982703,1.303650619312019,deadzone
5942,ok,5281.803161621094,-3046.9482845580205,1.303650619312019,deadzone
5943,ok,5275.641016960144,-3052.3673509871587,1.303650619312019,deadzone
5944,ok,5269.4503655433655,-3057.763197354041,1.303650619312019,deadzone
5945,ok,5263.278435230255,-3063.1000074660406,1.303650619312019,deadzone
5946,ok,5257.085032939911,-3068.43713133689,1.303650619312019,deadzone
5947,ok,5250.917439937592,-3073.7093433653936,1.303650619312019,deadzone
5948,ok,5244.760890007019,-3079.0265397345647,1.303650619312019,deadzone
5949,ok,5238.582754135132,-3084.2910856520757,1.303650619312019,deadzone
5950,ok,5232.454088687897,-3089.5726751601323,1.303650619312019,deadzone
5951,ok,5226.330969333649,-3094.849803379737,1.303650619312019,deadzone
5952,ok,5220.17414855957,-3100.1404775893316,1.303650619312019,deadzone
5953,ok,5214.0404052734375,-3105.3500985419378,1.303650619312019,deadzone
5954,ok,5207.91236448288,-3110.514686516486,1.303650619312019,deadzone
5955,ok,5201.849113941193,-3115.658704689704,1.303650619312019,deadzone
5956,ok,5195.720561504364,-3120.7473754202947,1.303650619312019,deadzone
5957,ok,5189.57369852066,-3125.851006439887,1.303650619312019,deadzone
5958,ok,5183.4257164001465,-3130.9507855689153,1.303650619312019,deadzone
5959,ok,5177.258652687073,-3135.9645418440923,1.303650619312019,deadzone
5960,ok,5171.081791877747,-3141.025804928504,1.303650619312019,deadzone
5961,ok,5164.996435642242,-3145.96500866767,1.303650619312019,deadzone
5962,ok,5158.880581855774,-3150.905154637061,1.303650619312019,deadzone
5963,ok,5152.703137397766,-3155.8901886260137,1.303650619312019,deadzone
5964,ok,5146.582159519196,-3160.748657635413,1.303650619312019,deadzone
5965,ok,5140.418226718903,-3165.638356617652,1.303650619312019,deadzone
5966,ok,5134.311207294464,-3170.429212979041,1.303650619312019,deadzone
5967,ok,5128.176089286804,-3175.2265872275457,1.303650619312019,deadzone
5968,ok,5122.062598228455,-3179.9560760771856,1.303650619312019,deadzone
5969,ok,5115.944531440735,-3184.6075939452276,1.303650619312019,deadzone
5970,ok,5109.821396350861,-3189.245871952735,1.303650619312019,deadzone
5971,ok,5103.738066196442,-3193.8643330847844,1.303650619312019,deadzone
5972,ok,5097.603358745575,-3198.449039391242,1.303650619312019,deadzone
5973,ok,5091.463105201721,-3203.0181330954656,1.303650619312019,deadzone
5974,ok,5085.351073265076,-3207.4669803893194,1.303650619312019,deadzone
5975,ok,5079.201561927795,-3211.9315718924627,1.303650619312019,deadzone
5976,ok,5073.040212154388,-3216.3186244284734,1.303650619312019,deadzone
5977,ok,5066.870732784271,-3220.6334761893377,1.303650619312019,deadzone
5978,ok,5060.630198955536,-3224.908771923743,1.303650619312019,deadzone
5979,ok,5054.427390098572,-3229.0868686949834,1.303650619312019,deadzone
5980,ok,5048.122349739075,-3233.294556072913,1.303650619312019,deadzone
5981,ok,5041.918892383575,-3237.4490975653753,1.303650619312019,deadzone
5982,ok,5035.63511800766,-3241.4236161028966,1.303650619312019,deadzone
5983,ok,5029.43226146698,-3245.5129744326696,1.303650619312019,deadzone
5984,ok,5023.254281044006,-3249.438847235404,1.303650619312019,deadzone
5985,ok,5017.01845407486,-3253.3552014147863,1.303650619312019,deadzone
5986,ok,5010.806095600128,-3257.1692864215,1.303650619312019,deadzone
5987,ok,5004.530534744263,-3261.008852652274,1.303650619312019,deadzone
5988,ok,4998.31348991394,-3264.7436365401372,1.303650619312019,deadzone
5989,ok,4992.071067810059,-3268.456027678214,1.303650619312019,deadzone
5990,ok,4985.796193599701,-3272.1216255938634,1.303650619312019,deadzone
5991,ok,4979.5184235572815,-3275.6386322295293,1.303650619312019,deadzone
5992,ok,4973.224267482758,-3279.1926597869024,1.303650619312019,deadzone
5993,ok,4966.917948722839,-3282.6709222113714,1.303650619312019,deadzone
5994,ok,4960.524107933044,-3286.0572046553716,1.303650619312019,deadzone
5995,ok,4954.2605900764465,-3289.3805908476934,1.303650619312019,deadzone
5996,ok,4947.92592382431,-3292.6461343085393,1.303650619312019,deadzone
5997,ok,4941.578148365021,-3295.843779734336,1.303650619312019,deadzone
5998,ok,4935.23782491684,-3298.9595100199804,1.303650619312019,deadzone
5999,ok,4928.883901119232,-3302.034474543296,1.303650619312019,deadzone
6000,ok,4922.519827365875,-3304.9995416915044,1.303650619312019,deadzone
6001,ok,4916.18070936203,-3308.0070928847417,1.303650619312019,deadzone
6002,ok,4909.836243629456,-3310.8632506644353,1.303650619312019,deadzone
6003,ok,4903.467782974243,-3313.6652461802587,1.303650619312019,deadzone
6004,ok,4897.098824977875,-3316.4787222659215,1.303650619312019,deadzone
6005,ok,4890.703861713409,-3319.215943506919,1.303650619312019,deadzone
6006,ok,4884.40203332901,-3321.8437639987096,1.303650619312019,deadzone
6007,ok,4878.002063751221,-3324.5225884234533,1.303650619312019,deadzone
6008,ok,4871.592198371887,-3327.0492278849706,1.303650619312019,deadzone
6009,ok,4865.214820861816,-3329.4963514124975,1.303650619312019,deadzone
6010,ok,4858.784544467926,-3332.0202562129125,1.303650619312019,deadzone
6011,ok,4852.445388793945,-3334.318608692847,1.303650619312019,deadzone
6012,ok,4846.079441547394,-3336.5955981528386,1.303650619312019,deadzone
6013,ok,4839.691348552704,-3338.8677844321355,1.303650619312019,deadzone
6014,ok,4833.292954921722,-3341.0931636607274,1.303650619312019,deadzone
6015,ok,4826.865567684174,-3343.27701204177,1.303650619312019,deadzone
6016,ok,4820.44796705246,-3345.4411198413,1.303650619312019,deadzone
6017,ok,4814.0225167274475,-3347.5353051936254,1.303650619312019,deadzone
6018,ok,4807.6275997161865,-3349.5387679850683,1.303650619312019,deadzone
6019,ok,4801.245827198029,-3351.5130582368,1.303650619312019,deadzone
6020,ok,4794.842495918274,-3353.449183157645,1.303650619312019,deadzone
6021,ok,4788.424350738525,-3355.4087806260213,1.303650619312019,deadzone
6022,ok,4782.115650177002,-3357.3253055131063,1.303650619312019,deadzone
6023,ok,4775.76149892807,-3359.18818681594,1.303650619312019,deadzone
6024,ok,4769.382044792175,-3360.996030858718,1.303650619312019,deadzone
6025,ok,4763.015877246857,-3362.7416934287176,1.303650619312019,deadzone
6026,ok,4756.586734294891,-3364.533198765479,1.303650619312019,deadzone
6027,ok,4750.2305636405945,-3366.1803906476125,1.303650619312019,deadzone
6028,ok,4743.803889274597,-3367.9278595959768,1.303650619312019,deadzone
6029,ok,4737.397867202759,-3369.4785712277517,1.303650619312019,deadzone
6030,ok,4730.973072052002,-3371.088091663085,1.303650619312019,deadzone
6031,ok,4724.5465722084045,-3372.606394342147,1.303650619312019,deadzone
6032,ok,4718.149685382843,-3374.0039746081457,1.303650619312019,deadzone
6033,ok,4711.792361736298,-3375.426937392913,1.303650619312019,deadzone
6034,ok,4705.391354560852,-3376.7449973141775,1.303650619312019,deadzone
6035,ok,4698.992422580719,-3378.0777910267934,1.303650619312019,deadzone
6036,ok,4692.568769931793,-3379.4076486146078,1.303650619312019,deadzone
6037,ok,4686.126971244812,-3380.5987418210134,1.303650619312019,deadzone
6038,ok,4679.724309921265,-3381.8228102242574,1.303650619312019,deadzone
6039,ok,4673.294050216675,-3382.97143857833,1.303650619312019,deadzone
6040,ok,4666.905760765076,-3384.174777320586,1.303650619312019,deadzone
6041,ok,4660.489294052124,-3385.4214977538213,1.303650619312019,deadzone
6042,ok,4654.0927057266235,-3386.5761746680364,1.303650619312019,deadzone
6043,ok,4647.646611690521,-3387.69594054576,1.303650619312019,deadzone
6044,ok,4641.166457653046,-3388.8674436127767,1.303650619312019,deadzone
6045,ok,4634.699729442596,-3389.993150285445,1.303650619312019,deadzone
6046,ok,4628.21656703949,-3391.0194368874654,1.303650619312019,deadzone
6047,ok,4621.770279884338,-3392.1633192813024,1.303650619312019,deadzone
6048,ok,4615.2278175354,-3393.273488215171,1.303650619312019,deadzone
6049,ok,4608.743250370026,-3394.351257137023,1.303650619312019,deadzone
6050,ok,4602.194855213165,-3395.4651846205816,1.303650619312019,deadzone
6051,ok,4595.71143913269,-3396.530254176818,1.303650619312019,deadzone
6052,ok,4589.129530906677,-3397.647491983138,1.303650619312019,deadzone
6053,ok,4582.5530343055725,-3398.6485996758565,1.303650619312019,deadzone
6054,ok,4575.972943305969,-3399.6498307501897,1.303650619312019,deadzone
6055,ok,4569.348770141602,-3400.6803936278448,1.303650619312019,deadzone
6056,ok,4562.756119728088,-3401.750733426772,1.303650619312019,deadzone
6057,ok,4556.175465106964,-3402.7645046031103,1.303650619312019,deadzone
6058,ok,4549.556752681732,-3403.7702591931447,1.303650619312019,deadzone
6059,ok,4542.865293979645,-3404.7881842171773,1.303650619312019,deadzone
6060,ok,4536.226076126099,-3405.7427444970235,1.303650619312019,deadzone
6061,ok,4529.594822406769,-3406.7077290331945,1.303650619312019,deadzone
6062,ok,4522.935759544373,-3407.5989867961034,1.303650619312019,deadzone
6063,ok,4516.29283952713,-3408.554134777747,1.303650619312019,deadzone
6064,ok,4509.653073787689,-3409.4677082812414,1.303650619312019,deadzone
6065,ok,4502.938651561737,-3410.4381340062246,1.303650619312019,deadzone
6066,ok,4496.249695777893,-3411.251983693801,1.303650619312019,deadzone
6067,ok,4489.582714080811,-3412.123819044791,1.303650619312019,deadzone
6068,ok,4482.856539726257,-3413.0141052519903,1.303650619312019,deadzone
6069,ok,4476.170398235321,-3413.8444169079885,1.303650619312019,deadzone
6070,ok,4469.443520069122,-3414.718558243476,1.303650619312019,deadzone
6071,ok,4462.699190616608,-3415.4848804986104,1.303650619312019,deadzone
6072,ok,4455.92013502121,-3416.2633770024404,1.303650619312019,deadzone
6073,ok,4449.138743877411,-3417.0935819661245,1.303650619312019,deadzone
6074,ok,4442.326311588287,-3417.75672572013,1.303650619312019,deadzone
6075,ok,4435.555266857147,-3418.51242905017,1.303650619312019,deadzone
6076,ok,4428.84845495224,-3419.2463386571035,1.303650619312019,deadzone
6077,ok,4422.101839065552,-3419.8323976313695,1.303650619312019,deadzone
6078,ok,4415.436245441437,-3420.6734097516164,1.303650619312019,deadzone
6079,ok,4408.903389930725,-3421.167450956069,1.303650619312019,deadzone
6080,ok,4402.258490085602,-3421.852950028144,1.303650619312019,deadzone
6081,ok,4395.649296283722,-3422.4422605549917,1.303650619312019,deadzone
6082,ok,4388.962082862854,-3422.977341941558,1.303650619312019,deadzone
6083,ok,4382.209251403809,-3423.5144346272573,1.303650619312019,deadzone
6084,ok,4375.408004760742,-3424.049283674918,1.303650619312019,deadzone
6085,ok,4368.651668071747,-3424.5084488904104,1.3035672676897423,ok
6086,ok,4361.889248847961,-3425.0247644698247,1.3034142018223047,ok
6087,ok,4355.040921211243,-3425.466218165122,1.303174818075678,ok
6088,ok,4348.209885120392,-3425.9446458136663,1.3028730187352222,ok
6089,ok,4341.2933344841,-3426.373563698493,1.302455515484988,ok
6090,ok,4334.442715644836,-3426.776974133216,1.301972644435011,ok
6091,ok,4327.5782995224,-3427.1929406439885,1.301371161483531,ok
6092,ok,4320.6770033836365,-3427.636367729865,1.3006824982428706,ok
6093,ok,4313.796609401703,-3428.039517096244,1.2998500949035745,ok
6094,ok,4306.897368431091,-3428.3585552489385,1.2989619504034966,ok
6095,ok,4299.8677859306335,-3428.722532442771,1.2979796160840102,ok
6096,ok,4292.860118865967,-3429.0044137751684,1.2969390295492147,ok
6097,ok,4285.848961830139,-3429.305369070731,1.2958071570262615,ok
6098,ok,4278.864884853363,-3429.5696894442663,1.2946287233361975,ok
6099,ok,4271.922286987305,-3429.7972454344854,1.2933702078786895,ok
6100,ok,4264.906632423401,-3430.1255828654394,1.2920576196179372,ok
6101,ok,4257.886100292206,-3430.26449458953,1.2906923574906746,ok
6102,ok,4250.835605144501,-3430.493405512534,1.2892707280170135,ok
6103,ok,4243.840647697449,-3430.615996531211,1.287797816249754,ok
6104,ok,4236.810239315033,-3430.7856346881017,1.2862588841083047,ok
6105,ok,4229.722155570984,-3430.975372484885,1.2846480284610564,ok
6106,ok,4222.656179428101,-3430.975500038825,1.2829982394298505,ok
6107,ok,4215.447411060333,-3431.1711389338598,1.2812832396524882,ok
6108,ok,4208.350659370422,-3431.1513485228643,1.2795285817639237,ok
6109,ok,4201.195335865021,-3431.1226519858465,1.2777442907642758,ok
6110,ok,4194.055087089539,-3431.202799013816,1.2759108826592604,ok
6111,ok,4186.947474479675,-3431.155404022895,1.2740450228233988,ok
6112,ok,4179.791263580322,-3431.1539217745885,1.2721226387220446,ok
6113,ok,4172.647161483765,-3431.0139138018712,1.2701426285185413,ok
6114,ok,4165.4823389053345,-3430.9510330474004,1.2681321447454197,ok
6115,ok,4158.321679115295,-3430.858436039649,1.2660785804244188,ok
6116,ok,4151.151909351349,-3430.6852640425786,1.2639967835321875,ok
6117,ok,4143.893924236298,-3430.560698918067,1.261885661685336,ok
6118,ok,4136.701901912689,-3430.2831990038976,1.2597657518684888,ok
6119,ok,4129.400862693787,-3430.1087347781286,1.2576239251814456,ok
6120,ok,4122.153513431549,-3429.84952764865,1.2554756687261122,ok
6121,ok,4114.912398338318,-3429.525262764655,1.253313272644038,ok
6122,ok,4107.638823509216,-3429.287468603812,1.2511412681155978,ok
6123,ok,4100.431241035461,-3428.916956595145,1.2489693663560963,ok
6124,ok,4093.1352829933167,-3428.697381428443,1.2467802367485958,ok
6125,ok,4085.8805146217346,-3428.238863161765,1.2446060775114816,ok
6126,ok,4078.5954995155334,-3427.8895572936162,1.2424153327443248,ok
6127,ok,4071.3498635292053,-3427.440455845557,1.2402322099450322,ok
6128,ok,4064.061275959015,-3427.0299000060186,1.2380449743859643,ok
6129,ok,4056.788847923279,-3426.55768316146,1.2358991037938865,ok
6130,ok,4049.5344438552856,-3425.982557467185,1.2337337560716417,ok
6131,ok,4042.292287349701,-3425.5228395974264,1.2315596226209535,ok
6132,ok,4035.007623195648,-3424.9256442105398,1.2293843250726502,ok
6133,ok,4027.7423758506775,-3424.410860470496,1.2272042868778559,ok
6134,ok,4020.4792518615723,-3423.8069576537237,1.225031368188897,ok
6135,ok,4013.1861124038696,-3423.214032462798,1.2228349379886374,ok
6136,ok,4005.904296875,-3422.598239830695,1.220643735967813,ok
6137,ok,3998.589301586151,-3421.8757685935125,1.2184400071512809,ok
6138,ok,3991.296874523163,-3421.226008824073,1.2162404031723568,ok
6139,ok,3983.9352898597717,-3420.5480152880773,1.2140315063285014,ok
6140,ok,3976.6334075927734,-3419.827434352599,1.2118288336510017,ok
6141,ok,3969.3273797035217,-3419.061579517089,1.2096201477303403,ok
6142,ok,3962.051236629486,-3418.279917410575,1.2074140741577573,ok
6143,ok,3954.7632479667664,-3417.483261517249,1.20520427372806,ok
6144,ok,3947.555681705475,-3416.697333744727,1.2029980211055389,ok
6145,ok,3940.3478832244873,-3415.856832078658,1.2007924752168229,ok
6146,ok,3933.109495162964,-3415.0613985573873,1.198579938208963,ok
6147,ok,3925.931878089905,-3414.210220149718,1.1963792931630344,ok
6148,ok,3918.662619113922,-3413.440669468604,1.1941721390753985,ok
6149,ok,3911.490663051605,-3412.542775086127,1.1919834949862407,ok
6150,ok,3904.27872467041,-3411.709971717559,1.1897897449147707,ok
6151,ok,3897.1124362945557,-3410.8284101998433,1.1875851600045793,ok
6152,ok,3889.8363790512085,-3409.8245759522542,1.1853836649100995,ok
6153,ok,3882.565803050995,-3408.9784335410222,1.1831733634722654,ok
6154,ok,3875.384253025055,-3407.927773169242,1.180976693527035,ok
6155,ok,3868.158782482147,-3407.0652195727453,1.1787720836854931,ok
6156,ok,3860.992015361786,-3406.0642986809835,1.1765724715633323,ok
6157,ok,3853.770698070526,-3405.123701266013,1.1743637330810675,ok
6158,ok,3846.609188079834,-3404.1250296151266,1.1721628063393017,ok
6159,ok,3839.3373889923096,-3403.132416180335,1.169951498250972,ok
6160,ok,3832.0980949401855,-3402.1064472710714,1.1677511292335172,ok
6161,ok,3824.848554611206,-3401.0725122010335,1.165543986793289,ok
6162,ok,3817.573392868042,-3400.0319464718923,1.1633279086952544,ok
6163,ok,3810.38014793396,-3398.915555885993,1.1611115521218591,ok
6164,ok,3803.059293270111,-3397.922973564826,1.1588861989219723,ok
6165,ok,3795.819133758545,-3396.7659935271367,1.1566768655175295,ok
6166,ok,3788.496105194092,-3395.637004188262,1.154443279978711,ok
6167,ok,3781.2402477264404,-3394.558903506957,1.1522248438985616,ok
6168,ok,3774.014259338379,-3393.417028239928,1.1499883721822226,ok
6169,ok,3766.7456908226013,-3392.364143065177,1.147757975848511,ok
6170,ok,3759.50732088089,-3391.1101142680272,1.1455132823577276,ok
6171,ok,3752.268980026245,-3390.0001177107915,1.1432595592844703,ok
6172,ok,3745.0740356445312,-3388.750944546424,1.1410014608870007,ok
6173,ok,3737.8887224197388,-3387.6293656146154,1.1387384313787052,ok
6174,ok,3730.7571210861206,-3386.457253388129,1.136463604218896,ok
6175,ok,3723.546770095825,-3385.30712609645,1.1341745134064545,ok
6176,ok,3716.3161187171936,-3384.1142827784643,1.1318895777176885,ok
6177,ok,3709.0576872825623,-3382.8877089535818,1.1295915127377207,ok
6178,ok,3701.747564315796,-3381.673957637511,1.1272999512105335,ok
6179,ok,3694.4449043273926,-3380.394720843993,1.1250055964653873,ok
6180,ok,3687.099476337433,-3379.174958757125,1.122704371893395,ok
6181,ok,3679.760432243347,-3377.856192640029,1.1204154498566157,ok
6182,ok,3672.3711371421814,-3376.549812606536,1.118113194145731,ok
6183,ok,3665.027995109558,-3375.2629740750417,1.1158175820513785,ok
6184,ok,3657.6342363357544,-3373.908150247298,1.1135136826119527,ok
6185,ok,3650.3051042556763,-3372.6706653153524,1.1112201263875832,ok
6186,ok,3642.919322013855,-3371.319375685416,1.1089350574176833,ok
6187,ok,3635.501615524292,-3369.979757002555,1.1066467490318441,ok
6188,ok,3628.058107852936,-3368.600462130271,1.1043622290087942,ok
6189,ok,3620.6732091903687,-3367.310583285056,1.102078748865656,ok
6190,ok,3613.2745447158813,-3365.8188484227285,1.0997935459985466,ok
6191,ok,3605.885413169861,-3364.537883571349,1.097519593003182,ok
6192,ok,3598.449589252472,-3363.1146649634466,1.0952278742639245,ok
6193,ok,3591.0882053375244,-3361.780145934783,1.0929205280032641,ok
6194,ok,3583.607565879822,-3360.3498473679647,1.09060551015662,ok
6195,ok,3576.176347255707,-3358.912396005355,1.0882815500153609,ok
6196,ok,3568.668122291565,-3357.468587568961,1.0859677857025558,ok
6197,ok,3561.1927905082703,-3355.9995919978246,1.0836524374084966,ok
6198,ok,3553.6920795440674,-3354.518982223235,1.081360286729671,ok
6199,ok,3546.14532327652,-3353.032377771102,1.0790765849444965,ok
6200,ok,3538.607201576233,-3351.5538191115484,1.0767910357033916,ok
6201,ok,3531.1068172454834,-3350.0587171828374,1.0745156799385347,ok
6202,ok,3523.5530133247375,-3348.5937418257818,1.0722334436986478,ok
6203,ok,3516.0324058532715,-3347.139260820113,1.0699577062566856,ok
6204,ok,3508.4792833328247,-3345.6161138331518,1.0676625318281001,ok
6205,ok,3500.9600219726562,-3344.0727822100744,1.0653819821923982,ok
6206,ok,3493.409789085388,-3342.5570019995794,1.0630969192293107,ok
6207,ok,3485.8523263931274,-3341.06207936164,1.06080763641601,ok
6208,ok,3478.3058099746704,-3339.5061945235357,1.0585278016660558,ok
6209,ok,3470.6867899894714,-3337.9666528021917,1.0562370755811694,ok
6210,ok,3463.1381616592407,-3336.4014446055517,1.0539613456616808,ok
6211,ok,3455.5448021888733,-3334.75057773944,1.0516794078883864,ok
6212,ok,3447.9917516708374,-3333.164321950637,1.049408939676806,ok
6213,ok,3440.408462524414,-3331.5523176705465,1.0471423163326716,ok
6214,ok,3432.907600879669,-3330.0583406006917,1.044887297803593,ok
6215,ok,3425.3980197906494,-3328.4365345751867,1.0426577035274711,ok
6216,ok,3417.9670491218567,-3326.904717854224,1.0404488179599327,ok
6217,ok,3410.4941725730896,-3325.3474166905507,1.0382637329817932,ok
6218,ok,3403.100601673126,-3323.8458886658773,1.0361004154836517,ok
6219,ok,3395.7323141098022,-3322.2817739760503,1.0339888046894228,ok
6220,ok,3388.3707962036133,-3320.5853726183996,1.0319041253597092,ok
6221,ok,3380.9682331085205,-3319.0189394271,1.029871208085968,ok
6222,ok,3373.6408677101135,-3317.513413838111,1.027889077287006,ok
6223,ok,3366.3666577339172,-3315.85889726039,1.0259589060383882,ok
6224,ok,3359.01633644104,-3314.3579538380727,1.0240998282893425,ok
6225,ok,3351.809950351715,-3312.7279987847432,1.022306130151768,ok
6226,ok,3344.524568080902,-3311.3187385117635,1.0205835093281577,ok
6227,ok,3337.1922907829285,-3309.711231998168,1.018922602358015,ok
6228,ok,3329.826591014862,-3308.454995921813,1.0173536732286872,ok
6229,ok,3322.5098061561584,-3306.9232003008947,1.0158782424823418,ok
6230,ok,3315.19007062912,-3305.7660700595006,1.0144904983065797,ok
6231,ok,3307.9993753433228,-3304.3872720515355,1.0131801895064596,ok
6232,ok,3301.139744281769,-3302.595370224677,1.0119563804557141,ok
6233,ok,3294.154483795166,-3301.391996911727,1.0108168606852377,ok
6234,ok,3287.4210681915283,-3299.817906311713,1.0097641246595004,ok
6235,ok,3280.6785888671875,-3298.3332416331396,1.0088041867506516,ok
6236,ok,3274.0993633270264,-3296.8500642096624,1.0079318001079742,ok
6237,ok,3267.576648712158,-3295.2099286830053,1.007144669847417,ok
6238,ok,3261.129077911377,-3293.591882637702,1.00643651978987,ok
6239,ok,3254.7203068733215,-3291.991630128585,1.0058047018676008,ok
6240,ok,3248.3658080101013,-3290.3284963881597,1.0052414815465547,ok
6241,ok,3242.07928609848,-3288.635107449256,1.0047455997207193,ok
6242,ok,3235.7628512382507,-3287.0246446644887,1.0043224659657344,ok
6243,ok,3229.539834022522,-3285.2915363823995,1.0039516313509071,ok
6244,ok,3223.250235080719,-3283.6961335456,1.0039516313509071,deadzone
6245,ok,3217.0626378059387,-3282.0106679713354,1.0039516313509071,deadzone
6246,ok,3210.8682861328125,-3280.2946031605825,1.0039516313509071,deadzone
6247,ok,3204.66180229187,-3278.633253267966,1.0039516313509071,deadzone
6248,ok,3198.41437625885,-3277.0636036908254,1.0039516313509071,deadzone
6249,ok,3192.2131390571594,-3275.3925788914785,1.0039516313509071,deadzone
6250,ok,3186.0576844215393,-3273.7295847451314,1.0039516313509071,deadzone
6251,ok,3179.94038105011,-3272.111871770583,1.0039516313509071,deadzone
6252,ok,3173.9368567466736,-3270.425842813216,1.0039516313509071,deadzone
6253,ok,3167.830720424652,-3268.819103530608,1.0039516313509071,deadzone
6254,ok,3161.906086921692,-3267.2916397368535,1.0039516313509071,deadzone
6255,ok,3156.0503969192505,-3265.5494436537847,1.0039516313509071,deadzone
6256,ok,3150.0796399116516,-3264.1086280858144,1.0039516313509071,deadzone
6257,ok,3144.2223105430603,-3262.4900911366567,1.0039516313509071,deadzone
6258,ok,3138.3473677635193,-3261.136200479232,1.0039516313509071,deadzone
6259,ok,3132.5071058273315,-3259.58472483512,1.0039516313509071,deadzone
6260,ok,3126.6827387809753,-3258.052917650901,1.0039516313509071,deadzone
6261,ok,3120.821093559265,-3256.7074952637777,1.0039516313509071,deadzone
6262,ok,3114.9650020599365,-3255.272428206168,1.0039516313509071,deadzone
6263,ok,3109.04350233078,-3253.904608658515,1.0039516313509071,deadzone
6264,ok,3103.1931495666504,-3252.520556620322,1.0039516313509071,deadzone
6265,ok,3097.353734970093,-3251.0841852938756,1.0039516313509071,deadzone
6266,ok,3091.525237083435,-3249.792510679923,1.0038983862552977,ok
6267,ok,3085.717997074127,-3248.4390939986333,1.0038062558727425,ok
6268,ok,3079.9792680740356,-3247.1086426293477,1.0036697421433471,ok
6269,ok,3074.2014837265015,-3245.7197948014364,1.003512425996745,ok
6270,ok,3068.3967537879944,-3244.379226735793,1.0033148720109037,ok
6271,ok,3062.6005477905273,-3242.987834743224,1.0030970681577556,ok
6272,ok,3056.860110282898,-3241.704204252921,1.0028529593465285,ok
6273,ok,3051.1426644325256,-3240.326466492377,1.002581969671694,ok
6274,ok,3045.438536167145,-3239.0318959271535,1.0022841192445358,ok
6275,ok,3039.7429661750793,-3237.7238778388128,1.0019569182754673,ok
6276,ok,3034.012885093689,-3236.4639255320653,1.001608589672141,ok
6277,ok,3028.317940711975,-3235.126639178954,1.001233053646517,ok
6278,ok,3022.6185669898987,-3233.7999039208516,1.0008331516409659,ok
6279,ok,3016.912256717682,-3232.469051889144,1.0004160754551334,ok
6280,ok,3011.2677097320557,-3231.100315264426,0.9999695983055364,ok
6281,ok,3005.5783247947693,-3229.8261619126424,0.9994980857330471,ok
6282,ok,2999.92743062973,-3228.444937638007,0.9990024066968716,ok
6283,ok,2994.2408475875854,-3227.1691873585805,0.9984785055962548,ok
6284,ok,2988.609405040741,-3225.8662857329473,0.9979255111955879,ok
6285,ok,2982.9332098960876,-3224.5279156481847,0.9973492659341614,ok
6286,ok,2977.2350153923035,-3223.2592764412984,0.9967437607235782,ok
6287,ok,2971.5460839271545,-3221.9387535369024,0.9961130864215763,ok
6288,ok,2965.8864970207214,-3220.6398563897237,0.9954565051001966,ok
6289,ok,2960.22918844223,-3219.3138808524236,0.9947749774316612,ok
6290,ok,2954.609133720398,-3217.9545486485586,0.9940568690110091,ok
6291,ok,2948.909300327301,-3216.7401485955343,0.9933146945758963,ok
6292,ok,2943.227370738983,-3215.4232401167974,0.9925401089483377,ok
6293,ok,2937.519549846649,-3214.083007982932,0.9917341678253431,ok
6294,ok,2931.8566036224365,-3212.8056973731145,0.9908982455233927,ok
6295,ok,2926.190414905548,-3211.5746390139684,0.9900322526437028,ok
6296,ok,2920.504006385803,-3210.256371310912,0.9891342925345205,ok
6297,ok,2914.820306301117,-3208.9446825301275,0.9882005509491317,ok
6298,ok,2909.1423082351685,-3207.5572051322088,0.987231849677239,ok
6299,ok,2903.3692269325256,-3206.3115143096074,0.986230575150477,ok
6300,ok,2897.657539367676,-3204.8911688840017,0.9852082954276763,ok
6301,ok,2891.8684663772583,-3203.6118048941717,0.9841509631008168,ok
6302,ok,2886.1003499031067,-3202.2506081378087,0.9830738343933405,ok
6303,ok,2880.2871260643005,-3200.877626827918,0.9819687476410414,ok
6304,ok,2874.5187582969666,-3199.4099791562185,0.9808326226155648,ok
6305,ok,2868.6616077423096,-3198.018253020011,0.9796794498416342,ok
6306,ok,2862.7795009613037,-3196.6955047165975,0.9785009688639846,ok
6307,ok,2856.9320406913757,-3195.1738515412435,0.9772972608532261,ok
6308,ok,2850.993640422821,-3193.8640522276983,0.9760763988692067,ok
6309,ok,2845.1003198623657,-3192.538307121955,0.9748255065177902,ok
6310,ok,2839.154582977295,-3191.10017030593,0.9735519332320102,ok
6311,ok,2833.2325954437256,-3189.7690059458837,0.9722607852126922,ok
6312,ok,2827.2782940864563,-3188.3435069834813,0.970949351537597,ok
6313,ok,2821.2443771362305,-3187.0397388255224,0.9696252348351407,ok
6314,ok,2815.1762266159058,-3185.5040766512975,0.9682916096909159,ok
6315,ok,2809.141272544861,-3184.155294946395,0.9669419644320318,ok
6316,ok,2803.09193611145,-3182.6915197884664,0.9655837259625893,ok
6317,ok,2797.014262676239,-3181.2137632882223,0.9642063484229717,ok
6318,ok,2790.9125847816467,-3179.742125085555,0.9628297407887082,ok
6319,ok,2784.800034046173,-3178.2872138535604,0.9614483014202407,ok
6320,ok,2778.64394903183,-3176.8060725247487,0.9600648270780229,ok
6321,ok,2772.46364068985,-3175.3352664029226,0.958689811556622,ok
6322,ok,2766.2865686416626,-3173.7966976678,0.9573083985097328,ok
6323,ok,2760.0794944763184,-3172.2905750786886,0.9559352050391916,ok
6324,ok,2753.86195230484,-3170.957891515456,0.9545581156265693,ok
6325,ok,2747.5997371673584,-3169.40498202201,0.9531832235747163,ok
6326,ok,2741.3204674720764,-3167.9582711970434,0.9518170221047731,ok
6327,ok,2735.008222103119,-3166.457940510474,0.9504491809384331,ok
6328,ok,2728.6772112846375,-3164.957072666846,0.9490934080854745,ok
6329,ok,2722.3201508522034,-3163.479806832038,0.9477402895809033,ok
6330,ok,2716.004008293152,-3161.894758633338,0.9464041970776683,ok
6331,ok,2709.6721539497375,-3160.5089116608724,0.9450806755868023,ok
6332,ok,2703.357511997223,-3159.007549098693,0.9437757526249879,ok
6333,ok,2697.0046620368958,-3157.4957879101858,0.9424886909745779,ok
6334,ok,2690.586630344391,-3156.025046995841,0.9412238936107119,ok
6335,ok,2684.172315597534,-3154.5004333769903,0.9399921266510332,ok
6336,ok,2677.7985668182373,-3152.788152388297,0.9387951595047939,ok
6337,ok,2671.412530899048,-3151.254789522849,0.9376485896163139,ok
6338,ok,2665.053458213806,-3149.613539508544,0.936566639477312,ok
6339,ok,2658.743836402893,-3148.0686774766073,0.9355569567451445,ok
6340,ok,2652.419753074646,-3146.4663508450612,0.9346119881343034,ok
6341,ok,2646.2164974212646,-3144.799071601592,0.9337495432861214,ok
6342,ok,2640.148229122162,-3143.1844590222463,0.9329618001770094,ok
6343,ok,2634.06804895401,-3141.579174092971,0.9322417058315052,ok
6344,ok,2628.1108961105347,-3139.7554574524984,0.931603947872011,ok
6345,ok,2622.1848587989807,-3138.0111505305395,0.9310375629512352,ok
6346,ok,2616.33393573761,-3136.093485764228,0.9305457929882673,ok
6347,ok,2610.4785833358765,-3134.2156667029485,0.930123854034127,ok
6348,ok,2604.712781906128,-3132.205820492469,0.930123854034127,deadzone
6349,ok,2598.79385137558,-3130.218780568801,0.930123854034127,deadzone
6350,ok,2592.882043361664,-3128.2116003548726,0.930123854034127,deadzone
6351,ok,2587.0648922920227,-3126.031459382735,0.930123854034127,deadzone
6352,ok,2581.2676544189453,-3123.8865409409627,0.930123854034127,deadzone
6353,ok,2575.6859135627747,-3121.514483026229,0.930123854034127,deadzone
6354,ok,2570.1380138397217,-3119.3072391068563,0.930123854034127,deadzone
6355,ok,2564.805815219879,-3116.854558995925,0.930123854034127,deadzone
6356,ok,2559.4463982582092,-3114.404393724166,0.930123854034127,deadzone
6357,ok,2554.1211371421814,-3111.944917491637,0.9300770352079517,ok
6358,ok,2548.7704739570618,-3109.408531001769,0.929994423660885,ok
6359,ok,2543.4720125198364,-3106.917931369506,0.9298821451115925,ok
6360,ok,2538.1762681007385,-3104.303553394042,0.9298821451115925,deadzone
6361,ok,2532.9187026023865,-3101.7579300915822,0.9298326670309756,ok
6362,ok,2527.6227192878723,-3099.100423148833,0.9298326670309756,deadzone
6363,ok,2522.3173937797546,-3096.393958381377,0.9297658177040593,ok
6364,ok,2517.0234928131104,-3093.7446227585897,0.9296642307866809,ok
6365,ok,2511.750774383545,-3090.9891148125753,0.9295265149055182,ok
6366,ok,2506.4841260910034,-3088.3342950856313,0.9293673965919826,ok
6367,ok,2501.281615257263,-3085.462093404494,0.9291936200795265,ok
6368,ok,2496.123754501343,-3082.6793110882863,0.928998846728766,ok
6369,ok,2490.9151463508606,-3079.9350684201345,0.9287912045003759,ok
6370,ok,2485.7736830711365,-3076.97466020938,0.9285713986830497,ok
6371,ok,2480.638957977295,-3074.072644523345,0.9283411053269385,ok
6372,ok,2475.542814731598,-3071.147216132842,0.9281004733390252,ok
6373,ok,2470.4836530685425,-3068.1986291920766,0.9278459551358397,ok
6374,ok,2465.453225135803,-3065.2108731782064,0.9275827471660092,ok
6375,ok,2460.4182381629944,-3062.0643871342763,0.9273033032796167,ok
6376,ok,2455.493350505829,-3058.9802957093343,0.9270155981367745,ok
6377,ok,2450.5612564086914,-3055.846042445861,0.92672516931461,ok
6378,ok,2445.696231365204,-3052.692577651702,0.9264299570692559,ok
6379,ok,2440.7384972572327,-3049.5243580853567,0.9261248674748653,ok
6380,ok,2435.9164328575134,-3046.250822356902,0.9258096923812948,ok
6381,ok,2431.046164035797,-3043.0488391434774,0.9254862967016958,ok
6382,ok,2426.304226875305,-3039.6957994019613,0.9251535221447366,ok
6383,ok,2421.524429321289,-3036.3730793511495,0.9248418473770559,ok
6384,ok,2416.7992100715637,-3033.0752425706014,0.9245270324228365,ok
6385,ok,2412.098156452179,-3029.696446469985,0.9242094353508943,ok
6386,ok,2407.41313123703,-3026.301263860427,0.9238925704129338,ok
6387,ok,2402.739357471466,-3022.9458401715383,0.9235769106372286,ok
6388,ok,2398.087730884552,-3019.523473075591,0.9232669551066661,ok
6389,ok,2393.46776676178,-3016.1065180813894,0.9229466997859499,ok
6390,ok,2388.879985332489,-3012.782310298644,0.9226331348631467,ok
6391,ok,2384.3490080833435,-3009.2804587399587,0.9223090414113088,ok
6392,ok,2379.7270040512085,-3005.896723321639,0.9219850082875549,ok
6393,ok,2375.184383869171,-3002.418287566863,0.9216660976236974,ok
6394,ok,2370.673616886139,-2998.9989755665883,0.9213403051381468,ok
6395,ok,2366.1724557876587,-2995.513389638625,0.9210214194553477,ok
6396,ok,2361.7136039733887,-2992.1069870507345,0.9207040802974124,ok
6397,ok,2357.2657108306885,-2988.625982812606,0.9204002325279349,ok
6398,ok,2352.851773738861,-2985.2594666993245,0.920088891681541,ok
6399,ok,2348.4172434806824,-2981.842317393981,0.9197770507820816,ok
6400,ok,2344.0240449905396,-2978.312965444289,0.9194592768468497,ok
6401,ok,2339.6683626174927,-2974.9113212144002,0.9191469235253562,ok
6402,ok,2335.2830805778503,-2971.5015442883596,0.9188340648684752,ok
6403,ok,2330.9202132225037,-2968.035411647521,0.9185168168570305,ok
6404,ok,2326.6184458732605,-2964.601320079528,0.9181947008622667,ok
6405,ok,2322.320704460144,-2961.2512255227193,0.9178729573442143,ok
6406,ok,2317.9590249061584,-2957.76793270465,0.9175578792145985,ok
6407,ok,2313.679292678833,-2954.4245386635885,0.917243855960053,ok
6408,ok,2309.393633365631,-2951.010056070052,0.9169289704626062,ok
6409,ok,2305.112320423126,-2947.6359282052144,0.9166174289796887,ok
6410,ok,2300.860514640808,-2944.3308198964223,0.9163086204299484,ok
6411,ok,2296.6704998016357,-2940.953728250228,0.9160061944782177,ok
6412,ok,2292.461103916168,-2937.52947192546,0.9156938504462815,ok
6413,ok,2288.2815823554993,-2934.222490123473,0.9153832330147764,ok
6414,ok,2284.1707425117493,-2930.859543136321,0.9150705564512581,ok
6415,ok,2280.019587993622,-2927.5108652627096,0.9147600597227182,ok
6416,ok,2275.860873222351,-2924.268477014266,0.9144459247303388,ok
6417,ok,2271.7467546463013,-2921.076811364852,0.914135919063778,ok
6418,ok,2267.605742454529,-2917.859837106429,0.9138221595880026,ok
6419,ok,2263.538182258606,-2914.602418950759,0.9134994291843449,ok
6420,ok,2259.531626701355,-2911.4697359120473,0.9131741587816288,ok
6421,ok,2255.490379333496,-2908.310141853057,0.9128412132955207,ok
6422,ok,2251.4489884376526,-2905.146689227782,0.9125009695706056,ok
6423,ok,2247.496215581894,-2901.997585109435,0.9121710705750512,ok
6424,ok,2243.463721513748,-2898.950834087096,0.9118289664830815,ok
6425,ok,2239.486345052719,-2895.852702668868,0.9114855785754208,ok
6426,ok,2235.512828350067,-2892.8733993088827,0.9111494511166409,ok
6427,ok,2231.5846054553986,-2889.8945344006643,0.910818704974247,ok
6428,ok,2227.6974005699158,-2886.9135981118307,0.9104833223533514,ok
6429,ok,2223.8237421512604,-2884.0633225953206,0.9101547281579716,ok
6430,ok,2219.932391166687,-2881.1755602872,0.9098300721656664,ok
6431,ok,2216.031042098999,-2878.417787364684,0.9094957099870287,ok
6432,ok,2212.1372509002686,-2875.6233206307516,0.9091571401218282,ok
6433,ok,2208.2654418945312,-2872.9377849614248,0.9088086318055414,ok
6434,ok,2204.45916891098,-2870.185454896651,0.9084557611035108,ok
6435,ok,2200.6452543735504,-2867.5384095227346,0.9080874888106661,ok
6436,ok,2196.7888011932373,-2864.918927005492,0.9077180063902393,ok
6437,ok,2192.91974067688,-2862.3445256268606,0.9073461154413777,ok
6438,ok,2189.0373227596283,-2859.7785051381215,0.9069687213666252,ok
6439,ok,2185.0799860954285,-2857.295740178786,0.906592998481645,ok
6440,ok,2181.0750727653503,-2854.816478780471,0.9062242439439141,ok
6441,ok,2177.0377559661865,-2852.4169130837545,0.9058575873710367,ok
6442,ok,2173.0092153549194,-2850.0191832100973,0.9055033380439261,ok
6443,ok,2168.9141154289246,-2847.6263609444723,0.9051474030956456,ok
6444,ok,2164.7895016670227,-2845.3999417340383,0.9047990942512335,ok
6445,ok,2160.5909128189087,-2843.075332215987,0.9044531418230628,ok
6446,ok,2156.357933998108,-2840.868309549056,0.9041121386661505,ok
6447,ok,2152.0992197990417,-2838.547777703963,0.9037843691686563,ok
6448,ok,2147.777825832367,-2836.3411150490865,0.9034621965462419,ok
6449,ok,2143.458909034729,-2834.2067435299978,0.903148194512808,ok
6450,ok,2139.0979413986206,-2832.0728366887197,0.9028354145116378,ok
6451,ok,2134.6865248680115,-2829.998338035308,0.9025145251830243,ok
6452,ok,2130.235559940338,-2827.866547874175,0.9021970814189262,ok
6453,ok,2125.7327675819397,-2825.8351882016286,0.9018806566058536,ok
6454,ok,2121.165867328644,-2823.8670198237523,0.901570158488158,ok
6455,ok,2116.611141681671,-2821.888957432471,0.9012537626299408,ok
6456,ok,2112.0295720100403,-2819.9760605609044,0.900933776208102,ok
6457,ok,2107.347076892853,-2818.0544782197103,0.9006028364761518,ok
6458,ok,2102.6332483291626,-2816.2296503102407,0.9002671810467606,ok
6459,ok,2097.9013085365295,-2814.403314760886,0.8999320004804864,ok
6460,ok,2093.14026927948,-2812.6151936566457,0.8995842731275954,ok
6461,ok,2088.314483642578,-2810.8675953662023,0.8992231849938223,ok
6462,ok,2083.505398273468,-2808.996430329047,0.8988536137433416,ok
6463,ok,2078.6117663383484,-2807.3944108998403,0.8984777318663673,ok
6464,ok,2073.7372694015503,-2805.72092180606,0.8981001806719183,ok
6465,ok,2068.858729362488,-2804.0831176554784,0.8977172488970917,ok
6466,ok,2063.8906388282776,-2802.488873056136,0.8973203180438896,ok
6467,ok,2058.9040608406067,-2800.8901651417837,0.8969236516570823,ok
6468,ok,2053.8880434036255,-2799.382058433257,0.8965178470909014,ok
6469,ok,2048.8419704437256,-2797.8376296078786,0.8961163055061171,ok
6470,ok,2043.7697176933289,-2796.3471299922094,0.8957081641654064,ok
6471,ok,2038.6231274604797,-2794.9111874615774,0.8952866551002201,ok
6472,ok,2033.494565486908,-2793.3820376908407,0.8948671593343052,ok
6473,ok,2028.3093090057373,-2792.0643070256338,0.8944419938697941,ok
6474,ok,2023.0899105072021,-2790.7144583975896,0.8940122179811979,ok
6475,ok,2017.9160656929016,-2789.2906512534246,0.8935757229578669,ok
6476,ok,2012.700490951538,-2787.989267400466,0.8931322207057764,ok
6477,ok,2007.4981837272644,-2786.6241552149877,0.8926739611932917,ok
6478,ok,2002.247561454773,-2785.355886391364,0.8922048502843027,ok
6479,ok,1996.9582810401917,-2783.9939491068944,0.8917242636424427,ok
6480,ok,1991.6971216201782,-2782.6995195662603,0.8912212148466988,ok
6481,ok,1986.406934261322,-2781.4608387267217,0.8907075121427771,ok
6482,ok,1981.1361417770386,-2780.1479824101552,0.8901781571758001,ok
6483,ok,1975.8769631385803,-2778.840676835738,0.8896308547858025,ok
6484,ok,1970.668231010437,-2777.664501599036,0.8890663216127304,ok
6485,ok,1965.4429020881653,-2776.4779588496312,0.888480841847148,ok
6486,ok,1960.2720212936401,-2775.2458545481786,0.8878720685391198,ok
6487,ok,1955.0682034492493,-2774.0489800488576,0.8872292258098363,ok
6488,ok,1949.903546333313,-2772.951862386428,0.8865626805429436,ok
6489,ok,1944.8032450675964,-2771.852348974906,0.8858762011188884,ok
6490,ok,1939.7325687408447,-2770.7239109789953,0.8851573827643975,ok
6491,ok,1934.7098236083984,-2769.6741258418187,0.8844106808400799,ok
6492,ok,1929.639434337616,-2768.5576934134588,0.8836310002276495,ok
6493,ok,1924.6467609405518,-2767.5817471062765,0.8828253494684207,ok
6494,ok,1919.623628616333,-2766.629714182578,0.8819950874594789,ok
6495,ok,1914.6511688232422,-2765.676431826316,0.8811442918545165,ok
6496,ok,1909.655930519104,-2764.7476262962446,0.88028262998834,ok
6497,ok,1904.7270135879517,-2763.880854359828,0.8794237137016632,ok
6498,ok,1899.8295550346375,-2762.9729642784223,0.878577716262076,ok
6499,ok,1895.0027947425842,-2762.2065309798345,0.8777700602837333,ok
6500,ok,1890.1754078865051,-2761.2973120724782,0.8770116990142316,ok
6501,ok,1885.4572277069092,-2760.5028493916616,0.8763067192039155,ok
6502,ok,1880.7344918251038,-2759.7375827943906,0.8756650678653849,ok
6503,ok,1876.1073956489563,-2758.965209356509,0.8750856744909576,ok
6504,ok,1871.561122894287,-2758.267088881694,0.874565223141804,ok
6505,ok,1867.0859150886536,-2757.6151060974225,0.8741180086986048,ok
6506,ok,1862.6959338188171,-2756.966955414973,0.8737313525699871,ok
6507,ok,1858.3544549942017,-2756.3746727621183,0.8737313525699871,deadzone
6508,ok,1853.9669589996338,-2755.7762157833204,0.8737313525699871,deadzone
6509,ok,1849.5960898399353,-2755.268983892165,0.8737313525699871,deadzone
6510,ok,1845.1678814888,-2754.74517058488,0.8737313525699871,deadzone
6511,ok,1840.7903199195862,-2754.3262345707044,0.8737313525699871,deadzone
6512,ok,1836.3337225914001,-2753.88801126834,0.8737313525699871,deadzone
6513,ok,1831.9661564826965,-2753.508511058055,0.8737313525699871,deadzone
6514,ok,1827.5487785339355,-2753.1304270541295,0.8737313525699871,deadzone
6515,ok,1823.1201581954956,-2752.7601956045255,0.8737313525699871,deadzone
6516,ok,1818.691813468933,-2752.4929114496335,0.8737313525699871,deadzone
6517,ok,1814.268322467804,-2752.1750543033704,0.8737313525699871,deadzone
6518,ok,1809.8130798339844,-2751.915091088973,0.8737313525699871,deadzone
6519,ok,1805.421416759491,-2751.6440793192014,0.8737313525699871,deadzone
6520,ok,1801.0398139953613,-2751.309077194892,0.8737313525699871,deadzone
6521,ok,1796.674026966095,-2751.112618676387,0.8737313525699871,deadzone
6522,ok,1792.2765836715698,-2750.9027572786435,0.8737313525699871,deadzone
6523,ok,1787.8652238845825,-2750.6981469905004,0.8737313525699871,deadzone
6524,ok,1783.5116982460022,-2750.5638146316633,0.8737313525699871,deadzone
6525,ok,1779.2265753746033,-2750.350227884017,0.8737313525699871,deadzone
6526,ok,1774.9365773200989,-2750.178502730094,0.8737313525699871,deadzone
6527,ok,1770.6320033073425,-2750.044682136737,0.873782780068517,ok
6528,ok,1766.3615922927856,-2749.943852833472,0.8738770508572443,ok
6529,ok,1762.089951992035,-2749.879884473048,0.8740048011174363,ok
6530,ok,1757.855800151825,-2749.911325803958,0.8741616493882085,ok
6531,ok,1753.6792831420898,-2749.965583256446,0.8743459612538276,ok
6532,ok,1749.4997596740723,-2750.00707720872,0.8745471566770427,ok
6533,ok,1745.330774307251,-2750.1265255128965,0.8747684862454925,ok
6534,ok,1741.2102932929993,-2750.2579448139295,0.8749976612289,ok
6535,ok,1737.1312351226807,-2750.5254089748487,0.8752502458990148,ok
6536,ok,1733.0506811141968,-2750.6828871285543,0.8755084496289365,ok
6537,ok,1728.9555978775024,-2750.945507816039,0.8757826636371646,ok
6538,ok,1724.9300608634949,-2751.2169758593664,0.876063224667467,ok
6539,ok,1720.907199382782,-2751.5126460706815,0.8763498506740152,ok
6540,ok,1716.8317079544067,-2751.7910305177793,0.8766432393329305,ok
6541,ok,1712.7974915504456,-2752.1255811965093,0.8769456176650897,ok
6542,ok,1708.7738037109375,-2752.425417295657,0.8772564136883455,ok
6543,ok,1704.8190104961395,-2752.7259346758947,0.8775676712286766,ok
6544,ok,1700.8587651252747,-2753.1470348155126,0.877885092379083,ok
6545,ok,1696.9124839305878,-2753.5591296469793,0.8782019046870873,ok
6546,ok,1692.9888920783997,-2753.962753883563,0.8785130128413154,ok
6547,ok,1689.1308267116547,-2754.4864829098806,0.8788220795941243,ok
6548,ok,1685.2658960819244,-2754.978845528327,0.8791254250002022,ok
6549,ok,1681.4067101478577,-2755.502996972762,0.8794130110911306,ok
6550,ok,1677.6210963726044,-2756.065554848872,0.8796888601602413,ok
6551,ok,1673.7781970500946,-2756.681897393428,0.8799469721193974,ok
6552,ok,1670.0430846214294,-2757.29570852872,0.880198372681622,ok
6553,ok,1666.293028831482,-2757.877931228839,0.8804320647491294,ok
6554,ok,1662.529457807541,-2758.5376088535413,0.8806640471278442,ok
6555,ok,1658.8125817775726,-2759.1452384507284,0.8808908093904275,ok
6556,ok,1655.1138274669647,-2759.8337869560346,0.8811138452542783,ok
6557,ok,1651.3472394943237,-2760.5785962855443,0.8813382273913629,ok
6558,ok,1647.6696605682373,-2761.238769046031,0.8815722973169703,ok
6559,ok,1644.0389652252197,-2761.94128256198,0.8818107426842714,ok
6560,ok,1640.4526345729828,-2762.7217101370916,0.88206047472741,ok
6561,ok,1636.8761627674103,-2763.449824503623,0.8823067573506964,ok
6562,ok,1633.3033261299133,-2764.2416896140203,0.8825607359701636,ok
6563,ok,1629.7597658634186,-2765.0794939314947,0.8828210333706542,ok
6564,ok,1626.222601890564,-2765.8956594383344,0.883088107540082,ok
6565,ok,1622.6720337867737,-2766.6427556192502,0.883361227748627,ok
6566,ok,1619.231283903122,-2767.5455952798948,0.8836323303456145,ok
6567,ok,1615.704742193222,-2768.392337671481,0.8839072229121422,ok
6568,ok,1612.233370065689,-2769.294531754218,0.8841879165764166,ok
6569,ok,1608.7519834041595,-2770.2038088953122,0.8844696746453027,ok
6570,ok,1605.2791635990143,-2771.157336465083,0.8847599339266708,ok
6571,ok,1601.7941009998322,-2772.076912692748,0.8850553590445586,ok
6572,ok,1598.3221402168274,-2773.02198742982,0.8853649123680233,ok
6573,ok,1594.844512462616,-2774.017377427779,0.8856817979717332,ok
6574,ok,1591.3825883865356,-2774.972650400363,0.8860272612928405,ok
6575,ok,1587.8602850437164,-2775.9344960367307,0.8863958636191871,ok
6576,ok,1584.4478213787079,-2776.9587889825925,0.8867949085087546,ok
6577,ok,1581.0313682556152,-2777.9006068622693,0.8872277724178527,ok
6578,ok,1577.6511898040771,-2778.9583909427747,0.8876969077697011,ok
6579,ok,1574.2824280261993,-2779.9976031696424,0.8882014794107779,ok
6580,ok,1570.933601140976,-2781.0815472519025,0.8887404294120979,ok
6581,ok,1567.6195764541626,-2782.1851563369855,0.889312979344673,ok
6582,ok,1564.2843520641327,-2783.3633924638852,0.8899152249446153,ok
6583,ok,1560.9686923027039,-2784.4982746755704,0.8905538264648261,ok
6584,ok,1557.7189519405365,-2785.7392361080274,0.891217846639586,ok
6585,ok,1554.4146230220795,-2786.906130067073,0.8919142457979827,ok
6586,ok,1551.1179556846619,-2788.12667595502,0.8926383742631365,ok
6587,ok,1547.8613321781158,-2789.4244499122724,0.8933884851424788,ok
6588,ok,1544.5817353725433,-2790.731616965495,0.8941528749525892,ok
6589,ok,1541.2908606529236,-2792.0339032327756,0.8949255554271417,ok
6590,ok,1538.0669877529144,-2793.3594068204984,0.895702074823349,ok
6591,ok,1534.8146510124207,-2794.770755521022,0.8964796245369028,ok
6592,ok,1531.5573103427887,-2796.1702508842573,0.8972595905625546,ok
6593,ok,1528.3160064220428,-2797.620440355502,0.8980255877256229,ok
6594,ok,1525.0802278518677,-2799.1107832109556,0.8987825419411939,ok
6595,ok,1521.885972738266,-2800.6366815483198,0.8995293127981475,ok
6596,ok,1518.6734766960144,-2802.1329008257017,0.90024977216812,ok
6597,ok,1515.460616350174,-2803.708757034503,0.9009514829996306,ok
6598,ok,1512.2200152873993,-2805.2631137287244,0.9016343670294119,ok
6599,ok,1509.0359091758728,-2806.8955659782514,0.9022963605449333,ok
6600,ok,1505.8131663799286,-2808.55022381898,0.9029455717722994,ok
6601,ok,1502.5883009433746,-2810.205350152217,0.9035780282615232,ok
6602,ok,1499.4233844280243,-2812.0009924089536,0.9042092836859303,ok
6603,ok,1496.1740188598633,-2813.711510053836,0.9048184952786504,ok
6604,ok,1492.99183177948,-2815.5002002632245,0.9054087512059098,ok
6605,ok,1489.8191466331482,-2817.324623814784,0.9059934027786175,ok
6606,ok,1486.6648936271667,-2819.1724812900648,0.906562495090702,ok
6607,ok,1483.5378036499023,-2821.08926617261,0.9071333855574971,ok
6608,ok,1480.458884716034,-2823.015125147067,0.9076850890223044,ok
6609,ok,1477.3757758140564,-2825.0045510446653,0.908240882456235,ok
6610,ok,1474.4191253185272,-2827.0144780790433,0.9087957097020336,ok
6611,ok,1471.4464263916016,-2829.0463255560026,0.9093440828278668,ok
6612,ok,1468.5020666122437,-2831.106909624301,0.9098943543611333,ok
6613,ok,1465.5968565940857,-2833.1916016256437,0.9104373468475132,ok
6614,ok,1462.6847586631775,-2835.3756884252653,0.910974961218703,ok
6615,ok,1459.7989749908447,-2837.601585022174,0.9115101489259224,ok
6616,ok,1456.9311542510986,-2839.8169938242063,0.9120334061876669,ok
6617,ok,1454.1034653186798,-2842.082259288989,0.9125520322891724,ok
6618,ok,1451.3141515254974,-2844.3805380975828,0.9130741485759765,ok
6619,ok,1448.459025144577,-2846.657274357043,0.9135922555306747,ok
6620,ok,1445.6181437969208,-2849.0697156107053,0.9141087978229946,ok
6621,ok,1442.8154447078705,-2851.514214864932,0.9146373247738542,ok
6622,ok,1440.0483281612396,-2854.01158081647,0.9151686867837853,ok
6623,ok,1437.2632422447205,-2856.519773355685,0.915702115757839,ok
6624,ok,1434.54083776474,-2859.072281233035,0.9162436165224002,ok
6625,ok,1431.7830646038055,-2861.652138344012,0.9167924518482072,ok
6626,ok,1429.1380248069763,-2864.3377042924985,0.9173392876812977,ok
6627,ok,1426.425662279129,-2867.023987880908,0.917891074232519,ok
6628,ok,1423.750779390335,-2869.764294258319,0.9184404101011064,ok
6629,ok,1421.1062939167023,-2872.568925491534,0.9190087875497215,ok
6630,ok,1418.4363942146301,-2875.3590313112363,0.9195830710036693,ok
6631,ok,1415.942613363266,-2878.2634080564603,0.9201620311136073,ok
6632,ok,1413.3530778884888,-2881.100525728427,0.9207504967532664,ok
6633,ok,1410.7272973060608,-2883.985234132968,0.9213494861149467,ok
6634,ok,1408.261293888092,-2886.886721245013,0.9219592511218876,ok
6635,ok,1405.8066232204437,-2889.88390957471,0.9225752392878858,ok
6636,ok,1403.3966875076294,-2892.9498435175046,0.9232119810760986,ok
6637,ok,1400.9892451763153,-2895.982964864932,0.9238624858806543,ok
6638,ok,1398.6007335186005,-2899.1067613279447,0.9245309799828123,ok
6639,ok,1396.3085765838623,-2902.211787573062,0.9252166205896603,ok
6640,ok,1393.9946789741516,-2905.3377519762143,0.9259064566787443,ok
6641,ok,1391.7175874710083,-2908.49022232648,0.926615706998311,ok
6642,ok,1389.5284628868103,-2911.7192054903135,0.9273288497864446,ok
6643,ok,1387.3830687999725,-2914.9263659631833,0.9280647302341266,ok
6644,ok,1385.2937161922455,-2918.1847170507535,0.9288081783095564,ok
6645,ok,1383.3354095220566,-2921.5199855482206,0.9295812529597375,ok
6646,ok,1381.2699316740036,-2924.8459857618436,0.9303774765859629,ok
6647,ok,1379.2722418308258,-2928.184958091937,0.9311871733289437,ok
6648,ok,1377.2570657730103,-2931.5644553815946,0.9320199882308674,ok
6649,ok,1375.270666360855,-2934.9091962492093,0.9328655809801794,ok
6650,ok,1373.374561548233,-2938.332115522586,0.9337306403329653,ok
6651,ok,1371.5807173252106,-2941.7635513460264,0.9346053879113897,ok
6652,ok,1369.7769272327423,-2945.2332841074094,0.9354977217068601,ok
6653,ok,1367.9333852529526,-2948.6796971475706,0.9364027520312238,ok
6654,ok,1366.1947975158691,-2952.2124663507566,0.9373260132792303,ok
6655,ok,1364.4388488531113,-2955.711007944308,0.9382662867231255,ok
6656,ok,1362.7397401332855,-2959.245185962878,0.939227821884014,ok
6657,ok,1361.0999677181244,-2962.849741808139,0.9402137646505424,ok
6658,ok,1359.4011030197144,-2966.376296392642,0.941229889491589,ok
6659,ok,1357.8337470293045,-2969.917057625018,0.9422763954663418,ok
6660,ok,1356.2955907583237,-2973.5329545652494,0.9433638678269028,ok
6661,ok,1354.7586640119553,-2977.1154798185453,0.9444939491847991,ok
6662,ok,1353.2607227563858,-2980.6667016660795,0.9456564992815908,ok
6663,ok,1351.8699415922165,-2984.329274765216,0.9468596283341612,ok
6664,ok,1350.4466729164124,-2987.9188734209165,0.9480948303575198,ok
6665,ok,1349.1187098026276,-2991.50687586423,0.9493748580793605,ok
6666,ok,1347.8258464336395,-2995.0784281408414,0.9506924085275407,ok
6667,ok,1346.6997134685516,-2998.634274831973,0.9520478960021621,ok
6668,ok,1345.5806963443756,-3002.2138503706083,0.9534351338176461,ok
6669,ok,1344.4740931987762,-3005.7825947916135,0.9548537624820573,ok
6670,ok,1343.4655711650848,-3009.37676655408,0.9562939126456166,ok
6671,ok,1342.3834297657013,-3013.0002385294065,0.9577517005815686,ok
6672,ok,1341.3576864004135,-3016.7054463541135,0.959235340333795,ok
6673,ok,1340.3181213140488,-3020.4476269399747,0.9607381749172847,ok
6674,ok,1339.2609812021255,-3024.1935304319486,0.9622660209274546,ok
6675,ok,1338.2758367061615,-3027.9970687543973,0.9638063035839406,ok
6676,ok,1337.278552889824,-3031.840408197604,0.9653747015579386,ok
6677,ok,1336.3650211691856,-3035.727192274295,0.9669554158168191,ok
6678,ok,1335.5129779577255,-3039.6059745466337,0.9685490243345419,ok
6679,ok,1334.6500643491745,-3043.5246339952573,0.9701589048167671,ok
6680,ok,1333.892170906067,-3047.3935495531186,0.9717798746989069,ok
6681,ok,1333.1174094676971,-3051.2714866315946,0.9734102499136912,ok
6682,ok,1332.4500505328178,-3055.1618398344144,0.9750497858289274,ok
6683,ok,1331.7133224606514,-3059.0266472017393,0.9766910765741362,ok
6684,ok,1331.1185500621796,-3062.932640663348,0.9783319033623956,ok
6685,ok,1330.5041680932045,-3066.7984825288877,0.9799814186349667,ok
6686,ok,1329.931453883648,-3070.7218271410093,0.9816267747700093,ok
6687,ok,1329.3774168491364,-3074.6058143293485,0.9832727757241825,ok
6688,ok,1328.904701948166,-3078.5001174127683,0.9849211330790831,ok
6689,ok,1328.4332008063793,-3082.3812163984403,0.9865757867927631,ok
6690,ok,1327.9334039092064,-3086.313805929385,0.988236549246444,ok
6691,ok,1327.522149026394,-3090.1737385904416,0.989902797607216,ok
6692,ok,1327.1330902576447,-3094.0838020956144,0.9915825754879748,ok
6693,ok,1326.8076818585396,-3097.9904526388273,0.9932738045939781,ok
6694,ok,1326.547802746296,-3101.816326252185,0.9949796730700428,ok
6695,ok,1326.2751625180244,-3105.7004734193906,0.9966979957211779,ok
6696,ok,1326.0413774102926,-3109.567612520419,0.9984277870484235,ok
6697,ok,1325.8541014492512,-3113.448550096713,1.0001728432420216,ok
6698,ok,1325.6340208351612,-3117.3766683256254,1.0019304980110193,ok
6699,ok,1325.5287764668465,-3121.381471983157,1.0037034235964704,ok
6700,ok,1325.4164745509624,-3125.4135345136747,1.0054932356647754,ok
6701,ok,1325.3023239076138,-3129.455228677951,1.0073009360679885,ok
6702,ok,1325.2583665847778,-3133.482696882449,1.0091373192172364,ok
6703,ok,1325.225892931223,-3137.523866525851,1.0109929831587814,ok
6704,ok,1325.2329930365086,-3141.624400011264,1.0128712771361366,ok
6705,ok,1325.146407455206,-3145.8568876897916,1.0147732434908758,ok
6706,ok,1325.1303292810917,-3150.118589750491,1.0166960790534807,ok
6707,ok,1325.2096863985062,-3154.29344832059,1.0186435135797274,ok
6708,ok,1325.1788112521172,-3158.5449246084318,1.0206115310343178,ok
6709,ok,1325.313107430935,-3162.813030592166,1.0226063671086818,ok
6710,ok,1325.3567748069763,-3167.146756044589,1.0246239369256473,ok
6711,ok,1325.4941403865814,-3171.4544924413785,1.0266596766854175,ok
6712,ok,1325.6063391566277,-3175.7779058134183,1.0286952899631165,ok
6713,ok,1325.7468158006668,-3180.0699800169095,1.0307173895330666,ok
6714,ok,1325.9267792105675,-3184.2763417875394,1.032709493262208,ok
6715,ok,1326.1155499219894,-3188.436086527072,1.0346468414580994,ok
6716,ok,1326.3480201363564,-3192.604471079074,1.0365134992124119,ok
6717,ok,1326.623654782772,-3196.834834448062,1.0383129536969447,ok
6718,ok,1327.0649314522743,-3201.0150784170255,1.0400433788177283,ok
6719,ok,1327.3937379419804,-3205.2370475446805,1.041694689367042,ok
6720,ok,1327.856150507927,-3209.5022109663114,1.0432743549966137,ok
6721,ok,1328.2422636151314,-3213.756662241183,1.0447647826059165,ok
6722,ok,1328.6948391199112,-3218.003201833926,1.0461595434556643,ok
6723,ok,1329.1199642121792,-3222.2991369878873,1.0474588653285903,ok
6724,ok,1329.575605303049,-3226.589473119937,1.048650385925333,ok
6725,ok,1330.073405444622,-3230.905587068759,1.0497371492265408,ok
6726,ok,1330.529341518879,-3235.256226888858,1.0507233881799394,ok
6727,ok,1331.1926762461662,-3239.632390371524,1.0515978108369017,ok
6728,ok,1331.7337817549706,-3243.9944437658414,1.052364959274323,ok
6729,ok,1332.3021272420883,-3248.3911245977506,1.0530290079475597,ok
6730,ok,1332.9330580234528,-3252.872953764163,1.0536059349019173,ok
6731,ok,1333.5153576731682,-3257.354613653384,1.054094938009102,ok
6732,ok,1334.07674741745,-3261.936267248355,1.054094938009102,deadzone
6733,ok,1334.6373514533043,-3266.6518787061796,1.054094938009102,deadzone
6734,ok,1335.2519899010658,-3271.425425401889,1.054094938009102,deadzone
6735,ok,1335.852874159813,-3276.2384451543912,1.054094938009102,deadzone
6736,ok,1336.4916560053825,-3281.040723673068,1.054094938009102,deadzone
6737,ok,1337.127712070942,-3285.9430507337674,1.054094938009102,deadzone
6738,ok,1337.7877135276794,-3290.806758753024,1.054094938009102,deadzone
6739,ok,1338.4884542226791,-3295.685957304202,1.054094938009102,deadzone
6740,ok,1339.2140501141548,-3300.62193571683,1.054094938009102,deadzone
6741,ok,1340.0799035429955,-3305.5611208593473,1.054094938009102,deadzone
6742,ok,1340.935789823532,-3310.4914816534147,1.054094938009102,deadzone
6743,ok,1341.9001241326332,-3315.509612432681,1.054094938009102,deadzone
6744,ok,1342.9334471821785,-3320.553787103854,1.054094938009102,deadzone
6745,ok,1344.2144814133644,-3325.689218870364,1.054094938009102,deadzone
6746,ok,1345.3061673045158,-3330.9804948484525,1.054094938009102,deadzone
6747,ok,1346.4808850884438,-3336.376904836856,1.054094938009102,deadzone
6748,ok,1347.7716482281685,-3341.775809637271,1.054094938009102,deadzone
6749,ok,1349.0952178835869,-3347.266632429324,1.054094938009102,deadzone
6750,ok,1350.377870976925,-3352.807958475314,1.054094938009102,deadzone
6751,ok,1351.8183887600899,-3358.296208730899,1.054094938009102,deadzone
6752,ok,1353.168203651905,-3363.755241266452,1.054094938009102,deadzone
6753,ok,1354.6647074818611,-3369.1780775701627,1.054094938009102,deadzone
6754,ok,1356.2331057190895,-3374.496401659213,1.054094938009102,deadzone
6755,ok,1357.8630120158195,-3379.849043241702,1.054094938009102,deadzone
6756,ok,1359.5420261025429,-3385.10635601636,1.054094938009102,deadzone
6757,ok,1361.229142487049,-3390.2741140043363,1.054094938009102,deadzone
6758,ok,1363.101265490055,-3395.382227770053,1.054094938009102,deadzone
6759,ok,1364.9519249796867,-3400.4909242307767,1.054094938009102,deadzone
6760,ok,1366.8348012566566,-3405.477494112216,1.054094938009102,deadzone
6761,ok,1368.861940920353,-3410.4347590124235,1.054094938009102,deadzone
6762,ok,1370.816416323185,-3415.3297308599576,1.054094938009102,deadzone
6763,ok,1372.8932767510414,-3420.1905492460355,1.054094938009102,deadzone
6764,ok,1374.9982081055641,-3424.957811704837,1.054094938009102,deadzone
6765,ok,1377.1740699410439,-3429.629711500369,1.054094938009102,deadzone
6766,ok,1379.227728664875,-3434.2436603223905,1.054094938009102,deadzone
6767,ok,1381.326623737812,-3438.7173589384183,1.054094938009102,deadzone
6768,ok,1383.5115397572517,-3442.806753030978,1.054094938009102,deadzone
6769,ok,1385.583851635456,-3446.931414476596,1.054094938009102,deadzone
6770,ok,1388.0019641518593,-3450.9802988683805,1.054094938009102,deadzone
6771,ok,1390.3434951901436,-3455.032745233737,1.054094938009102,deadzone
6772,ok,1392.8460426926613,-3459.1600202238187,1.054094938009102,deadzone
6773,ok,1395.3659692406654,-3463.213876596652,1.054094938009102,deadzone
6774,ok,1397.960827410221,-3467.24776636716,1.054094938009102,deadzone
6775,ok,1400.6756787896156,-3471.2730754530057,1.0541537626788757,ok
6776,ok,1403.343677341938,-3475.3077219640836,1.0542642920059544,ok
6777,ok,1406.1563389897346,-3479.3098701154813,1.0544303650695037,ok
6778,ok,1409.0131822228432,-3483.330744615756,1.054657126135023,ok
6779,ok,1411.8394106030464,-3487.3281551515684,1.054943064787269,ok
6780,ok,1414.7216997742653,-3491.2989896452054,1.0552834626674648,ok
6781,ok,1417.6219199299812,-3495.2121480619535,1.0556702018538542,ok
6782,ok,1420.5477045178413,-3499.127632013522,1.0560918271972224,ok
6783,ok,1423.4601147770882,-3503.045301071368,1.056548576944051,ok
6784,ok,1426.456831753254,-3506.98028051015,1.057031381097291,ok
6785,ok,1429.4136570096016,-3510.9606729662046,1.0575339253104412,ok
6786,ok,1432.457651436329,-3514.8321293508634,1.058044173720746,ok
6787,ok,1435.4821749329567,-3518.81177651044,1.0585612044451085,ok
6788,ok,1438.5178871750832,-3522.8358796751127,1.0590772972211862,ok
6789,ok,1441.6628406643867,-3526.8300114786252,1.0595970639524517,ok
6790,ok,1444.7725966572762,-3530.854672542773,1.0601119494329443,ok
6791,ok,1447.826022207737,-3534.9391981279477,1.060621836957292,ok
6792,ok,1451.0352521538734,-3539.0335436975583,1.0611252647658647,ok
6793,ok,1454.1319873929024,-3543.1164914285764,1.0616181530579873,ok
6794,ok,1457.3733106255531,-3547.212245098315,1.0621064853013558,ok
6795,ok,1460.4899659752846,-3551.348676792346,1.0625836576619163,ok
6796,ok,1463.7293086647987,-3555.4844862138852,1.0630559981524865,ok
6797,ok,1466.9837668538094,-3559.587160698138,1.063525552572928,ok
6798,ok,1470.1966798901558,-3563.760267845355,1.0639865076944275,ok
6799,ok,1473.3949907422066,-3567.9593459283933,1.0644398845439715,ok
6800,ok,1476.7411664128304,-3572.0260535394773,1.0648923509648918,ok
6801,ok,1479.9984605908394,-3576.2051902925596,1.0653319287338099,ok
6802,ok,1483.2612636685371,-3580.3813925897703,1.0657723304546929,ok
6803,ok,1486.4989443421364,-3584.5414253389463,1.0662004879087905,ok
6804,ok,1489.844434082508,-3588.656257740222,1.0666206763737014,ok
6805,ok,1493.1217134594917,-3592.819060913287,1.0670355670255471,ok
6806,ok,1496.4377852082253,-3596.9233919298276,1.0674432527333737,ok
6807,ok,1499.7968733906746,-3600.9710417902097,1.0678493991120268,ok
6808,ok,1503.009764969349,-3605.1120663797483,1.0682413125409125,ok
6809,ok,1506.3862572312355,-3609.252078167163,1.0686263488295844,ok
6810,ok,1509.7723138928413,-3613.4298635637388,1.06900112662344,ok
6811,ok,1513.0813143849373,-3617.638121715747,1.0693743692104296,ok
6812,ok,1516.5205634236336,-3621.770567527972,1.069739892809871,ok
6813,ok,1519.9368720650673,-3625.933634868823,1.0701003425748157,ok
6814,ok,1523.349104464054,-3630.152448765002,1.070460203264319,ok
6815,ok,1526.7372363209724,-3634.288009277545,1.0708205338486736,ok
6816,ok,1530.1463044285774,-3638.490040889941,1.071178486801173,ok
6817,ok,1533.5237694382668,-3642.6620618021116,1.0715330816545159,ok
6818,ok,1536.9820237755775,-3646.7967435037717,1.0718898136858206,ok
6819,ok,1540.4427571892738,-3650.91574012395,1.0722455018828905,ok
6820,ok,1543.8764711022377,-3655.1231986200437,1.0725943196793313,ok
6821,ok,1547.398181259632,-3659.319606414996,1.0729414558492016,ok
6822,ok,1550.8050182461739,-3663.5737162744626,1.0732885656706002,ok
6823,ok,1554.2659748196602,-3667.818172088824,1.0736362573198928,ok
6824,ok,1557.7412348389626,-3672.056260219775,1.073979999475184,ok
6825,ok,1561.245335161686,-3676.3221431886777,1.0743276699244642,ok
6826,ok,1564.7307415604591,-3680.5473819887266,1.0746738263332585,ok
6827,ok,1568.2057431340218,-3684.7691785013303,1.0750300865829545,ok
6828,ok,1571.6574648022652,-3688.9885564958677,1.0753774794383713,ok
6829,ok,1575.1659258008003,-3693.1922393953428,1.0757299744557534,ok
6830,ok,1578.6254702210426,-3697.4468322908506,1.0760784631103582,ok
6831,ok,1582.1647830605507,-3701.6234656488523,1.0764241273693225,ok
6832,ok,1585.64691478014,-3705.8931447183713,1.076769322763564,ok
6833,ok,1589.1734259724617,-3710.1101809656247,1.0770965040668057,ok
6834,ok,1592.6868312954903,-3714.300804249011,1.0774104813669518,ok
6835,ok,1596.1610487103462,-3718.569470993243,1.0777016275935891,ok
6836,ok,1599.7733736634254,-3722.681172004901,1.0779837585640857,ok
6837,ok,1603.0405581593513,-3726.9218116914853,1.0779837585640857,deadzone
6838,ok,1606.7020030617714,-3730.9680267488584,1.0779837585640857,deadzone
6839,ok,1610.1196084618568,-3735.2537861978635,1.0779837585640857,deadzone
6840,ok,1613.746329843998,-3739.492819420062,1.0779837585640857,deadzone
6841,ok,1617.2185342907906,-3743.7651349222288,1.0779837585640857,deadzone
6842,ok,1620.7460866570473,-3748.069780937396,1.0779837585640857,deadzone
6843,ok,1624.3168860077858,-3752.2992015993223,1.0779837585640857,deadzone
6844,ok,1627.930995285511,-3756.655404678546,1.0779837585640857,deadzone
6845,ok,1631.5690918564796,-3760.9804216539487,1.0779837585640857,deadzone
6846,ok,1635.16418749094,-3765.4054390108213,1.0779837585640857,deadzone
6847,ok,1638.7801187634468,-3769.8355318224058,1.0779837585640857,deadzone
6848,ok,1642.4597213864326,-3774.1615258371457,1.0779837585640857,deadzone
6849,ok,1646.0824788212776,-3778.5773183023557,1.0779837585640857,deadzone
6850,ok,1649.7158380150795,-3783.0544258272275,1.0779837585640857,deadzone
6851,ok,1653.4190736413002,-3787.3878437196836,1.0779837585640857,deadzone
6852,ok,1657.08459430933,-3791.843302360736,1.0779837585640857,deadzone
6853,ok,1660.75016528368,-3796.2185150301084,1.0779837585640857,deadzone
6854,ok,1664.4026091694832,-3800.6256967699155,1.0779837585640857,deadzone
6855,ok,1668.0669856667519,-3804.989811054431,1.0779837585640857,deadzone
6856,ok,1671.6815829873085,-3809.382633796893,1.0779837585640857,deadzone
6857,ok,1675.3582828640938,-3813.736911407672,1.0779837585640857,deadzone
6858,ok,1679.0028558373451,-3818.09981881734,1.0779837585640857,deadzone
6859,ok,1682.5997200608253,-3822.5236073648557,1.0779837585640857,deadzone
6860,ok,1686.2157412171364,-3826.895175090991,1.0779837585640857,deadzone
6861,ok,1689.8657656311989,-3831.2699805414304,1.0779837585640857,deadzone
6862,ok,1693.4933906197548,-3835.594122997485,1.0779837585640857,deadzone
6863,ok,1697.096293747425,-3839.8805133020505,1.0779837585640857,deadzone
6864,ok,1700.6578481793404,-3844.2170497095212,1.0779837585640857,deadzone
6865,ok,1704.2779136300087,-3848.452078453265,1.0779837585640857,deadzone
6866,ok,1707.7999711632729,-3852.7396980440244,1.0779837585640857,deadzone
6867,ok,1711.3932071328163,-3856.913844696246,1.0779837585640857,deadzone
6868,ok,1714.8393848538399,-3861.137546173297,1.0779837585640857,deadzone
6869,ok,1718.3971262574196,-3865.2724639093503,1.0779837585640857,deadzone
6870,ok,1721.8539095520973,-3869.4615775262937,1.0779837585640857,deadzone
6871,ok,1725.3479247689247,-3873.5842925226316,1.0779837585640857,deadzone
6872,ok,1728.779115974903,-3877.728050342761,1.0779837585640857,deadzone
6873,ok,1732.246759235859,-3881.873287311755,1.0779837585640857,deadzone
6874,ok,1735.6518483757973,-3885.9762488519773,1.0779837585640857,deadzone
6875,ok,1739.0763562321663,-3890.0254546320066,1.0779837585640857,deadzone
6876,ok,1742.446870148182,-3894.1219445383176,1.0779837585640857,deadzone
6877,ok,1745.828536093235,-3898.157776943408,1.0779837585640857,deadzone
6878,ok,1749.1654890179634,-3902.17963515874,1.0779837585640857,deadzone
6879,ok,1752.505729496479,-3906.2019463693723,1.0779837585640857,deadzone
6880,ok,1755.8401907086372,-3910.218562236987,1.0779837585640857,deadzone
6881,ok,1759.0830228924751,-3914.2097026025876,1.0779837585640857,deadzone
6882,ok,1762.4090471863747,-3918.131212106906,1.0779837585640857,deadzone
6883,ok,1765.6931386590004,-3922.0807086145505,1.0779837585640857,deadzone
6884,ok,1768.9231014847755,-3926.0737281953916,1.0779837585640857,deadzone
6885,ok,1772.21110612154,-3929.9706374322996,1.0779837585640857,deadzone
6886,ok,1775.434619963169,-3933.852476469241,1.0779837585640857,deadzone
6887,ok,1778.6533918976784,-3937.7150584375486,1.0779837585640857,deadzone
6888,ok,1781.856988966465,-3941.5939601575956,1.0779837585640857,deadzone
6889,ok,1785.1129787564278,-3945.4298030054197,1.0779837585640857,deadzone
6890,ok,1788.270739376545,-3949.237484089099,1.0779837585640857,deadzone
6891,ok,1791.5033908486366,-3953.005578628741,1.0779837585640857,deadzone
6892,ok,1794.6372628808022,-3956.805022112094,1.0779837585640857,deadzone
6893,ok,1797.8360090851784,-3960.459885946475,1.0779837585640857,deadzone
6894,ok,1800.9303842186928,-3964.2570439493284,1.0779837585640857,deadzone
6895,ok,1804.1306610703468,-3967.9252663766965,1.0779837585640857,deadzone
6896,ok,1807.208120405674,-3971.67990194913,1.0779837585640857,deadzone
6897,ok,1810.3248968720436,-3975.335795751773,1.0779837585640857,deadzone
6898,ok,1813.3051849007607,-3979.088858953677,1.0779837585640857,deadzone
6899,ok,1816.490930378437,-3982.7109018480405,1.0779837585640857,deadzone
6900,ok,1819.5816372036934,-3986.3595002805814,1.0779837585640857,deadzone
6901,ok,1822.6316068768501,-3990.054705492221,1.0779837585640857,deadzone
6902,ok,1825.6823089718819,-3993.617686859332,1.0779837585640857,deadzone
6903,ok,1828.7922578454018,-3997.1981793558225,1.0779837585640857,deadzone
6904,ok,1831.762482702732,-4000.8487359201536,1.0779837585640857,deadzone
6905,ok,1834.8492463231087,-4004.4405063306913,1.0779837585640857,deadzone
6906,ok,1837.7831850647926,-4008.071167103015,1.0779837585640857,deadzone
6907,ok,1840.8526974320412,-4011.6282032644376,1.0779837585640857,deadzone
6908,ok,1843.8095176815987,-4015.1656457101926,1.0779837585640857,deadzone
6909,ok,1846.768790781498,-4018.724751344882,1.0779837585640857,deadzone
6910,ok,1849.8063548207283,-4022.2644094144925,1.0779837585640857,deadzone
6911,ok,1852.7662125229836,-4025.7954929983243,1.0779837585640857,deadzone
6912,ok,1855.7142205834389,-4029.318344465457,1.0779837585640857,deadzone
6913,ok,1858.6900320649147,-4032.8289459859952,1.0779837585640857,deadzone
6914,ok,1861.6291504502296,-4036.277369610034,1.0779837585640857,deadzone
6915,ok,1864.6066370606422,-4039.7332359468564,1.0779837585640857,deadzone
6916,ok,1867.5125220417976,-4043.168315283023,1.0779837585640857,deadzone
6917,ok,1870.441521704197,-4046.6130422269925,1.0779837585640857,deadzone
6918,ok,1873.357177078724,-4049.9734851038083,1.0779837585640857,deadzone
6919,ok,1876.2226598858833,-4053.399549118243,1.0779837585640857,deadzone
6920,ok,1879.1269837021828,-4056.758606544696,1.0779837585640857,deadzone
6921,ok,1881.9684033989906,-4060.138242832385,1.0779837585640857,deadzone
6922,ok,1884.7779226899147,-4063.576628080569,1.0779837585640857,deadzone
6923,ok,1887.6757016777992,-4066.87184511777,1.0779837585640857,deadzone
6924,ok,1890.4349184632301,-4070.2114869272336,1.0779837585640857,deadzone
6925,ok,1893.3043585419655,-4073.468268743716,1.0779282024360632,ok
6926,ok,1896.1140766739845,-4076.7727533495054,1.0779282024360632,deadzone
6927,ok,1898.91494089365,-4080.0841406499967,1.0778505745913074,ok
6928,ok,1901.6727305054665,-4083.362900844775,1.0777310243616864,ok
6929,ok,1904.4416471123695,-4086.654888502322,1.077541608935693,ok
6930,ok,1907.2732873558998,-4089.901379457675,1.077314171990023,ok
6931,ok,1909.998504936695,-4093.164388052188,1.0770284142874698,ok
6932,ok,1912.803347170353,-4096.328980318271,1.076699171393707,ok
6933,ok,1915.4950214028358,-4099.574974409305,1.0763078297488489,ok
6934,ok,1918.295325100422,-4102.694410673343,1.0758531767937103,ok
6935,ok,1921.024220764637,-4105.907142034732,1.075330429421789,ok
6936,ok,1923.741837322712,-4109.085503689013,1.0747350259101516,ok
6937,ok,1926.4669330716133,-4112.177105060779,1.0740526220981406,ok
6938,ok,1929.166248857975,-4115.297102323733,1.0732851964516061,ok
6939,ok,1931.7964957356453,-4118.445170036517,1.07241574106831,ok
6940,ok,1934.5176525712013,-4121.497487179004,1.0714367565944893,ok
6941,ok,1937.2070336937904,-4124.6229494726285,1.0703616772207338,ok
6942,ok,1940.0071950554848,-4127.6562896883115,1.069169086389655,ok
6943,ok,1942.6886847615242,-4130.784978262149,1.0679079164238972,ok
6944,ok,1945.3070777058601,-4133.920999637805,1.0665424025954395,ok
6945,ok,1948.1387987732887,-4136.94241105672,1.0650947720539197,ok
6946,ok,1950.8165157437325,-4140.080078951083,1.0635926293161282,ok
6947,ok,1953.5359781384468,-4143.204600921832,1.0620083654817938,ok
6948,ok,1956.2859454751015,-4146.242426267825,1.060362856710958,ok
6949,ok,1958.9705229401588,-4149.414691797458,1.058660898884124,ok
6950,ok,1961.7026162743568,-4152.475208631717,1.0569021252618804,ok
6951,ok,1964.408435165882,-4155.647207609378,1.0551023131993755,ok
6952,ok,1967.095301926136,-4158.841397873126,1.0532584214938254,ok
6953,ok,1969.8494427800179,-4161.948233238421,1.0513905435056756,ok
6954,ok,1972.5077071785927,-4165.152220836841,1.0494917584991954,ok
6955,ok,1975.2021370530128,-4168.271612755023,1.047571100357025,ok
6956,ok,1977.979998409748,-4171.420208326541,1.0456293742097538,ok
6957,ok,1980.6513062119484,-4174.617289177142,1.043678658100204,ok
6958,ok,1983.396654188633,-4177.804978243075,1.0417358690019212,ok
6959,ok,1986.1775317788124,-4181.0537868654355,1.039814205635022,ok
6960,ok,1988.9182105660439,-4184.25678526517,1.0379138431879082,ok
6961,ok,1991.6469896435738,-4187.450080982409,1.0360515444202105,ok
6962,ok,1994.4071064591408,-4190.639756790362,1.0342375192883937,ok
6963,ok,1997.208913385868,-4193.883660427295,1.0324817144226723,ok
6964,ok,1999.9543457627296,-4197.085856786929,1.030802870857482,ok
6965,ok,2002.6321359276772,-4200.295770994388,1.029200894541842,ok
6966,ok,2005.3591538071632,-4203.476975790225,1.0276873245928022,ok
6967,ok,2008.0764372944832,-4206.680106989108,1.0262653256206087,ok
6968,ok,2010.7018199563026,-4209.8897303259,1.0249342801687666,ok
6969,ok,2013.3550663590431,-4213.027115694247,1.0236968439593899,ok
6970,ok,2015.989834845066,-4216.168136945926,1.02255576515865,ok
6971,ok,2018.6748476624489,-4219.284353128634,1.0215192438019762,ok
6972,ok,2021.2722998261452,-4222.398681274615,1.020587320322087,ok
6973,ok,2023.8162506222725,-4225.520904890262,1.01976095275826,ok
6974,ok,2026.3885219693184,-4228.619185320102,1.0190332401694726,ok
6975,ok,2029.0173874497414,-4231.694199434482,1.01840749111523,ok
6976,ok,2031.5801675915718,-4234.853187910281,1.0178681885244945,ok
6977,ok,2034.2629588246346,-4237.902003160678,1.0178681885244945,deadzone
6978,ok,2036.8504088521004,-4241.109658352099,1.0178681885244945,deadzone
6979,ok,2039.5535224080086,-4244.160012832843,1.0178681885244945,deadzone
6980,ok,2042.17985111475,-4247.221272817813,1.0178681885244945,deadzone
6981,ok,2044.8755913376808,-4250.286022773944,1.0178681885244945,deadzone
6982,ok,2047.4860425591469,-4253.407738319598,1.0178681885244945,deadzone
6983,ok,2050.094501554966,-4256.5166441118345,1.0178681885244945,deadzone
6984,ok,2052.7506561875343,-4259.606730571948,1.0178681885244945,deadzone
6985,ok,2055.331593334675,-4262.7037538206205,1.0178681885244945,deadzone
6986,ok,2057.9545577168465,-4265.74186836835,1.0178681885244945,deadzone
6987,ok,2060.5192318558693,-4268.748183838092,1.0178681885244945,deadzone
6988,ok,2063.113263428211,-4271.763816467486,1.0178681885244945,deadzone
6989,ok,2065.512148439884,-4274.821871153079,1.0178681885244945,deadzone
6990,ok,2068.0983605980873,-4277.718549362384,1.0178681885244945,deadzone
6991,ok,2070.5309534668922,-4280.75384222623,1.017787647803369,ok
6992,ok,2073.1097376942635,-4283.655556312762,1.0176485938343514,ok
6993,ok,2075.524706184864,-4286.634606949054,1.0174253429409919,ok
6994,ok,2078.005813896656,-4289.553763500415,1.0171362849931662,ok
6995,ok,2080.511201441288,-4292.5142179643735,1.0167782901836284,ok
6996,ok,2082.992567360401,-4295.489647976123,1.0163516179730756,ok
6997,ok,2085.642735540867,-4298.4255722677335,1.0158617517333042,ok
6998,ok,2088.0384910702705,-4301.464480272494,1.0152998869712433,ok
6999,ok,2090.6082041859627,-4304.3136986410245,1.01467326440175,ok
7000,ok,2092.91391569376,-4307.299853674136,1.0139738688380957,ok
7001,ok,2095.4215233922005,-4310.11832987424,1.0131935946425294,ok
7002,ok,2097.6898570656776,-4313.027017227374,1.0123374545167259,ok
7003,ok,2100.057083904743,-4315.812162033282,1.0113851441464377,ok
7004,ok,2102.3472779393196,-4318.608321539126,1.0103486760682256,ok
7005,ok,2104.665509045124,-4321.338441959582,1.0092292678929644,ok
7006,ok,2107.0044117569923,-4323.994830480777,1.008038548424363,ok
7007,ok,2109.296682178974,-4326.785855165683,1.006749980983353,ok
7008,ok,2111.653364479542,-4329.492506138049,1.0053815410616092,ok
7009,ok,2113.936681330204,-4332.234419695102,1.0039446634083102,ok
7010,ok,2116.2170820832253,-4334.931276909076,1.0024292342164085,ok
7011,ok,2118.5555763840675,-4337.603345266543,1.000835178205716,ok
7012,ok,2120.7810297608376,-4340.322624078952,0.9991730564692612,ok
7013,ok,2123.103134214878,-4343.014492622577,0.9974409205202258,ok
7014,ok,2125.433211863041,-4345.680456987582,0.9956727446690548,ok
7015,ok,2127.6551545262337,-4348.394630542956,0.9938421684042011,ok
7016,ok,2130.0433195233345,-4350.983799568377,0.9919728027952547,ok
7017,ok,2132.1967509388924,-4353.685598245822,0.9900409425231573,ok
7018,ok,2134.5452039837837,-4356.225514522754,0.9880574947916092,ok
7019,ok,2136.7446749806404,-4358.919655910693,0.9860195404522789,ok
7020,ok,2139.0548370480537,-4361.56018578168,0.9839228572819209,ok
7021,ok,2141.2833164334297,-4364.233804575168,0.9817740157940918,ok
7022,ok,2143.581162273884,-4366.890036216937,0.9795772215415318,ok
7023,ok,2145.835556805134,-4369.582448116504,0.9773248926660436,ok
7024,ok,2148.101743519306,-4372.249365202151,0.9750296372475087,ok
7025,ok,2150.390068590641,-4374.884083858691,0.9726886696625382,ok
7026,ok,2152.700104057789,-4377.539775959216,0.9703206313674451,ok
7027,ok,2155.035184442997,-4380.206338754855,0.9679198127175718,ok
7028,ok,2157.3896413445473,-4382.85862123128,0.9654890697208004,ok
7029,ok,2159.6470397114754,-4385.5783470785245,0.9630412655134623,ok
7030,ok,2162.0309765934944,-4388.227877966128,0.9605597461949454,ok
7031,ok,2164.304513514042,-4390.9225791608915,0.9580635124425992,ok
7032,ok,2166.6798427700996,-4393.5396846449,0.9555424109246824,ok
7033,ok,2168.980438053608,-4396.289810768329,0.9530009034677713,ok
7034,ok,2171.3005009293556,-4398.974730125628,0.9504543441297773,ok
7035,ok,2173.59613853693,-4401.652514330111,0.9478851067452049,ok
7036,ok,2175.895302116871,-4404.294756046496,0.9453015411695063,ok
7037,ok,2178.193026602268,-4407.066585174762,0.9426906896527737,ok
7038,ok,2180.6009503006935,-4409.622122636996,0.9400704417255249,ok
7039,ok,2182.7905426621437,-4412.360601774417,0.937435536476733,ok
7040,ok,2185.155319750309,-4415.011820903979,0.9347938223899245,ok
7041,ok,2187.4455810189247,-4417.661454311572,0.9321438908620968,ok
7042,ok,2189.8529067635536,-4420.3473611986265,0.9294821833200662,ok
7043,ok,2192.2590451836586,-4422.972299209796,0.9268104218323467,ok
7044,ok,2194.6427834630013,-4425.660366884433,0.9241369670390714,ok
7045,ok,2197.091992199421,-4428.337929836474,0.9214469041878299,ok
7046,ok,2199.469830095768,-4430.989652506076,0.9187623223038396,ok
7047,ok,2201.879335939884,-4433.670939556323,0.9160735161574107,ok
7048,ok,2204.243411362171,-4436.3590198671445,0.9133767872530442,ok
7049,ok,2206.654968082905,-4439.088465086184,0.9106761882313149,ok
7050,ok,2209.0769541859627,-4441.767820707522,0.9079747438674851,ok
7051,ok,2211.403407394886,-4444.499009481631,0.9052747101210743,ok
7052,ok,2213.8203466534615,-4447.175393215381,0.9025777679483284,ok
7053,ok,2216.224598944187,-4449.844404331408,0.899885168286296,ok
7054,ok,2218.5775197148323,-4452.544282070361,0.897197840498873,ok
7055,ok,2221.0183241963387,-4455.179336181842,0.8945164734865821,ok
7056,ok,2223.4212875962257,-4457.793896547519,0.8918415763472526,ok
7057,ok,2225.82891112566,-4460.500280014239,0.8891735237411493,ok
7058,ok,2228.1969354748726,-4463.244301906787,0.8865125898161892,ok
7059,ok,2230.666730225086,-4465.89599238988,0.883858973577455,ok
7060,ok,2232.9752853512764,-4468.64296876546,0.881212817858332,ok
7061,ok,2235.3979356884956,-4471.292314878665,0.8785742235067754,ok
7062,ok,2237.808791220188,-4474.017282119952,0.8759432599934154,ok
7063,ok,2240.141768038273,-4476.663807026111,0.8733199733439367,ok
7064,ok,2242.4968488812447,-4479.373183122836,0.8707043920705921,ok
7065,ok,2244.8611074090004,-4482.030613056384,0.8680965316075169,ok
7066,ok,2247.259152472019,-4484.7503620302305,0.8654963976272296,ok
7067,ok,2249.6015060544014,-4487.504242054187,0.8629047506411197,ok
7068,ok,2252.0021288990974,-4490.197588316165,0.8603206269673342,ok
7069,ok,2254.3663764595985,-4492.814429870807,0.8577482052044995,ok
7070,ok,2256.6491916775703,-4495.6754532968625,0.8551823105258601,ok
7071,ok,2259.125655710697,-4498.317714325152,0.8526271844484427,ok
7072,ok,2261.44206315279,-4501.1419216310605,0.8500780534263881,ok
7073,ok,2263.8430595993996,-4503.833037487231,0.8475359757016631,ok
7074,ok,2266.270046055317,-4506.557222238742,0.8450087119493271,ok
7075,ok,2268.647261440754,-4509.325368038379,0.8424916827742349,ok
7076,ok,2271.0356600880623,-4512.093196979724,0.839978612074476,ok
7077,ok,2273.4529750943184,-4514.875732532702,0.8374756362467631,ok
7078,ok,2275.8367744088173,-4517.660840145312,0.8349768326404536,ok
7079,ok,2278.2818382382393,-4520.3678933298215,0.8324842639080127,ok
7080,ok,2280.6196115612984,-4523.188905349933,0.8299969903643221,ok
7081,ok,2283.0331733822823,-4525.886513344012,0.8275213298198699,ok
7082,ok,2285.3559287190437,-4528.613999239169,0.8250504116110419,ok
7083,ok,2287.7432151436806,-4531.294399133883,0.8225848958787056,ok
7084,ok,2290.0537841916084,-4534.064108482562,0.8201252707017616,ok
7085,ok,2292.4300613999367,-4536.73986493703,0.8176718955082755,ok
7086,ok,2294.6673486828804,-4539.527197233401,0.815225033539577,ok
7087,ok,2297.0142734646797,-4542.13373171445,0.8127848761272152,ok
7088,ok,2299.2718310952187,-4544.838339678012,0.81035156084713,ok
7089,ok,2301.4889748692513,-4547.580817571841,0.807925185095033,ok
7090,ok,2303.7310488820076,-4550.352990976535,0.805505816237724,ok
7091,ok,2306.0970230698586,-4552.932774177752,0.8030934992039082,ok
7092,ok,2308.2475071549416,-4555.665206066333,0.8006882621603081,ok
7093,ok,2310.4904423356056,-4558.260078064166,0.7982901207560069,ok
7094,ok,2312.720518887043,-4560.830574623309,0.7958990812961526,ok
7095,ok,2314.8199041485786,-4563.547098985873,0.7935151431150763,ok
7096,ok,2317.040803730488,-4566.0897780573,0.7911383003507613,ok
7097,ok,2319.156857550144,-4568.675000539981,0.7887685432716655,ok
7098,ok,2321.2900090813637,-4571.273830286227,0.7864058592688129,ok
7099,ok,2323.3283274769783,-4573.86858665105,0.7840502335975866,ok
7100,ok,2325.4071405529976,-4576.386638036929,0.7817016499323607,ok
7101,ok,2327.4827318787575,-4578.88552199956,0.7793600907811807,ok
7102,ok,2329.5365758538246,-4581.347954145633,0.777025537795795,ok
7103,ok,2331.5993750691414,-4583.8394726431,0.7746979720034348,ok
7104,ok,2333.6192904114723,-4586.341462246142,0.7723773739800812,ok
7105,ok,2335.6598034501076,-4588.768994680606,0.7700637239799792,ok
7106,ok,2337.6148733496666,-4591.220800987445,0.7677570020324348,ok
7107,ok,2339.5898956656456,-4593.60906254407,0.7654571880141492,ok
7108,ok,2341.5561992526054,-4595.96066033002,0.76316426170326,ok
7109,ok,2343.5447120070457,-4598.274113050662,0.7608782028197038,ok
7110,ok,2345.4702600836754,-4600.631448618136,0.7585989910553514,ok
7111,ok,2347.4180095791817,-4602.909408441745,0.7563266060964953,ok
7112,ok,2349.2555423378944,-4605.214310995303,0.7540610276406182,ok
7113,ok,2351.117627441883,-4607.6015161192045,0.7518022354088859,ok
7114,ok,2352.9741503596306,-4609.921363702975,0.7495502091554435,ok
7115,ok,2354.8678253293037,-4612.219304910861,0.7473049286743201,ok
7116,ok,2356.709098279476,-4614.522563568316,0.7450663738045465,ok
7117,ok,2358.526063978672,-4616.820963016711,0.7428345244339373,ok
7118,ok,2360.358042061329,-4619.015992990695,0.7406093605018721,ok
7119,ok,2362.125193655491,-4621.2671912824735,0.7383908620013315,ok
7120,ok,2363.9002591967583,-4623.478276125155,0.7361790089803736,ok
7121,ok,2365.7085270285606,-4625.687594286166,0.7339737815431928,ok
7122,ok,2367.4340894818306,-4627.919632784091,0.7317751598508683,ok
7123,ok,2369.202098786831,-4630.067745557986,0.729583124121877,ok
7124,ok,2370.817058980465,-4632.285641065799,0.7273976546324344,ok
7125,ok,2372.6319232583046,-4634.395098797046,0.725218731716704,ok
7126,ok,2374.2148012518883,-4636.6287408983335,0.7230463357669098,ok
7127,ok,2375.9389709830284,-4638.706493488513,0.7208804472333767,ok
7128,ok,2377.534242451191,-4640.885881296359,0.7187210466245162,ok
7129,ok,2379.205886900425,-4643.011268249713,0.7165681145067725,ok
7130,ok,2380.8574790358543,-4645.209076038562,0.7144216315045375,ok
7131,ok,2382.528611958027,-4647.382665983401,0.7122815783000447,ok
7132,ok,2384.2276946902275,-4649.515456310473,0.7101479356332457,ok
7133,ok,2385.80860131979,-4651.635320059024,0.7080206843016748,ok
7134,ok,2387.465700805187,-4653.70404254552,0.7058998051603044,ok
7135,ok,2389.054002225399,-4655.854612461291,0.7037852791213938,ok
7136,ok,2390.6127156615257,-4657.954950681888,0.7016770871543335,ok
7137,ok,2392.1553122401237,-4660.047842613421,0.6995752102854857,ok
7138,ok,2393.7441641688347,-4662.080095878802,0.6974796295980221,ok
7139,ok,2395.1080818772316,-4664.186537615024,0.6953903262317604,ok
7140,ok,2396.644310295582,-4666.148055545054,0.6933072813829999,ok
7141,ok,2398.0510080456734,-4668.149552813731,0.6912304763043552,ok
7142,ok,2399.501336276531,-4670.07913147565,0.6891598923045911,ok
7143,ok,2400.937223136425,-4672.026128402911,0.6870955107484555,ok
7144,ok,2402.3547948002815,-4673.989883056842,0.6850373130565143,ok
7145,ok,2403.695617377758,-4675.913680545054,0.6829852807049844,ok
7146,ok,2405.1388751864433,-4677.8209965145215,0.6809393952255686,ok
7147,ok,2406.449835598469,-4679.807471862994,0.6788996382052893,ok
7148,ok,2407.8668803572655,-4681.683496466838,0.6768659912863239,ok
7149,ok,2409.1739265322685,-4683.62407516595,0.6748384361658393,ok
7150,ok,2410.5434665083885,-4685.532505265437,0.6728169545958285,ok
7151,ok,2411.8078803420067,-4687.432012191974,0.6708015283829452,ok
7152,ok,2413.1873677372932,-4689.351616970263,0.6687921393883413,ok
7153,ok,2414.469687998295,-4691.225091806613,0.6667887695275033,ok
7154,ok,2415.7613610625267,-4693.095661512576,0.6647914007700898,ok
7155,ok,2417.095013797283,-4694.943382850848,0.6628000151397688,ok
7156,ok,2418.3918848633766,-4696.760695329867,0.6608145947140568,ok
7157,ok,2419.6214732527733,-4698.575513592921,0.6588351216241567,ok
7158,ok,2420.955777347088,-4700.368117562495,0.6568615780547977,ok
7159,ok,2422.216556251049,-4702.242680779658,0.6548939462440746,ok
7160,ok,2423.441845715046,-4704.110370150767,0.6529322084832878,ok
7161,ok,2424.724843800068,-4705.881606689654,0.6509763471167843,ok
7162,ok,2426.027179777622,-4707.688752404414,0.6490263445417989,ok
7163,ok,2427.2715469002724,-4709.502974978648,0.6470821832082949,ok
7164,ok,2428.5164307951927,-4711.322763434611,0.6451438456188076,ok
7165,ok,2429.6963331103325,-4713.0925607597455,0.6432113143282855,ok
7166,ok,2430.8653730750084,-4714.88358234521,0.641284571943934,ok
7167,ok,2432.09624761343,-4716.603822938167,0.6393636011250585,ok
7168,ok,2433.2218745350838,-4718.400248519145,0.6374483845829089,ok
7169,ok,2434.367060124874,-4720.187121025287,0.6355389050805231,ok
7170,ok,2435.4470503926277,-4721.830901137553,0.633635145432573,ok
7171,ok,2436.4827083945274,-4723.43115376588,0.6317370885052089,ok
7172,ok,2437.3259311914444,-4724.93863402959,0.6298447172159055,ok
7173,ok,2438.279932320118,-4726.349477521144,0.6279580145333086,ok
7174,ok,2439.192500948906,-4727.65740238782,0.6260769634770811,ok
7175,ok,2440.0247927308083,-4728.89908312913,0.6242015471177509,ok
7176,ok,2440.8811026215553,-4730.053806415759,0.6223317485765582,ok
7177,ok,2441.7910687327385,-4731.260882250033,0.6204944736434862,ok
7178,ok,2442.7104791998863,-4732.475837699138,0.6187063904726723,ok
7179,ok,2443.5603579878807,-4733.655145875178,0.6169975652241945,ok
7180,ok,2444.4020125865936,-4734.850350848399,0.6153668995966539,ok
7181,ok,2445.227848291397,-4735.9956788932905,0.6138283148933595,ok
7182,ok,2446.0445021390915,-4737.125178328715,0.612380644512545,ok
7183,ok,2446.825807094574,-4738.156480542384,0.6110339843069809,ok
7184,ok,2447.570330142975,-4739.165994397365,0.6097833879154877,ok
7185,ok,2448.3234640955925,-4740.167887202464,0.6086372186354275,ok
7186,ok,2448.9752539396286,-4741.2078297054395,0.6075916028821993,ok
7187,ok,2449.674652516842,-4742.177960566245,0.6066485988200906,ok
7188,ok,2450.3809534311295,-4743.205432108603,0.6057977933004719,ok
7189,ok,2451.1252635121346,-4744.307176641189,0.6050373701174998,ok
7190,ok,2451.8309857845306,-4745.453301600181,0.604359863113427,ok
7191,ok,2452.7116268873215,-4746.640431812964,0.6037589008354941,ok
7192,ok,2453.5687257647514,-4747.960510543548,0.6032288252876168,ok
7193,ok,2454.4576964974403,-4749.254884294234,0.6027674002890263,ok
7194,ok,2455.373313128948,-4750.587832978927,0.6023618861550276,ok
7195,ok,2456.336491048336,-4751.941423944198,0.6020047995370615,ok
7196,ok,2457.284579575062,-4753.308661988936,0.6016934952681946,ok
7197,ok,2458.2239639163017,-4754.6355712926015,0.6014160397961947,ok
7198,ok,2459.0286925435066,-4755.976407579146,0.601173664874558,ok
7199,ok,2459.8589605093002,-4757.260841897689,0.6009514013678244,ok
7200,ok,2460.7135922908783,-4758.5611376082525,0.6007481733193211,ok
7201,ok,2461.464782655239,-4759.804206303321,0.6005513793598646,ok
7202,ok,2462.294943332672,-4761.002283147536,0.6003668978604254,ok
7203,ok,2463.014326453209,-4762.251539281569,0.6001875040730557,ok
7204,ok,2463.826660513878,-4763.429169706069,0.6000149637810216,ok
7205,ok,2464.587593793869,-4764.647446564399,0.5998470485698428,ok
7206,ok,2465.323465049267,-4765.780943802558,0.599687735671161,ok
7207,ok,2466.0716450810432,-4766.9786135470495,0.599687735671161,deadzone
7208,ok,2466.8976652026176,-4768.141981652938,0.5996570590573947,ok
7209,ok,2467.69128960371,-4769.287755659781,0.5996570590573947,deadzone
7210,ok,2468.4704070091248,-4770.439047387801,0.5996570590573947,deadzone
7211,ok,2469.212913751602,-4771.517780116759,0.5996570590573947,deadzone
7212,ok,2469.92781829834,-4772.579027227126,0.5996570590573947,deadzone
7213,ok,2470.6205946803093,-4773.589687041007,0.5996570590573947,deadzone
7214,ok,2471.2757059931755,-4774.587305239402,0.5996570590573947,deadzone
7215,ok,2472.0492804050446,-4775.624952248298,0.5996570590573947,deadzone
7216,ok,2472.8132066726685,-4776.682507804595,0.5996570590573947,deadzone
7217,ok,2473.598780333996,-4777.7599903857335,0.5996570590573947,deadzone
7218,ok,2474.3684735298157,-4778.808751038276,0.5996570590573947,deadzone
7219,ok,2475.1871212124825,-4779.909332207404,0.5996570590573947,deadzone
7220,ok,2476.0555567741394,-4781.008257559501,0.5996570590573947,deadzone
7221,ok,2476.890811920166,-4782.185604623519,0.5996570590573947,deadzone
7222,ok,2477.8528928160667,-4783.379774144851,0.5996570590573947,deadzone
7223,ok,2478.8332539200783,-4784.575259379111,0.5996570590573947,deadzone
7224,ok,2479.7356885671616,-4785.794230512343,0.5996570590573947,deadzone
7225,ok,2480.7570707798004,-4787.066194108687,0.5996570590573947,deadzone
7226,ok,2481.6642559170723,-4788.312612465583,0.5996570590573947,deadzone
7227,ok,2482.5960255861282,-4789.626113346778,0.5996570590573947,deadzone
7228,ok,2483.5840180516243,-4790.960389665328,0.5996570590573947,deadzone
7229,ok,2484.535364985466,-4792.2848655497655,0.5996570590573947,deadzone
7230,ok,2485.5321323275566,-4793.607624820434,0.5996570590573947,deadzone
7231,ok,2486.458555459976,-4794.969765237533,0.5996570590573947,deadzone
7232,ok,2487.448715567589,-4796.393815807067,0.5996570590573947,deadzone
7233,ok,2488.469601750374,-4797.896998456679,0.5996570590573947,deadzone
7234,ok,2489.4998507499695,-4799.453105143271,0.5996570590573947,deadzone
7235,ok,2490.5050791502,-4801.005581549369,0.5996570590573947,deadzone
7236,ok,2491.524948120117,-4802.54998641368,0.5996570590573947,deadzone
7237,ok,2492.5740424394608,-4804.193454793654,0.5996570590573947,deadzone
7238,ok,2493.604058265686,-4805.787661365233,0.5996570590573947,deadzone
7239,ok,2494.6779947280884,-4807.43764810916,0.5996570590573947,deadzone
7240,ok,2495.697186231613,-4809.056475452147,0.5996570590573947,deadzone
7241,ok,2496.799237728119,-4810.699332050048,0.5996570590573947,deadzone
7242,ok,2497.9244035482407,-4812.434218696319,0.5996570590573947,deadzone
7243,ok,2498.9789187908173,-4814.217268041335,0.5996570590573947,deadzone
7244,ok,2500.138135075569,-4816.083047918044,0.5996570590573947,deadzone
7245,ok,2501.2964786291122,-4817.968848160468,0.5996570590573947,deadzone
7246,ok,2502.4205116033554,-4819.8723242795095,0.5996570590573947,deadzone
7247,ok,2503.588210105896,-4821.849142125808,0.5996570590573947,deadzone
7248,ok,2504.7334792613983,-4823.836907199584,0.5996570590573947,deadzone
7249,ok,2505.9217853546143,-4825.842387727462,0.5996570590573947,deadzone
7250,ok,2507.1220338344574,-4827.989460996352,0.5996570590573947,deadzone
7251,ok,2508.374886751175,-4830.197743228637,0.5996570590573947,deadzone
7252,ok,2509.674448609352,-4832.495289615355,0.5996570590573947,deadzone
7253,ok,2510.8637005090714,-4834.761146358214,0.5996570590573947,deadzone
7254,ok,2512.1284860372543,-4837.080098203383,0.5996570590573947,deadzone
7255,ok,2513.427148938179,-4839.432745031081,0.5996570590573947,deadzone
7256,ok,2514.584758400917,-4841.745210221969,0.5996570590573947,deadzone
7257,ok,2515.8130658864975,-4844.162485889159,0.5996570590573947,deadzone
7258,ok,2516.9751023054123,-4846.600415996276,0.5996570590573947,deadzone
7259,ok,2518.132537007332,-4849.102277330123,0.5996570590573947,deadzone
7260,ok,2519.337329506874,-4851.637390664779,0.5996570590573947,deadzone
7261,ok,2520.4602947235107,-4854.15616827365,0.5996570590573947,deadzone
7262,ok,2521.6240644454956,-4856.782559446059,0.5996570590573947,deadzone
7263,ok,2522.7042899131775,-4859.340150645934,0.5996570590573947,deadzone
7264,ok,2523.8639018535614,-4861.9490342652425,0.5996570590573947,deadzone
7265,ok,2524.922672152519,-4864.533979943953,0.5996570590573947,deadzone
7266,ok,2525.979880928993,-4867.152496150695,0.5996570590573947,deadzone
7267,ok,2527.0624210834503,-4869.866193107329,0.5996570590573947,deadzone
7268,ok,2528.063543319702,-4872.581815770827,0.5996570590573947,deadzone
7269,ok,2529.1051137447357,-4875.301772645675,0.5996570590573947,deadzone
7270,ok,2530.0522627830505,-4878.036635926925,0.5996570590573947,deadzone
7271,ok,2530.9990677833557,-4880.837372354232,0.5996570590573947,deadzone
7272,ok,2531.8484709858894,-4883.609899572097,0.5996570590573947,deadzone
7273,ok,2532.6658710837364,-4886.370248368941,0.5996570590573947,deadzone
7274,ok,2533.490106523037,-4889.134691289626,0.5996570590573947,deadzone
7275,ok,2534.3021810650826,-4891.922730020247,0.5996570590573947,deadzone
7276,ok,2535.0422170758247,-4894.744771770202,0.5996570590573947,deadzone
7277,ok,2535.7534994482994,-4897.605176023208,0.5996570590573947,deadzone
7278,ok,2536.3674814105034,-4900.542703202926,0.5996570590573947,deadzone
7279,ok,2537.0388179421425,-4903.571560434066,0.5996570590573947,deadzone
7280,ok,2537.6315863728523,-4906.602534345351,0.5996570590573947,deadzone
7281,ok,2538.229423582554,-4909.619213155471,0.5996570590573947,deadzone
7282,ok,2538.756463944912,-4912.58110385295,0.5996570590573947,deadzone
7283,ok,2539.3253542780876,-4915.499814084731,0.5996570590573947,deadzone
7284,ok,2539.8850271105766,-4918.416752151214,0.5996570590573947,deadzone
7285,ok,2540.4027773737907,-4921.295425227843,0.5996570590573947,deadzone
7286,ok,2540.8735479712486,-4924.161081126891,0.5996570590573947,deadzone
7287,ok,2541.3470736145973,-4927.0907302415,0.5996570590573947,deadzone
7288,ok,2541.703452885151,-4930.073154977523,0.5996570590573947,deadzone
7289,ok,2542.077000081539,-4933.024584821425,0.5996570590573947,deadzone
7290,ok,2542.344977557659,-4935.989826968871,0.5996570590573947,deadzone
7291,ok,2542.6600999236107,-4939.0032589947805,0.5996570590573947,deadzone
7292,ok,2542.9205624461174,-4942.105223468505,0.5996570590573947,deadzone
7293,ok,2543.0887737870216,-4945.2329426323995,0.5996570590573947,deadzone
7294,ok,2543.2150117754936,-4948.234380058013,0.5996570590573947,deadzone
7295,ok,2543.2905870079994,-4951.329809478484,0.5996570590573947,deadzone
7296,ok,2543.3501650691032,-4954.44744401332,0.5996570590573947,deadzone
7297,ok,2543.355846941471,-4957.454481652938,0.5996570590573947,deadzone
7298,ok,2543.304782807827,-4960.473397544585,0.5996570590573947,deadzone
7299,ok,2543.259057223797,-4963.51133661624,0.5996570590573947,deadzone
7300,ok,2543.1538501381874,-4966.586158326827,0.5996570590573947,deadzone
7301,ok,2543.0460335612297,-4969.637521794997,0.5996570590573947,deadzone
7302,ok,2542.780808866024,-4972.702331355773,0.5996570590573947,deadzone
7303,ok,2542.556429684162,-4975.787142327987,0.5996570590573947,deadzone
7304,ok,2542.2729281783104,-4978.900944999419,0.5996570590573947,deadzone
7305,ok,2541.924962937832,-4981.892946532927,0.5996570590573947,deadzone
7306,ok,2541.5621472001076,-4984.923483661376,0.5996570590573947,deadzone
7307,ok,2541.21017318964,-4987.946361116134,0.5996894593764063,ok
7308,ok,2540.7099303603172,-4990.908322623931,0.5996894593764063,deadzone
7309,ok,2540.275278031826,-4993.850281528197,0.5996894593764063,deadzone
7310,ok,2539.6904835104942,-4996.70806866046,0.5996894593764063,deadzone
7311,ok,2539.0409935712814,-4999.590606502257,0.5997196968173395,ok
7312,ok,2538.433448910713,-5002.424593976699,0.5997752078365745,ok
7313,ok,2537.711819112301,-5005.209700158797,0.5998535215148023,ok
7314,ok,2536.9930346012115,-5007.9682732140645,0.5999522488209886,ok
7315,ok,2536.2100655436516,-5010.751094630919,0.6000668386825785,ok
7316,ok,2535.4218019247055,-5013.392661145888,0.6001934485357536,ok
7317,ok,2534.5910953879356,-5016.05430035945,0.6003293815078503,ok
7318,ok,2533.7176894545555,-5018.640424541198,0.6004742987430685,ok
7319,ok,2532.8191462755203,-5021.281980804168,0.6006333407385728,ok
7320,ok,2531.916307926178,-5023.89493112918,0.6007988866037811,ok
7321,ok,2530.8799979686737,-5026.5374403512105,0.6009717280881374,ok
7322,ok,2529.8710602521896,-5029.0583158051595,0.6011550721084361,ok
7323,ok,2528.8554533720016,-5031.66197233554,0.6013370755803269,ok
7324,ok,2527.6690113544464,-5034.140002301894,0.6015188009761575,ok
7325,ok,2526.487653851509,-5036.586248925887,0.6017073902443606,ok
7326,ok,2525.258782029152,-5039.046220592223,0.6019035187819529,ok
7327,ok,2524.0716544389725,-5041.494966081344,0.6021038704055938,ok
7328,ok,2522.731527686119,-5043.925972751342,0.6023091603887508,ok
7329,ok,2521.362535595894,-5046.298914006911,0.6025179091203093,ok
7330,ok,2519.9818589687347,-5048.62951760646,0.602735248121761,ok
7331,ok,2518.542366027832,-5050.979181102477,0.6029597495186733,ok
7332,ok,2517.1322977542877,-5053.32287865039,0.6031969075583196,ok
7333,ok,2515.660350203514,-5055.545007280074,0.6034411319655609,ok
7334,ok,2514.1471338272095,-5057.785035423003,0.6036995421963457,ok
7335,ok,2512.658393263817,-5060.087631515227,0.6039750216925309,ok
7336,ok,2511.14118039608,-5062.425569108687,0.6042645666830371,ok
7337,ok,2509.635110259056,-5064.672606757842,0.6045798027279997,ok
7338,ok,2508.0469183921814,-5066.846856645308,0.6049155177634321,ok
7339,ok,2506.385024666786,-5068.9431748902425,0.6052761817337095,ok
7340,ok,2504.6402946710587,-5071.122810891829,0.6056676269928114,ok
7341,ok,2502.900092124939,-5073.193917087279,0.6060904309044475,ok
7342,ok,2501.211108446121,-5075.209670356475,0.6065374652750399,ok
7343,ok,2499.414110183716,-5077.144447377883,0.6070054285265222,ok
7344,ok,2497.592334508896,-5079.122465661727,0.6075012066302344,ok
7345,ok,2495.7206540107727,-5081.0392892872915,0.6080152817417885,ok
7346,ok,2493.848977088928,-5082.941771916114,0.6085534631822591,ok
7347,ok,2492.021886944771,-5084.768378785811,0.6091127201359151,ok
7348,ok,2490.2171655893326,-5086.410651258193,0.609692629923792,ok
7349,ok,2488.4205743074417,-5088.161238483153,0.6102898712198256,ok
7350,ok,2486.54996407032,-5089.774461678229,0.6109059708727674,ok
7351,ok,2484.7065393924713,-5091.488221934997,0.6115441770158561,ok
7352,ok,2482.9093774557114,-5093.148912600242,0.6121956523151482,ok
7353,ok,2481.0705355405807,-5094.725523642264,0.6128598754030301,ok
7354,ok,2479.2901496887207,-5096.2076536929235,0.6135397277610598,ok
7355,ok,2477.5710800886154,-5097.643961719237,0.61422187394167,ok
7356,ok,2475.782846927643,-5099.06750743743,0.6149144438502303,ok
7357,ok,2474.0016674995422,-5100.482885769568,0.6156159503931172,ok
7358,ok,2472.163827896118,-5101.835910848342,0.6163236812940255,ok
7359,ok,2470.4256542921066,-5103.211426666938,0.6170429827070752,ok
7360,ok,2468.6606134176254,-5104.467370918952,0.6177617471611287,ok
7361,ok,2466.836498618126,-5105.700713685714,0.6184881674308232,ok
7362,ok,2465.081900000572,-5106.8133447682485,0.6192159554618075,ok
7363,ok,2463.2946931123734,-5108.04832189437,0.6199440442692432,ok
7364,ok,2461.45310151577,-5109.0917132413015,0.6206678591605093,ok
7365,ok,2459.6457735300064,-5110.147353938781,0.6213909618580179,ok
7366,ok,2457.8797855377197,-5111.1085815941915,0.6221120136292102,ok
7367,ok,2456.153349161148,-5112.099649182521,0.6228296545090938,ok
7368,ok,2454.4417756795883,-5113.070840111934,0.6235460385754248,ok
7369,ok,2452.664649605751,-5114.049675277434,0.6242639156707691,ok
7370,ok,2450.9094697237015,-5114.875613740645,0.6249806208615774,ok
7371,ok,2449.1846576929092,-5115.82103960868,0.6256990215901311,ok
7372,ok,2447.5136699676514,-5116.566032937728,0.6264159921501287,ok
7373,ok,2445.7327975034714,-5117.4819360291585,0.6271393723253768,ok
7374,ok,2444.0076711177826,-5118.184862426482,0.6278594333095443,ok
7375,ok,2442.220908641815,-5118.926952413283,0.6285846987734235,ok
7376,ok,2440.434274673462,-5119.619200578891,0.6293072372681331,ok
7377,ok,2438.651582598686,-5120.2031202232465,0.630024942315079,ok
7378,ok,2436.7757786512375,-5120.861300877295,0.6307367572282085,ok
7379,ok,2434.965136408806,-5121.513077667914,0.6314432929487379,ok
7380,ok,2433.1536753177643,-5122.012597254477,0.6321501071536746,ok
7381,ok,2431.3147628307343,-5122.565840057097,0.6328543813617392,ok
7382,ok,2429.519149184227,-5123.062498263083,0.6335612360277472,ok
7383,ok,2427.6550413370132,-5123.6904567992315,0.63426428712977,ok
7384,ok,2425.869949221611,-5124.0779369985685,0.6349693455991503,ok
7385,ok,2424.053570866585,-5124.576483241282,0.6356693907009322,ok
7386,ok,2422.3082493543625,-5124.9535848414525,0.6363691291537444,ok
7387,ok,2420.5096603631973,-5125.258013657294,0.637063166630602,ok
7388,ok,2418.7712951898575,-5125.618484011851,0.6377669723931725,ok
7389,ok,2417.0323086977005,-5125.893101862632,0.6384698080340929,ok
7390,ok,2415.3892179727554,-5126.148624471389,0.639165608641423,ok
7391,ok,2413.6357172727585,-5126.435570946895,0.6398631745547143,ok
7392,ok,2411.92910861969,-5126.647729865275,0.6405570038587612,ok
7393,ok,2410.1924459934235,-5126.835947624408,0.6412414722758394,ok
7394,ok,2408.445598244667,-5126.998026958667,0.6419220224629298,ok
7395,ok,2406.773498415947,-5127.06242250558,0.6425943908507862,ok
7396,ok,2405.0415419340134,-5127.081236175261,0.6432666674770929,ok
7397,ok,2403.308934569359,-5127.097931257449,0.6439348194157832,ok
7398,ok,2401.6292206048965,-5127.011497727595,0.6445985881439994,ok
7399,ok,2399.8424738645554,-5126.960195115767,0.645248465282726,ok
7400,ok,2398.1398553848267,-5126.781946412288,0.6458826109905075,ok
7401,ok,2396.4029672145844,-5126.635621539317,0.6465019819892689,ok
7402,ok,2394.6547832489014,-5126.4761519944295,0.647108825579851,ok
7403,ok,2392.824056506157,-5126.293861798011,0.6477065700544807,ok
7404,ok,2390.9842423200607,-5126.101649872027,0.6482869422582485,ok
7405,ok,2389.159812808037,-5125.7996494090185,0.6488478139924126,ok
7406,ok,2387.2269998788834,-5125.474542967044,0.6493882147519225,ok
7407,ok,2385.2349849939346,-5125.066489986144,0.6499095167920527,ok
7408,ok,2383.1803032159805,-5124.7091239010915,0.6504012741809116,ok
7409,ok,2381.1027089357376,-5124.282246938907,0.6508561768615162,ok
7410,ok,2378.8946939706802,-5123.774086943828,0.6512776077853879,ok
7411,ok,2376.6462873220444,-5123.254235438071,0.6516588683058557,ok
7412,ok,2374.363140463829,-5122.674397937022,0.65200575848963,ok
7413,ok,2372.04552423954,-5121.997781745158,0.6523161151803739,ok
7414,ok,2369.6293600797653,-5121.250029972754,0.6525962526774507,ok
7415,ok,2367.1777054071426,-5120.449851981364,0.6528414687964103,ok
7416,ok,2364.7469497919083,-5119.6008216058835,0.6528414687964103,deadzone
7417,ok,2362.1476472616196,-5118.714124015532,0.6528414687964103,deadzone
7418,ok,2359.5594631433487,-5117.665420345031,0.6528414687964103,deadzone
7419,ok,2356.9359694719315,-5116.547853521071,0.6528414687964103,deadzone
7420,ok,2354.200724005699,-5115.400969079696,0.6528414687964103,deadzone
7421,ok,2351.429718852043,-5114.090880683623,0.6528414687964103,deadzone
7422,ok,2348.608298420906,-5112.76779001113,0.6528414687964103,deadzone
7423,ok,2345.7249838113785,-5111.289311579429,0.6528414687964103,deadzone
7424,ok,2342.7966428995132,-5109.833599857055,0.6528414687964103,deadzone
7425,ok,2339.816113114357,-5108.360319188796,0.6528414687964103,deadzone
7426,ok,2336.7416335344315,-5106.696883014403,0.6528414687964103,deadzone
7427,ok,2333.682170033455,-5105.123195699416,0.6528414687964103,deadzone
7428,ok,2330.5016828775406,-5103.538149050437,0.6528414687964103,deadzone
7429,ok,2327.2433606386185,-5101.805804303847,0.6528414687964103,deadzone
7430,ok,2323.987675309181,-5099.891302875243,0.6528414687964103,deadzone
7431,ok,2320.665174603462,-5097.93653743621,0.6528414687964103,deadzone
7432,ok,2317.1569296121597,-5096.050485662185,0.6528414687964103,deadzone
7433,ok,2313.635039448738,-5093.907477430068,0.6528414687964103,deadzone
7434,ok,2310.1211889982224,-5091.675903609954,0.6528414687964103,deadzone
7435,ok,2306.37106859684,-5089.378355792724,0.6528414687964103,deadzone
7436,ok,2302.602162718773,-5087.074121288024,0.6528414687964103,deadzone
7437,ok,2298.8460134267807,-5084.685986808501,0.6528414687964103,deadzone
7438,ok,2295.0464824438095,-5082.582683852874,0.6528414687964103,deadzone
7439,ok,2291.1982048749924,-5080.1446073567495,0.6528085093828463,ok
7440,ok,2287.057982802391,-5077.562888435088,0.6528085093828463,deadzone
7441,ok,2282.8955577611923,-5074.945060542785,0.6528085093828463,deadzone
7442,ok,2278.7021454572678,-5072.179465106688,0.6528085093828463,deadzone
7443,ok,2274.266165614128,-5069.420821956359,0.6528085093828463,deadzone
7444,ok,2269.73870408535,-5066.376470617019,0.6528085093828463,deadzone
7445,ok,2265.0250490903854,-5063.287671617232,0.6528085093828463,deadzone
7446,ok,2260.2826575040817,-5059.979644111358,0.6528085093828463,deadzone
7447,ok,2255.4034885168076,-5056.665082744323,0.6528085093828463,deadzone
7448,ok,2250.5002487897873,-5053.1029499089345,0.6528085093828463,deadzone
7449,ok,2245.43254840374,-5049.59289818164,0.6528085093828463,deadzone
7450,ok,2240.301472067833,-5045.989117912017,0.6528085093828463,deadzone
7451,ok,2235.120061278343,-5042.179286292754,0.6528085093828463,deadzone
7452,ok,2229.800784468651,-5038.304315379821,0.6528085093828463,deadzone
7453,ok,2224.4339154958725,-5034.2947056805715,0.6528085093828463,deadzone
7454,ok,2218.9651716947556,-5030.222321799956,0.6528085093828463,deadzone
7455,ok,2213.4566601514816,-5026.029925636016,0.6528085093828463,deadzone
7456,ok,2207.880911707878,-5021.769551089965,0.6528085093828463,deadzone
7457,ok,2202.2146772146225,-5017.3752902066335,0.6528085093828463,deadzone
7458,ok,2196.52145755291,-5012.924526027404,0.6528085093828463,deadzone
7459,ok,2190.7097243070602,-5008.421073249541,0.6528085093828463,deadzone
7460,ok,2184.8589590787888,-5003.7731249844655,0.6528085093828463,deadzone
7461,ok,2178.9720138311386,-4999.052727512084,0.6528085093828463,deadzone
7462,ok,2173.0767101049423,-4994.316692165099,0.6528085093828463,deadzone
7463,ok,2167.0846589803696,-4989.4636810338125,0.6528085093828463,deadzone
7464,ok,2161.102976202965,-4984.465970329009,0.6528085093828463,deadzone
7465,ok,2154.9996255636215,-4979.393863490783,0.6528085093828463,deadzone
7466,ok,2148.907842040062,-4974.218034557067,0.6528085093828463,deadzone
7467,ok,2142.771090388298,-4968.96306066867,0.6528085093828463,deadzone
7468,ok,2136.5752614736557,-4963.597136310302,0.6528085093828463,deadzone
7469,ok,2130.422005534172,-4958.204263499938,0.6528085093828463,deadzone
7470,ok,2124.297161459923,-4952.752539924346,0.6528085093828463,deadzone
7471,ok,2118.137120127678,-4947.268311790191,0.6528085093828463,deadzone
7472,ok,2112.0098127126694,-4941.689541629516,0.6528085093828463,deadzone
7473,ok,2105.858489871025,-4936.117780021392,0.6528085093828463,deadzone
7474,ok,2099.7139290571213,-4930.434589675628,0.6528085093828463,deadzone
7475,ok,2093.6218556165695,-4924.671027473174,0.6528085093828463,deadzone
7476,ok,2087.4870871305466,-4918.86789112445,0.6528085093828463,deadzone
7477,ok,2081.4018720388412,-4912.953916839324,0.6528085093828463,deadzone
7478,ok,2075.3097776174545,-4907.039004138671,0.6528085093828463,deadzone
7479,ok,2069.188247561455,-4901.000253490172,0.6528085093828463,deadzone
7480,ok,2063.0741332769394,-4894.911077789031,0.6528085093828463,deadzone
7481,ok,2056.930198073387,-4888.736609748565,0.6528085093828463,deadzone
7482,ok,2050.933425784111,-4882.403947643004,0.6528085093828463,deadzone
7483,ok,2044.8412636518478,-4876.079302123748,0.6528085093828463,deadzone
7484,ok,2038.766116976738,-4869.67994480487,0.6528085093828463,deadzone
7485,ok,2032.7540835142136,-4863.182368568145,0.6528085093828463,deadzone
7486,ok,2026.7182048559189,-4856.629283240996,0.6528085093828463,deadzone
7487,ok,2020.6923760175705,-4849.936687759124,0.6528085093828463,deadzone
7488,ok,2014.6962946653366,-4843.233837417327,0.6528085093828463,deadzone
7489,ok,2008.7070397138596,-4836.53706627246,0.6528085093828463,deadzone
7490,ok,2002.7511209249496,-4829.7360485112295,0.6528085093828463,deadzone
7491,ok,1996.866118311882,-4822.886574557982,0.6528085093828463,deadzone
7492,ok,1991.010417342186,-4815.978661349975,0.6528085093828463,deadzone
7493,ok,1985.1737450361252,-4809.001447013579,0.6528085093828463,deadzone
7494,ok,1979.3525775671005,-4802.020138076507,0.6528085093828463,deadzone
7495,ok,1973.5674775838852,-4794.959200671874,0.6528085093828463,deadzone
7496,ok,1967.803193449974,-4787.877536109649,0.6528085093828463,deadzone
7497,ok,1962.1620506048203,-4780.764624885283,0.6528085093828463,deadzone
7498,ok,1956.4571970701218,-4773.637818626128,0.6528085093828463,deadzone
7499,ok,1950.8510926961899,-4766.369915298186,0.6528085093828463,deadzone
7500,ok,1945.2671254873276,-4759.0687640225515,0.6528085093828463,deadzone
7501,ok,1939.6994055509567,-4751.769575885497,0.6528085093828463,deadzone
7502,ok,1934.178301692009,-4744.4409158742055,0.6528085093828463,deadzone
7503,ok,1928.6744064092636,-4737.02116613742,0.6528085093828463,deadzone
7504,ok,1923.210335612297,-4729.533433250152,0.6528085093828463,deadzone
7505,ok,1917.6669830083847,-4722.119609168731,0.6528085093828463,deadzone
7506,ok,1912.292535185814,-4714.591442397796,0.6528085093828463,deadzone
7507,ok,1906.9357198476791,-4707.043781093322,0.6528085093828463,deadzone
7508,ok,1901.6496781110764,-4699.49907093402,0.6528085093828463,deadzone
7509,ok,1896.3753288984299,-4691.950299552642,0.6528085093828463,deadzone
7510,ok,1891.1096123456955,-4684.344224265777,0.6528085093828463,deadzone
7511,ok,1885.9605106115341,-4676.7192180668935,0.6528085093828463,deadzone
7512,ok,1880.8294442892075,-4669.040722659789,0.6528085093828463,deadzone
7513,ok,1875.8002375364304,-4661.275166801177,0.6528085093828463,deadzone
7514,ok,1870.7272008657455,-4653.555342963897,0.6528085093828463,deadzone
7515,ok,1865.6854528188705,-4645.805506519042,0.6528085093828463,deadzone
7516,ok,1860.636906504631,-4638.077240756713,0.6528085093828463,deadzone
7517,ok,1855.6330260038376,-4630.275722316466,0.6528085093828463,deadzone
7518,ok,1850.6486686468124,-4622.450592330657,0.6528085093828463,deadzone
7519,ok,1845.831284403801,-4614.579383186065,0.6528085093828463,deadzone
7520,ok,1840.915308356285,-4606.740816405974,0.6528085093828463,deadzone
7521,ok,1836.1702460050583,-4598.797216228209,0.6528085093828463,deadzone
7522,ok,1831.3336890935898,-4590.8945382153615,0.6528085093828463,deadzone
7523,ok,1826.5971540212631,-4582.907023719512,0.6528085093828463,deadzone
7524,ok,1821.8835386037827,-4574.924604705535,0.6528085093828463,deadzone
7525,ok,1817.230761885643,-4566.895717910491,0.6528085093828463,deadzone
7526,ok,1812.5675743818283,-4558.847194007598,0.6528085093828463,deadzone
7527,ok,1807.9802516698837,-4550.771908096038,0.6528085093828463,deadzone
7528,ok,1803.451419711113,-4542.6417229687795,0.6528085093828463,deadzone
7529,ok,1798.9998811483383,-4534.506602576934,0.6528085093828463,deadzone
7530,ok,1794.5198382139206,-4526.317490867339,0.6528085093828463,deadzone
7531,ok,1790.0444873571396,-4518.186543754302,0.6528085093828463,deadzone
7532,ok,1785.7197116613388,-4509.955376914702,0.6528085093828463,deadzone
7533,ok,1781.352235198021,-4501.687753013335,0.6528085093828463,deadzone
7534,ok,1777.0358074903488,-4493.422048858367,0.6528085093828463,deadzone
7535,ok,1772.7912987470627,-4485.142165473662,0.6528085093828463,deadzone
7536,ok,1768.5637673139572,-4476.8206055676565,0.6528085093828463,deadzone
7537,ok,1764.301580786705,-4468.453340820037,0.6528085093828463,deadzone
7538,ok,1760.1065710783005,-4460.034131339751,0.6528085093828463,deadzone
7539,ok,1755.8901470899582,-4451.670290282927,0.6528085093828463,deadzone
7540,ok,1751.6799730062485,-4443.297066024505,0.6528085093828463,deadzone
7541,ok,1747.5135468244553,-4434.890665343963,0.6528085093828463,deadzone
7542,ok,1743.4339407682419,-4426.465880683623,0.6528085093828463,deadzone
7543,ok,1739.3632816076279,-4418.009689620696,0.6528085093828463,deadzone
7544,ok,1735.2932389974594,-4409.61105184909,0.6528085093828463,deadzone
7545,ok,1731.3137599229813,-4401.16610174533,0.6528085093828463,deadzone
7546,ok,1727.293401837349,-4392.711524299346,0.6528085093828463,deadzone
7547,ok,1723.3048533201218,-4384.231200507842,0.6528085093828463,deadzone
7548,ok,1719.3070639371872,-4375.784588149749,0.6528085093828463,deadzone
7549,ok,1715.3769174814224,-4367.259806922637,0.6528085093828463,deadzone
7550,ok,1711.5080143213272,-4358.765596679412,0.6528085093828463,deadzone
7551,ok,1707.6176179647446,-4350.245683959685,0.6528085093828463,deadzone
7552,ok,1703.7929867506027,-4341.7324498211965,0.6528085093828463,deadzone
7553,ok,1699.9470719099045,-4333.224675468169,0.6528085093828463,deadzone
7554,ok,1696.1129945516586,-4324.6784194028005,0.6528085093828463,deadzone
7555,ok,1692.2997039556503,-4316.213714889251,0.6528085093828463,deadzone
7556,ok,1688.4792348146439,-4307.727553657256,0.6528085093828463,deadzone
7557,ok,1684.7515379190445,-4299.241228393279,0.6528085093828463,deadzone
7558,ok,1681.009216427803,-4290.815201095305,0.6528085093828463,deadzone
7559,ok,1677.3374537229538,-4282.3184445416555,0.6528085093828463,deadzone
7560,ok,1673.6265493631363,-4273.826805404387,0.6528085093828463,deadzone
7561,ok,1669.8680709600449,-4265.200668624602,0.6528085093828463,deadzone
7562,ok,1666.2134367227554,-4256.605445197783,0.6528085093828463,deadzone
7563,ok,1662.5498765707016,-4248.020685485564,0.6528085093828463,deadzone
7564,ok,1658.931865811348,-4239.521659187041,0.6528085093828463,deadzone
7565,ok,1655.3166471719742,-4231.157014182769,0.6528085093828463,deadzone
7566,ok,1651.7790418863297,-4222.804579070769,0.6528085093828463,deadzone
7567,ok,1648.179282784462,-4214.569382957183,0.6528085093828463,deadzone
7568,ok,1644.63647377491,-4206.334391883574,0.6528085093828463,deadzone
7569,ok,1641.0787068605423,-4198.183598808013,0.6528085093828463,deadzone
7570,ok,1637.5380235910416,-4190.094522765838,0.6528085093828463,deadzone
7571,ok,1634.0641080141068,-4182.081216148101,0.6528085093828463,deadzone
7572,ok,1630.5844894647598,-4174.117365173064,0.6528085093828463,deadzone
7573,ok,1627.1650210618973,-4166.13219051715,0.6528085093828463,deadzone
7574,ok,1623.6582616567612,-4158.168913177215,0.6528085093828463,deadzone
7575,ok,1620.1953362226486,-4150.299342445098,0.6528085093828463,deadzone
7576,ok,1616.7511233091354,-4142.387169650756,0.6528085093828463,deadzone
7577,ok,1613.2810517549515,-4134.544108203612,0.6528085093828463,deadzone
7578,ok,1609.9346352815628,-4126.730420402251,0.6528085093828463,deadzone
7579,ok,1606.5271254777908,-4118.886838248931,0.6528085093828463,deadzone
7580,ok,1603.132085442543,-4111.088684371673,0.6528085093828463,deadzone
7581,ok,1599.7958027124405,-4103.328357509337,0.6528085093828463,deadzone
7582,ok,1596.4444354772568,-4095.540761760436,0.6528085093828463,deadzone
7583,ok,1593.2292538881302,-4087.776269725524,0.6528085093828463,deadzone
7584,ok,1589.9800683259964,-4080.0584919964895,0.6528085093828463,deadzone
7585,ok,1586.735175728798,-4072.4015033757314,0.6528085093828463,deadzone
7586,ok,1583.4917298555374,-4064.707126430236,0.6528085093828463,deadzone
7587,ok,1580.321806550026,-4057.0785663640127,0.6528085093828463,deadzone
7588,ok,1577.121478676796,-4049.4299777066335,0.6528085093828463,deadzone
7589,ok,1573.9457474946976,-4041.8034375226125,0.6528085093828463,deadzone
7590,ok,1570.846948504448,-4034.182264140807,0.6528085093828463,deadzone
7591,ok,1567.6845170259476,-4026.555295757018,0.6528085093828463,deadzone
7592,ok,1564.567832350731,-4018.9589121853933,0.6528085093828463,deadzone
7593,ok,1561.4554649591446,-4011.414128593169,0.6528085093828463,deadzone
7594,ok,1558.4006770849228,-4003.725669196807,0.6528085093828463,deadzone
7595,ok,1555.36441552639,-3996.142246535979,0.6528085093828463,deadzone
7596,ok,1552.3222740888596,-3988.5531547581777,0.6528085093828463,deadzone
7597,ok,1549.303396821022,-3980.9956820523366,0.6528085093828463,deadzone
7598,ok,1546.271451830864,-3973.4146264111623,0.6528085093828463,deadzone
7599,ok,1543.3089195489883,-3965.8301604306325,0.6528085093828463,deadzone
7600,ok,1540.3273230791092,-3958.320830157958,0.6528085093828463,deadzone
7601,ok,1537.4017387628555,-3950.7954447781667,0.6528085093828463,deadzone
7602,ok,1534.4263204336166,-3943.375273040496,0.6528085093828463,deadzone
7603,ok,1531.599938750267,-3935.938858321868,0.6528085093828463,deadzone
7604,ok,1528.710485816002,-3928.545156768523,0.6528085093828463,deadzone
7605,ok,1525.9060176610947,-3921.174975208007,0.6528085093828463,deadzone
7606,ok,1523.0816799402237,-3913.8988755261526,0.6528085093828463,deadzone
7607,ok,1520.3911513090134,-3906.6020153081045,0.6528085093828463,deadzone
7608,ok,1517.6337276697159,-3899.3852065121755,0.6528085093828463,deadzone
7609,ok,1514.8377178907394,-3892.19109468814,0.6528085093828463,deadzone
7610,ok,1512.089486002922,-3885.058022788726,0.6528085093828463,deadzone
7611,ok,1509.4320610761642,-3877.944470218383,0.6528085093828463,deadzone
7612,ok,1506.8228477239609,-3871.0584438359365,0.6528085093828463,deadzone
7613,ok,1504.106843829155,-3863.985179713927,0.6528085093828463,deadzone
7614,ok,1501.4072147607803,-3856.9495513951406,0.6528085093828463,deadzone
7615,ok,1498.8096050024033,-3849.912380508147,0.6528085093828463,deadzone
7616,ok,1496.1160846948624,-3842.9584367787465,0.6528085093828463,deadzone
7617,ok,1493.5019170045853,-3835.9512503659353,0.6528085093828463,deadzone
7618,ok,1490.8729857206345,-3828.968573859893,0.6528085093828463,deadzone
7619,ok,1488.2245765924454,-3822.040216735564,0.6528085093828463,deadzone
7620,ok,1485.650020956993,-3815.034992984496,0.6528085093828463,deadzone
7621,ok,1483.071835398674,-3808.0291832005605,0.6528085093828463,deadzone
7622,ok,1480.5626717805862,-3801.0460684811696,0.6528085093828463,deadzone
7623,ok,1478.021022439003,-3794.132875255309,0.6528085093828463,deadzone
7624,ok,1475.547103524208,-3787.1906679188833,0.6528085093828463,deadzone
7625,ok,1473.1018871068954,-3780.260909846984,0.6528085093828463,deadzone
7626,ok,1470.6260079145432,-3773.3521788632497,0.6528085093828463,deadzone
7627,ok,1468.2009690999985,-3766.4128544842824,0.6528085093828463,deadzone
7628,ok,1465.739179968834,-3759.524660400115,0.6528085093828463,deadzone
7629,ok,1463.3852418661118,-3752.6109908139333,0.6528085093828463,deadzone
7630,ok,1460.945683836937,-3745.7880423581228,0.6528085093828463,deadzone
7631,ok,1458.6196216344833,-3738.91787701007,0.6528085093828463,deadzone
7632,ok,1456.2192124128342,-3732.125303081237,0.6528085093828463,deadzone
7633,ok,1453.9033724069595,-3725.3462427174672,0.6528085093828463,deadzone
7634,ok,1451.5936115980148,-3718.5670640980825,0.6528085093828463,deadzone
7635,ok,1449.172264456749,-3711.9198110615835,0.6528085093828463,deadzone
7636,ok,1446.9345415830612,-3705.2007754361257,0.6528085093828463,deadzone
7637,ok,1444.631936430931,-3698.5870559727773,0.6528085093828463,deadzone
7638,ok,1442.3943699598312,-3691.9575889622793,0.6528085093828463,deadzone
7639,ok,1440.1620899438858,-3685.34588318225,0.6528085093828463,deadzone
7640,ok,1437.9920102357864,-3678.79830341693,0.6528085093828463,deadzone
7641,ok,1435.7435590028763,-3672.397198489867,0.6528085093828463,deadzone
7642,ok,1433.6146620512009,-3665.9591148411855,0.6528085093828463,deadzone
7643,ok,1431.413017630577,-3659.5759704625234,0.6528085093828463,deadzone
7644,ok,1429.2801204919815,-3653.1376426732168,0.6528085093828463,deadzone
7645,ok,1427.2808192968369,-3646.8029101407155,0.6528085093828463,deadzone
7646,ok,1425.1658438444138,-3640.4804089581594,0.6528085093828463,deadzone
7647,ok,1423.08937895298,-3634.145730785094,0.6528085093828463,deadzone
7648,ok,1421.1041392087936,-3627.759750179015,0.6528085093828463,deadzone
7649,ok,1419.0047146081924,-3621.3964784657583,0.6528085093828463,deadzone
7650,ok,1417.1434942483902,-3614.9325826680288,0.6528085093828463,deadzone
7651,ok,1415.1447006464005,-3608.452274612151,0.6528085093828463,deadzone
7652,ok,1413.3235529661179,-3601.944305232726,0.6528085093828463,deadzone
7653,ok,1411.5748671293259,-3595.3915427243337,0.6528415764491476,ok
7654,ok,1409.6600720882416,-3588.78524570819,0.6529246311490837,ok
7655,ok,1408.0118856430054,-3582.570966533385,0.653053495596692,ok
7656,ok,1406.2735327482224,-3576.4068840062246,0.6532030766346687,ok
7657,ok,1404.7967381477356,-3570.412181667052,0.6533696876964248,ok
7658,ok,1403.3735347986221,-3564.675716689788,0.6533696876964248,deadzone
7659,ok,1402.0475723743439,-3559.10813551303,0.6533696876964248,deadzone
7660,ok,1400.800123333931,-3553.75742369052,0.6533696876964248,deadzone
7661,ok,1399.6038138866425,-3548.6183269536123,0.6533696876964248,deadzone
7662,ok,1398.543861746788,-3543.695673278533,0.6533696876964248,deadzone
7663,ok,1397.389931678772,-3539.1444290196523,0.6533696876964248,deadzone
7664,ok,1396.4158567786217,-3534.7556164776906,0.6533696876964248,deadzone
7665,ok,1395.5375156998634,-3530.6196682965383,0.6533696876964248,deadzone
7666,ok,1394.6181232333183,-3526.6870570695028,0.6533696876964248,deadzone
7667,ok,1393.8624927401543,-3523.0145097291097,0.6533696876964248,deadzone
7668,ok,1393.0586304068565,-3519.518232396804,0.6533696876964248,deadzone
7669,ok,1392.2808446288109,-3516.1943934476003,0.6533696876964248,deadzone
7670,ok,1391.6461135149002,-3512.9559143101797,0.6533696876964248,deadzone
7671,ok,1391.0111944675446,-3509.9076543366536,0.6533696876964248,deadzone
7672,ok,1390.3771468997002,-3506.891937307082,0.6533696876964248,deadzone
7673,ok,1389.8392925262451,-3504.112331680022,0.6533696876964248,deadzone
7674,ok,1389.2860946655273,-3501.6027045762166,0.6533696876964248,deadzone
7675,ok,1388.7669458389282,-3499.157161287032,0.6533696876964248,deadzone
7676,ok,1388.3391292095184,-3496.8284872090444,0.6533696876964248,deadzone
7677,ok,1387.831492304802,-3494.4064348256215,0.6533696876964248,deadzone
7678,ok,1387.4116055965424,-3492.053535751067,0.6533696876964248,deadzone
7679,ok,1386.9479139447212,-3489.7791367089376,0.6533696876964248,deadzone
7680,ok,1386.4479420483112,-3487.4602232491598,0.6533696876964248,deadzone
7681,ok,1386.0646455287933,-3485.2527428185567,0.6533696876964248,deadzone
7682,ok,1385.603079020977,-3483.166949561797,0.6533696876964248,deadzone
7683,ok,1385.0713733434677,-3481.148200086318,0.6533696876964248,deadzone
7684,ok,1384.6744073927402,-3479.110490373336,0.6533696876964248,deadzone
7685,ok,1384.2269023060799,-3477.080914787017,0.6533696876964248,deadzone
7686,ok,1383.6726188659668,-3474.9844601666555,0.6533696876964248,deadzone
7687,ok,1383.2812370061874,-3473.04692249652,0.6533696876964248,deadzone
7688,ok,1382.9145418405533,-3471.0848784958944,0.6533696876964248,deadzone
7689,ok,1382.476769655943,-3469.0942007815465,0.6533696876964248,deadzone
7690,ok,1382.1293542385101,-3467.0338475024328,0.6533696876964248,deadzone
7691,ok,1381.7326889038086,-3465.0322105204687,0.6533696876964248,deadzone
7692,ok,1381.2228531241417,-3463.0647886311635,0.6533696876964248,deadzone
7693,ok,1380.6137381792068,-3461.3462894475088,0.6533696876964248,deadzone
7694,ok,1380.207424223423,-3459.5641003167257,0.6533696876964248,deadzone
7695,ok,1379.6822509169579,-3457.738877109252,0.6533696876964248,deadzone
7696,ok,1379.110148370266,-3456.011649659835,0.6533696876964248,deadzone
7697,ok,1378.543547153473,-3454.2904331004247,0.6533696876964248,deadzone
7698,ok,1378.12548494339,-3452.4577396428213,0.6533696876964248,deadzone
7699,ok,1377.583645761013,-3450.6567193781957,0.6533696876964248,deadzone
7700,ok,1376.9416086673737,-3449.045761159621,0.6533696876964248,deadzone
7701,ok,1376.3104331493378,-3447.3644089018926,0.6533696876964248,deadzone
7702,ok,1375.6899629831314,-3445.608235648833,0.6533696876964248,deadzone
7703,ok,1375.0493371486664,-3443.736444762908,0.6533696876964248,deadzone
7704,ok,1374.297842681408,-3442.0235884701833,0.6533696876964248,deadzone
7705,ok,1373.6066219806671,-3440.3634479558095,0.6533696876964248,deadzone
7706,ok,1372.8487792015076,-3438.7286021029577,0.6533696876964248,deadzone
7707,ok,1372.0207246541977,-3437.1513239657506,0.6533696876964248,deadzone
7708,ok,1371.1729242801666,-3435.422523549758,0.6533696876964248,deadzone
7709,ok,1370.3354166150093,-3433.6516743218526,0.6533696876964248,deadzone
7710,ok,1369.4202309846878,-3431.949750474654,0.6533696876964248,deadzone
7711,ok,1368.5135190486908,-3430.166110805236,0.6533696876964248,deadzone
7712,ok,1367.668935418129,-3428.3599830185995,0.6533696876964248,deadzone
7713,ok,1366.7432969808578,-3426.6088953530416,0.6533696876964248,deadzone
7714,ok,1365.8365169763565,-3424.7250173604116,0.6533696876964248,deadzone
7715,ok,1364.8223758935928,-3422.9064541375265,0.6533696876964248,deadzone
7716,ok,1363.7317643165588,-3421.250839284621,0.6533696876964248,deadzone
7717,ok,1362.591735959053,-3419.4216155325994,0.6533696876964248,deadzone
7718,ok,1361.54518866539,-3417.488044313155,0.6533696876964248,deadzone
7719,ok,1360.4162722826004,-3415.601080111228,0.6533696876964248,deadzone
7720,ok,1359.2446299791336,-3413.70709889289,0.6533696876964248,deadzone
7721,ok,1358.1339248418808,-3411.829489997588,0.6533696876964248,deadzone
7722,ok,1357.026405453682,-3409.911263159476,0.6533696876964248,deadzone
7723,ok,1355.791732430458,-3407.9071540152654,0.6533696876964248,deadzone
7724,ok,1354.5269309282303,-3405.8954550540075,0.6533696876964248,deadzone
7725,ok,1353.2809652090073,-3403.9009665763006,0.6533696876964248,deadzone
7726,ok,1351.8781133890152,-3401.923131278716,0.6533696876964248,deadzone
7727,ok,1350.4855419397354,-3399.7660828148946,0.6533696876964248,deadzone
7728,ok,1349.1262078285217,-3397.608393720351,0.6533696876964248,deadzone
7729,ok,1347.5603528022766,-3395.3754787957296,0.6533696876964248,deadzone
7730,ok,1346.0504007339478,-3393.1244123494253,0.6533696876964248,deadzone
7731,ok,1344.471571445465,-3390.8460829770193,0.6533696876964248,deadzone
7732,ok,1342.8330640792847,-3388.5647936379537,0.6533696876964248,deadzone
7733,ok,1341.2010719776154,-3386.250063470565,0.6533696876964248,deadzone
7734,ok,1339.3991959095001,-3383.828591636382,0.6533696876964248,deadzone
7735,ok,1337.5821597576141,-3381.315990499221,0.6533696876964248,deadzone
7736,ok,1335.7760549783707,-3378.7770951306447,0.6533696876964248,deadzone
7737,ok,1333.9349864721298,-3376.2143030678853,0.6533696876964248,deadzone
7738,ok,1332.0205953121185,-3373.6499341046438,0.6533696876964248,deadzone
7739,ok,1330.0692249536514,-3370.9872146165,0.6533696876964248,deadzone
7740,ok,1328.0858503580093,-3368.304938844405,0.6533696876964248,deadzone
7741,ok,1326.0929852724075,-3365.583557180129,0.6533696876964248,deadzone
7742,ok,1323.9490820169449,-3362.814028075896,0.6533696876964248,deadzone
7743,ok,1321.8615854978561,-3359.935395053588,0.6533696876964248,deadzone
7744,ok,1319.7437225580215,-3357.007751754485,0.6533696876964248,deadzone
7745,ok,1317.5872398614883,-3354.101801446639,0.6533696876964248,deadzone
7746,ok,1315.428779244423,-3351.1129761254415,0.6533696876964248,deadzone
7747,ok,1313.2690387964249,-3348.0359478509054,0.6533696876964248,deadzone
7748,ok,1311.1202770471573,-3344.8570306813344,0.6533696876964248,deadzone
7749,ok,1308.8026620149612,-3341.709650329314,0.6533696876964248,deadzone
7750,ok,1306.6773933172226,-3338.524467757903,0.6533696876964248,deadzone
7751,ok,1304.4976953268051,-3335.221873811446,0.6533696876964248,deadzone
7752,ok,1302.236449122429,-3331.9630594765767,0.6533696876964248,deadzone
7753,ok,1299.9990080595016,-3328.667764714919,0.6533696876964248,deadzone
7754,ok,1297.7008482217789,-3325.3306108033285,0.6533696876964248,deadzone
7755,ok,1295.4109679460526,-3321.917375138961,0.6533696876964248,deadzone
7756,ok,1293.1781951189041,-3318.3890443360433,0.6533696876964248,deadzone
7757,ok,1290.8688675165176,-3314.795992425643,0.6533696876964248,deadzone
7758,ok,1288.5705837011337,-3311.084576896392,0.6533696876964248,deadzone
7759,ok,1286.228926062584,-3307.3650646721944,0.6533696876964248,deadzone
7760,ok,1283.9058295488358,-3303.621315053664,0.6533696876964248,deadzone
7761,ok,1281.5782302618027,-3299.9375296151266,0.6533696876964248,deadzone
7762,ok,1279.1499050855637,-3296.233969978057,0.6533696876964248,deadzone
7763,ok,1276.806231379509,-3292.565139583312,0.6533696876964248,deadzone
7764,ok,1274.4082297086716,-3288.8525856053457,0.6533696876964248,deadzone
7765,ok,1271.9754666090012,-3285.1350076710805,0.6533696876964248,deadzone
7766,ok,1269.4870940446854,-3281.4226584946737,0.6533696876964248,deadzone
7767,ok,1267.0488525629044,-3277.7619252717122,0.6533696876964248,deadzone
7768,ok,1264.5716725587845,-3274.1107209241018,0.6533696876964248,deadzone
7769,ok,1262.131869673729,-3270.4456010377035,0.6533696876964248,deadzone
7770,ok,1259.6565688848495,-3266.6998959099874,0.6533696876964248,deadzone
7771,ok,1257.2087217569351,-3263.004884294234,0.6533696876964248,deadzone
7772,ok,1254.7080832719803,-3259.1899936711416,0.6533696876964248,deadzone
7773,ok,1252.1555045843124,-3255.3958189999685,0.6533696876964248,deadzone
7774,ok,1249.6633466482162,-3251.5932872807607,0.6533696876964248,deadzone
7775,ok,1247.1413286924362,-3247.7355664288625,0.6533696876964248,deadzone
7776,ok,1244.5653644800186,-3243.8693645512685,0.6533696876964248,deadzone
7777,ok,1241.982957959175,-3239.9409986054525,0.6533696876964248,deadzone
7778,ok,1239.3997255563736,-3236.0174303567037,0.6533696876964248,deadzone
7779,ok,1236.7929385900497,-3232.043013385497,0.6533696876964248,deadzone
7780,ok,1234.1780391931534,-3228.0551889454946,0.6533696876964248,deadzone
7781,ok,1231.4835988283157,-3224.0444043194875,0.6533696876964248,deadzone
7782,ok,1228.8592921495438,-3219.9686902081594,0.6533696876964248,deadzone
7783,ok,1226.2337864637375,-3215.8470023190603,0.6533696876964248,deadzone
7784,ok,1223.6004348993301,-3211.7390206372365,0.6533696876964248,deadzone
7785,ok,1220.9589434862137,-3207.5338399922475,0.6533696876964248,deadzone
7786,ok,1218.3228007555008,-3203.269804767333,0.6533696876964248,deadzone
7787,ok,1215.7195810079575,-3199.0038264309987,0.6533696876964248,deadzone
7788,ok,1213.0919712781906,-3194.7175548588857,0.6533696876964248,deadzone
7789,ok,1210.5168174505234,-3190.406231692992,0.6533696876964248,deadzone
7790,ok,1207.8082753419876,-3186.028861812316,0.6533696876964248,deadzone
7791,ok,1205.1997700929642,-3181.5612595593557,0.6533696876964248,deadzone
7792,ok,1202.5310269594193,-3177.0772569691762,0.6533696876964248,deadzone
7793,ok,1200.0349260568619,-3172.535432628356,0.6534083552579073,ok
7794,ok,1197.5342775583267,-3167.9518092190847,0.6534083552579073,deadzone
7795,ok,1194.9998341798782,-3163.3869026219472,0.6534458461588618,ok
7796,ok,1192.54480779171,-3158.7933195149526,0.6535085146388672,ok
7797,ok,1190.1433123350143,-3154.1426117932424,0.6536023641876877,ok
7798,ok,1187.6968446969986,-3149.466569713317,0.6537175202073052,ok
7799,ok,1185.2587670087814,-3144.7670763051137,0.6538627821433378,ok
7800,ok,1182.9019359350204,-3140.028624347411,0.6540281147566056,ok
7801,ok,1180.53357732296,-3135.2650735890493,0.6542203467024845,ok
7802,ok,1178.2380348443985,-3130.4544995343313,0.6544405670887592,ok
7803,ok,1175.9382075071335,-3125.605984023772,0.654688346676628,ok
7804,ok,1173.7394005060196,-3120.7567370450124,0.6549692441725683,ok
7805,ok,1171.475815653801,-3115.91135816928,0.6552765137694575,ok
7806,ok,1169.2781156301498,-3111.0485065495595,0.6556133540427141,ok
7807,ok,1166.9319154024124,-3106.1977122342214,0.6559775927022282,ok
7808,ok,1164.8867326974869,-3101.2456748997793,0.6563697206664442,ok
7809,ok,1162.606676697731,-3096.273807815276,0.656789000314637,ok
7810,ok,1160.4789217710495,-3091.3034351384267,0.6572310166292915,ok
7811,ok,1158.2549384832382,-3086.3317492520437,0.6576944382879455,ok
7812,ok,1156.1764019727707,-3081.363035968505,0.6581719209099076,ok
7813,ok,1154.0163642168045,-3076.32732515689,0.6586639689745872,ok
7814,ok,1151.8700903654099,-3071.2691371953115,0.6591682823158888,ok
7815,ok,1149.8600803613663,-3066.2102511441335,0.6596858655131037,ok
7816,ok,1147.7352389097214,-3061.1329939877614,0.660206904354882,ok
7817,ok,1145.6699916124344,-3056.044595531188,0.6607307178837201,ok
7818,ok,1143.5900403261185,-3050.9071934735402,0.661262833717768,ok
7819,ok,1141.5800062417984,-3045.7573307072744,0.6617967507342164,ok
7820,ok,1139.5968009233475,-3040.56543522235,0.6623392351275231,ok
7821,ok,1137.5581704378128,-3035.379050544463,0.6628860047895653,ok
7822,ok,1135.5836851596832,-3030.196613601409,0.6634421105185015,ok
7823,ok,1133.6255967617035,-3025.0062397038564,0.6640041897838959,ok
7824,ok,1131.5787768363953,-3019.8406365429983,0.6645852205183226,ok
7825,ok,1129.7259092330933,-3014.6090291058645,0.6651675008584869,ok
7826,ok,1127.805102944374,-3009.273627093993,0.6657620045364623,ok
7827,ok,1125.939773797989,-3003.9641397511587,0.6663652486082067,ok
7828,ok,1124.0773403644562,-2998.662452033721,0.6669726953271564,ok
7829,ok,1122.1645710468292,-2993.358213237487,0.6675762434190774,ok
7830,ok,1120.3393337726593,-2988.0133169209585,0.6681726411157921,ok
7831,ok,1118.4110535383224,-2982.640256694518,0.6687559249870427,ok
7832,ok,1116.628561615944,-2977.2633889233693,0.669329185480181,ok
7833,ok,1114.7710403203964,-2971.8986461674795,0.6698997779690058,ok
7834,ok,1112.956186890602,-2966.491879752837,0.6704670024972682,ok
7835,ok,1111.1669727563858,-2961.1427658116445,0.6710358263793239,ok
7836,ok,1109.3844575881958,-2955.754569343291,0.6716101430063249,ok
7837,ok,1107.6413326263428,-2950.3258984601125,0.6721898626754992,ok
7838,ok,1105.9193997383118,-2944.8961146390066,0.6727837642135053,ok
7839,ok,1104.2277109622955,-2939.447196296416,0.6733911736446457,ok
7840,ok,1102.5675455331802,-2933.986809066497,0.674013512180505,ok
7841,ok,1100.9208059310913,-2928.525540641509,0.6746542555077608,ok
7842,ok,1099.245740056038,-2923.015362552367,0.6753102446586864,ok
7843,ok,1097.625498175621,-2917.5345490491018,0.6759847603295883,ok
7844,ok,1096.074011683464,-2912.112102321349,0.6766673868677429,ok
7845,ok,1094.4201357364655,-2906.621035388671,0.6773532579844579,ok
7846,ok,1092.8765051364899,-2901.19717722293,0.6780465736747399,ok
7847,ok,1091.3323545455933,-2895.721305659972,0.678742463162339,ok
7848,ok,1089.7904529571533,-2890.268165401183,0.6794404016855669,ok
7849,ok,1088.266263127327,-2884.7719004666433,0.6801351171536856,ok
7850,ok,1086.7301145792007,-2879.236978820525,0.6808236796046201,ok
7851,ok,1085.2074716091156,-2873.769720843993,0.6815112761455054,ok
7852,ok,1083.7663272619247,-2868.3562706029043,0.6821958465666212,ok
7853,ok,1082.2560161352158,-2862.888957790099,0.6828756402453181,ok
7854,ok,1080.8247725963593,-2857.361432841979,0.6835509486718568,ok
7855,ok,1079.3247294425964,-2851.810705951415,0.6842267301691046,ok
7856,ok,1077.9553351402283,-2846.2712133442983,0.6849038397622632,ok
7857,ok,1076.5361708402634,-2840.7291439091787,0.6855794781395993,ok
7858,ok,1075.142815709114,-2835.203295997344,0.6862619642186555,ok
7859,ok,1073.709839463234,-2829.685684493743,0.6869429091392306,ok
7860,ok,1072.345434308052,-2824.1183703457937,0.6876278479610665,ok
7861,ok,1070.966507077217,-2818.573904327117,0.68831819916349,ok
7862,ok,1069.6386625766754,-2813.0037506138906,0.6890106126799651,ok
7863,ok,1068.344368815422,-2807.465116790496,0.6897102678333437,ok
7864,ok,1066.9876915216446,-2801.9175031697378,0.6904177866712737,ok
7865,ok,1065.726962685585,-2796.368995002471,0.6911316973142192,ok
7866,ok,1064.4516661167145,-2790.7727368390188,0.6918509453558492,ok
7867,ok,1063.1453551054,-2785.171696475707,0.6925757505198958,ok
7868,ok,1061.903839468956,-2779.5932348286733,0.6933086202792732,ok
7869,ok,1060.614113688469,-2773.996720603667,0.6940439181455861,ok
7870,ok,1059.4099482297897,-2768.445751479827,0.6947791281517299,ok
7871,ok,1058.1636191606522,-2762.908187202178,0.6955119877601684,ok
7872,ok,1056.9995856285095,-2757.3685844456777,0.6962437128261446,ok
7873,ok,1055.7773807048798,-2751.884370616637,0.696972236541337,ok
7874,ok,1054.6081640720367,-2746.422290614806,0.6976974384810205,ok
7875,ok,1053.4878869056702,-2740.9525168454275,0.6984181688321898,ok
7876,ok,1052.3244540691376,-2735.531005672179,0.6991348075286459,ok
7877,ok,1051.2300044298172,-2730.0674679791555,0.6998488452775903,ok
7878,ok,1050.1215683221817,-2724.6746495282277,0.700567923216812,ok
7879,ok,1048.989760518074,-2719.287847331725,0.7012946327979181,ok
7880,ok,1047.9601335525513,-2713.9254959141836,0.7020295923368699,ok
7881,ok,1046.8877837657928,-2708.6102340733632,0.7027939465082016,ok
7882,ok,1045.8845273256302,-2703.3698833500966,0.7035885702903917,ok
7883,ok,1044.8869037628174,-2698.1542528187856,0.70441479105707,ok
7884,ok,1043.8605440855026,-2692.9759748494253,0.7052779353901822,ok
7885,ok,1042.9223791360855,-2687.759093097411,0.7061820944229618,ok
7886,ok,1041.9304860830307,-2682.6817348515615,0.707132033712996,ok
7887,ok,1040.9875366091728,-2677.5576088940725,0.708118934014366,ok
7888,ok,1040.0038502812386,-2672.4997952496633,0.709152464236593,ok
7889,ok,1039.0652793049812,-2667.4184487378225,0.7102249392066863,ok
7890,ok,1038.2231591939926,-2662.373390487395,0.7113361039028462,ok
7891,ok,1037.3417783975601,-2657.2987864529714,0.7124800878820685,ok
7892,ok,1036.5192102789879,-2652.2598450696096,0.7136647551792519,ok
7893,ok,1035.709742307663,-2647.303342155181,0.7148766053229518,ok
7894,ok,1034.9079971313477,-2642.316508105956,0.7161151715210153,ok
7895,ok,1034.1452847719193,-2637.3763812100515,0.7173763828011613,ok
7896,ok,1033.3858542442322,-2632.49530392047,0.7186727177737905,ok
7897,ok,1032.5911688804626,-2627.637935928069,0.7199853884141815,ok
7898,ok,1031.79122453928,-2622.821870616637,0.7213176480013788,ok
7899,ok,1031.0541279315948,-2617.9855058705434,0.7226654498479039,ok
7900,ok,1030.2437826395035,-2613.238516143523,0.7240297290921214,ok
7901,ok,1029.4762934446335,-2608.5877974545583,0.7254057513465572,ok
7902,ok,1028.7298246622086,-2603.8579166447744,0.7267879540832481,ok
7903,ok,1027.9409306049347,-2599.2251318013296,0.7281825568790998,ok
7904,ok,1027.2257503271103,-2594.605908206664,0.7295888463072598,ok
7905,ok,1026.4996141195297,-2589.9860961949453,0.731007434422605,ok
7906,ok,1025.840282380581,-2585.333883575164,0.7324409097625064,ok
7907,ok,1025.0585396885872,-2580.699372104369,0.7338858282845507,ok
7908,ok,1024.2820675969124,-2576.2330592190847,0.7353475470229461,ok
7909,ok,1023.5362195372581,-2571.7008441006765,0.736811287451016,ok
7910,ok,1022.8093920350075,-2567.2255752598867,0.7382872808684322,ok
7911,ok,1022.1691880226135,-2562.653955272399,0.7397626171354282,ok
7912,ok,1021.5076545476913,-2558.072590163909,0.7412481823377362,ok
7913,ok,1020.8314908742905,-2553.6387508427724,0.7427497301313178,ok
7914,ok,1020.1000969409943,-2549.277664951049,0.7442548509511239,ok
7915,ok,1019.3996535539627,-2544.9464519536123,0.7457721207373514,ok
7916,ok,1018.7667924761772,-2540.5432045971975,0.747292281133714,ok
7917,ok,1018.1241703629494,-2536.1148703610525,0.7488205537255851,ok
7918,ok,1017.5339408516884,-2531.7487500226125,0.7503579533889655,ok
7919,ok,1016.8600744605064,-2527.3719776188955,0.7518970595533137,ok
7920,ok,1016.1713610887527,-2523.0099447285756,0.7534319688357127,ok
7921,ok,1015.5328143239021,-2518.654049686156,0.754965146001251,ok
7922,ok,1014.8769783973694,-2514.2667859112844,0.7564956027801756,ok
7923,ok,1014.1797512769699,-2509.8940198933706,0.7580149739996538,ok
7924,ok,1013.5676690936089,-2505.4958260571584,0.759536367290783,ok
7925,ok,1012.8993620872498,-2501.126395515166,0.7610457376622298,ok
7926,ok,1012.3033698797226,-2496.664806178771,0.7625559752434639,ok
7927,ok,1011.6583225727081,-2492.217579654418,0.7640596189320507,ok
7928,ok,1011.062870323658,-2487.6537249600515,0.7655559694484262,ok
7929,ok,1010.5355967879295,-2482.9772265469655,0.7670448958749218,ok
7930,ok,1009.8994016051292,-2478.3416355168447,0.7685301298061148,ok
7931,ok,1009.2020317316055,-2473.581530860625,0.7700053634531621,ok
7932,ok,1008.644651889801,-2468.784115127288,0.7714773200192869,ok
7933,ok,1007.9990116357803,-2463.939949802123,0.772944039515588,ok
7934,ok,1007.4852264523506,-2459.1148727452382,0.7744072681024016,ok
7935,ok,1006.8742825388908,-2454.2086141621694,0.7758656343262547,ok
7936,ok,1006.2763719558716,-2449.2778442418203,0.7773229377333886,ok
7937,ok,1005.6536502838135,-2444.240957549773,0.7787717181886724,ok
7938,ok,1005.1693923473358,-2439.1324852025136,0.7802214505909179,ok
7939,ok,1004.6327049136162,-2433.9861634289846,0.7816691642948057,ok
7940,ok,1004.1049618124962,-2428.801896384917,0.7831253261539917,ok
7941,ok,1003.5497269630432,-2423.587468436919,0.7845809647763449,ok
7942,ok,1002.9646515846252,-2418.330420783721,0.7860349206739354,ok
7943,ok,1002.4801141619682,-2412.9987896000966,0.787494499694371,ok
7944,ok,1002.0702700614929,-2407.6803906476125,0.7889577233154139,ok
7945,ok,1001.5464134812355,-2402.283437064849,0.7904232464065463,ok
7946,ok,1001.054810166359,-2396.930853656493,0.7918932477984673,ok
7947,ok,1000.5680488049984,-2391.5345819508657,0.7933704929232432,ok
7948,ok,1000.0846476256847,-2386.1479285275564,0.794853953007586,ok
7949,ok,999.5589502751827,-2380.8170726811513,0.7963491251391146,ok
7950,ok,999.0867548882961,-2375.4592445408925,0.7978416863866933,ok
7951,ok,998.5656277239323,-2370.1132820164785,0.7993319502747961,ok
7952,ok,998.1858904063702,-2364.8329723393545,0.8008122962147235,ok
7953,ok,997.774534791708,-2359.51700477954,0.8022906311171062,ok
7954,ok,997.3292039334774,-2354.1950080906972,0.8037638858262359,ok
7955,ok,997.0071374475956,-2348.920026591979,0.8052326323566843,ok
7956,ok,996.6290290057659,-2343.697357944213,0.8066943655650802,ok
7957,ok,996.3266203701496,-2338.466578773223,0.8081488738937225,ok
7958,ok,995.9861046969891,-2333.333856872283,0.8095924741833406,ok
7959,ok,995.5977017879486,-2328.193973354064,0.8110299595896997,ok
7960,ok,995.2614790797234,-2323.092540553771,0.8124586058005968,ok
7961,ok,994.953284651041,-2317.998821071349,0.8138814863949249,ok
7962,ok,994.6003944277763,-2312.9641535794362,0.8153029376189382,ok
7963,ok,994.3219146132469,-2308.011570266448,0.8167187974845725,ok
7964,ok,993.9920761585236,-2303.13800793048,0.8181320059142803,ok
7965,ok,993.7547534406185,-2298.264439395629,0.8195397507581611,ok
7966,ok,993.4491629302502,-2293.449108890258,0.8209458485757424,ok
7967,ok,993.23067304492,-2288.7017515217885,0.8223504792040477,ok
7968,ok,992.9780884087086,-2284.02951889392,0.8237515038497865,ok
7969,ok,992.6527793705463,-2279.354757121764,0.8251496010590005,ok
7970,ok,992.4065208733082,-2274.7014387166128,0.8265471867521976,ok
7971,ok,992.2027564942837,-2270.1420000111684,0.8279538266196793,ok
7972,ok,991.9524846673012,-2265.59238129016,0.8293546185320408,ok
7973,ok,991.7142099142075,-2261.127103141509,0.8307561447018683,ok
7974,ok,991.4636454582214,-2256.697074702941,0.8321628237664805,ok
7975,ok,991.2984015345573,-2252.266088775359,0.833575742099801,ok
7976,ok,991.1290567070246,-2247.8913467442617,0.8350074559173511,ok
7977,ok,991.0031087547541,-2243.496913245879,0.8364437984743164,ok
7978,ok,990.8454451113939,-2239.1537430798635,0.8378855503290313,ok
7979,ok,990.6571597903967,-2234.810072711669,0.8393382215737787,ok
7980,ok,990.5057707875967,-2230.542206100188,0.8407981249504651,ok
7981,ok,990.2790691554546,-2226.4167702710256,0.8422734667733875,ok
7982,ok,990.1518071591854,-2222.2697251355276,0.8437449226000172,ok
7983,ok,989.8866002261639,-2218.086350253783,0.845218932127321,ok
7984,ok,989.7018688470125,-2213.943385413848,0.8467051588839897,ok
7985,ok,989.5655311048031,-2209.7986577069387,0.8481939327006963,ok
7986,ok,989.3453904539347,-2205.652029327117,0.8496881264246648,ok
7987,ok,989.1814008504152,-2201.549032977782,0.851180703506736,ok
7988,ok,989.0867827385664,-2197.511574081145,0.8526725340333925,ok
7989,ok,988.8095233291388,-2193.5083973919973,0.8541615826852755,ok
7990,ok,988.6189979314804,-2189.551282457076,0.8556514116197542,ok
7991,ok,988.4250745624304,-2185.567642024718,0.8571309093297212,ok
7992,ok,988.248618632555,-2181.635246566497,0.8586186014580197,ok
7993,ok,988.0349704176188,-2177.785531095229,0.860111786116284,ok
7994,ok,987.831144541502,-2173.8540976559743,0.8615955439771699,ok
7995,ok,987.6088673770428,-2169.9852934395894,0.8630863875206186,ok
7996,ok,987.4299051612616,-2166.1767445122823,0.8645657164880848,ok
7997,ok,987.1827912926674,-2162.362028650008,0.8660442220880787,ok
7998,ok,987.0159890800714,-2158.54807525035,0.8675124465600906,ok
7999,ok,986.8900965452194,-2154.764698079787,0.8689828902048222,ok
8000,ok,986.7561375051737,-2151.040993980132,0.870443097463839,ok
8001,ok,986.6156605929136,-2147.3303831135854,0.8719001245285675,ok
8002,ok,986.4852606803179,-2143.623664668761,0.8733389324854807,ok
8003,ok,986.4351969659328,-2139.9579892670736,0.8747711583261373,ok
8004,ok,986.2519094049931,-2136.2870376622304,0.8761864109498131,ok
8005,ok,986.1351155936718,-2132.66872935649,0.8775941497355614,ok
8006,ok,985.9791952520609,-2129.078729919158,0.8789829735655201,ok
8007,ok,985.8220102190971,-2125.551343730651,0.8803655086669018,ok
8008,ok,985.6762181222439,-2122.005934528075,0.8817247570181611,ok
8009,ok,985.5319818258286,-2118.5035303151235,0.8830774207910959,ok
8010,ok,985.4088838398457,-2115.0521090542898,0.8844292900603831,ok
8011,ok,985.215398594737,-2111.6349998032674,0.8857691069995937,ok
8012,ok,985.1436603441834,-2108.1670263325796,0.8871109681672573,ok
8013,ok,985.0666302666068,-2104.8163958108053,0.8884491457585609,ok
8014,ok,984.9664985090494,-2101.4078894173726,0.8897723730827246,ok
8015,ok,984.8412518203259,-2098.1127806222066,0.8910880680157712,ok
8016,ok,984.8425511717796,-2094.8160558259115,0.8923763059815034,ok
8017,ok,984.7559206113219,-2091.460832170211,0.8936588986311192,ok
8018,ok,984.6025013104081,-2088.252607396804,0.8949317185504898,ok
8019,ok,984.5374891087413,-2084.9404123341665,0.8961917598556561,ok
8020,ok,984.5371908396482,-2081.7224894082174,0.8974454004302481,ok
8021,ok,984.4773237779737,-2078.474416784011,0.8987019408117662,ok
8022,ok,984.3492489680648,-2075.294040254317,0.899947603217179,ok
8023,ok,984.2774712368846,-2072.203769019805,0.9012033165944244,ok
8024,ok,984.147763542831,-2069.0729013001546,0.9024632980650917,ok
8025,ok,984.1060488149524,-2065.9510393654928,0.9037337510041129,ok
8026,ok,983.9974333569407,-2062.9771199738607,0.9050177604579493,ok
8027,ok,983.9643171653152,-2059.7811425244436,0.9063074460475493,ok
8028,ok,983.9680151343346,-2056.682863048278,0.907619428534813,ok
8029,ok,983.9317832924426,-2053.6526089226827,0.9089274005475074,ok
8030,ok,983.9645902104676,-2050.501417688094,0.9102414715534256,ok
8031,ok,983.9554370380938,-2047.4877772843465,0.9115508133040582,ok
8032,ok,983.9733877368271,-2044.4171040570363,0.9128545825180996,ok
8033,ok,984.0217717848718,-2041.395452789031,0.9141491696291373,ok
8034,ok,983.9585682787001,-2038.3997285878286,0.9154371043360162,ok
8035,ok,983.9646613635123,-2035.4814875638112,0.9167174878415595,ok
8036,ok,983.9334137402475,-2032.5587490117177,0.9179766047659934,ok
8037,ok,984.0035131908953,-2029.6005590474233,0.9192292058695322,ok
8038,ok,984.0908968113363,-2026.7232983624563,0.9204698875394633,ok
8039,ok,984.0905376635492,-2023.83203344699,0.9216983228465536,ok
8040,ok,984.1427945531905,-2020.9789019143209,0.9229270646129171,ok
8041,ok,984.1796526052058,-2018.2362013375387,0.9241390807391433,ok
8042,ok,984.2442845143378,-2015.4459493672475,0.9253513044838998,ok
8043,ok,984.2514649666846,-2012.7389085805044,0.9265575130150713,ok
8044,ok,984.282451223582,-2010.0523798977956,0.9277477587917335,ok
8045,ok,984.2612578682601,-2007.3919530427083,0.9289332472718572,ok
8046,ok,984.2213260419667,-2004.7162418877706,0.9301210878025337,ok
8047,ok,984.233485199511,-2002.0726600205526,0.9312926352021302,ok
8048,ok,984.2458469942212,-1999.4367394959554,0.9324657918425537,ok
8049,ok,984.2963761091232,-1996.8585470234975,0.9336306767948686,ok
8050,ok,984.3059577383101,-1994.370130113326,0.9348011260681507,ok
8051,ok,984.3299407958984,-1991.8602507626638,0.9359559951944593,ok
8052,ok,984.370782148093,-1989.425144485198,0.9371010624696817,ok
8053,ok,984.4526235125959,-1986.951817563735,0.9382456871151637,ok
8054,ok,984.5080005824566,-1984.6175377881154,0.9393762711255,ok
8055,ok,984.5617999024689,-1982.057281783782,0.940500665525355,ok
8056,ok,984.5367272105068,-1979.6285462891683,0.9416175158039471,ok
8057,ok,984.5968027170748,-1977.2851660763845,0.9427348252988723,ok
8058,ok,984.6331568378955,-1974.9694300210103,0.943867997044253,ok
8059,ok,984.7931678611785,-1972.5920987641439,0.9449887199527895,ok
8060,ok,984.7677172608674,-1970.3442802941427,0.9461124500638453,ok
8061,ok,984.757983725518,-1967.9934099232778,0.9472124904620344,ok
8062,ok,984.7463136445731,-1965.6523514306173,0.9483299708625411,ok
8063,ok,984.7760210614651,-1963.2925289189443,0.9494354126894469,ok
8064,ok,984.8580079060048,-1961.1832557236776,0.9505515467367498,ok
8065,ok,984.9268898572773,-1958.999452165328,0.9516660518185984,ok
8066,ok,984.9640076365322,-1956.9038644349203,0.9527629515282033,ok
8067,ok,984.9947313796729,-1954.7268457924947,0.9538513792502302,ok
8068,ok,985.0748483221978,-1952.5559793030843,0.9549302780396041,ok
8069,ok,985.1571804117411,-1950.395327619277,0.9559878846650128,ok
8070,ok,985.1584849655628,-1948.270577958785,0.9570269575453003,ok
8071,ok,985.2323042154312,-1946.1900291955099,0.9580443661240767,ok
8072,ok,985.2234921362251,-1944.157527259551,0.9590372542306755,ok
8073,ok,985.2846282217652,-1942.1544232880697,0.9599956780426729,ok
8074,ok,985.2993526663631,-1940.148545554839,0.9609265295666568,ok
8075,ok,985.374980231747,-1938.1245604073629,0.9618272607612619,ok
8076,ok,985.4563419725746,-1936.1346221482381,0.9626894181268001,ok
8077,ok,985.3663857635111,-1934.154703787528,0.9635197688377211,ok
8078,ok,985.4615433793515,-1932.3822734868154,0.964319596255393,ok
8079,ok,985.5029037874192,-1930.6416444098577,0.965077553069834,ok
8080,ok,985.5010266182944,-1928.9511791979894,0.9658060742101455,ok
8081,ok,985.5409543840215,-1927.216107062064,0.9665088631562697,ok
8082,ok,985.5353620555252,-1925.4039093768224,0.967198208131807,ok
8083,ok,985.5086373500526,-1923.5472879922017,0.9678650987680493,ok
8084,ok,985.494277998805,-1921.7305676257238,0.9685311743257372,ok
8085,ok,985.6589425802231,-1919.8360881125554,0.9691833255403685,ok
8086,ok,985.706450778991,-1917.880895785056,0.969825243375429,ok
8087,ok,985.7960754074156,-1915.9066439187154,0.9704577205464463,ok
8088,ok,985.9812941737473,-1913.9028792893514,0.9710773057474775,ok
8089,ok,985.9857975291088,-1911.956141761504,0.9716974749622166,ok
8090,ok,986.1277645723894,-1910.0863618170843,0.9722931857927788,ok
8091,ok,986.1962368907407,-1908.148984006606,0.972881731135659,ok
8092,ok,986.2981405155733,-1906.216370514594,0.9734675999752247,ok
8093,ok,986.4302466409281,-1904.3013182198629,0.9740423568893938,ok
8094,ok,986.5510373162106,-1902.444937995635,0.9746089643712691,ok
8095,ok,986.6932413028553,-1900.7762684142217,0.9751699167622003,ok
8096,ok,986.7496103839949,-1898.9905117070302,0.9757119356440688,ok
8097,ok,986.892196466215,-1897.189881018363,0.9762512581704941,ok
8098,ok,987.1390051888302,-1895.324978879653,0.976790407106381,ok
8099,ok,987.2302451031283,-1893.5767944371328,0.9773364796662551,ok
8100,ok,987.4078183816746,-1891.8318791901693,0.9778912821171942,ok
8101,ok,987.5878523485735,-1890.1608191048726,0.9784507202889303,ok
8102,ok,987.6832837210968,-1888.5288551365957,0.9790266657193986,ok
8103,ok,987.9552207635716,-1887.0124463355169,0.9795952337560935,ok
8104,ok,988.2040613340214,-1885.6396742379293,0.9801569925106935,ok
8105,ok,988.4074401455,-1884.3669536625966,0.9807027706867687,ok
8106,ok,988.5799612896517,-1883.2079452788457,0.9812475132218453,ok
8107,ok,988.7107185022905,-1882.196640423499,0.9817772994554281,ok
8108,ok,988.9028317527846,-1881.3332018768415,0.9823119776261252,ok
8109,ok,989.0695605324581,-1880.6937664067373,0.9828491119902761,ok
8110,ok,989.126561996527,-1880.1621725475416,0.983385035295834,ok
8111,ok,989.160645195283,-1879.7197172259912,0.983920762177249,ok
8112,ok,989.2495162347332,-1879.3154133772478,0.9844591905993065,ok
8113,ok,989.3824315229431,-1878.9791730856523,0.9850060220299676,ok
8114,ok,989.3914936631918,-1878.7535050874576,0.9855485424704074,ok
8115,ok,989.406345714815,-1878.5103435432538,0.9860979948316424,ok
8116,ok,989.5859025912359,-1878.1803398048505,0.9866547949301359,ok
8117,ok,989.7432507025078,-1878.0568729927763,0.9872267477220562,ok
8118,ok,989.7183634778485,-1877.9109363695607,0.9878001393791069,ok
8119,ok,989.7497767275199,-1877.8520811675116,0.9883799052358595,ok
8120,ok,989.8017429290339,-1877.7156663564965,0.9889478003931523,ok
8121,ok,989.786165128462,-1877.6319233356044,0.9895350867485673,ok
8122,ok,989.8320300532505,-1877.674518509768,0.9901269253991694,ok
8123,ok,989.7874448550865,-1877.744363724254,0.9907225393856881,ok
8124,ok,989.8170097367838,-1877.78973770421,0.9913238610391087,ok
8125,ok,989.9284625696018,-1877.7350338017568,0.9919397531003734,ok
8126,ok,990.0116431536153,-1877.7688434487209,0.9925695599273605,ok
8127,ok,990.1230469988659,-1877.8271783133969,0.9932189855693494,ok
8128,ok,990.1803722465411,-1877.9700108161196,0.9938834054614484,ok
8129,ok,990.1999197704718,-1878.1605520537123,0.9945577033535711,ok
8130,ok,990.230275276117,-1878.307666032575,0.9952446401368353,ok
8131,ok,990.3029512865469,-1878.420358917676,0.9959371967137091,ok
8132,ok,990.3038927109446,-1878.528148307465,0.9966342720787948,ok
8133,ok,990.3271848296281,-1878.6974751939997,0.9973371125556154,ok
8134,ok,990.3803689514752,-1878.7398371389136,0.9980326932998178,ok
8135,ok,990.4926372279879,-1878.7427070613485,0.9987173139889688,ok
8136,ok,990.5020760742482,-1878.730577393202,0.9993789554109987,ok
8137,ok,990.5592571122106,-1878.7145603101235,1.0000145031865955,ok
8138,ok,990.6452658099588,-1878.7027543287259,1.0006128687422047,ok
8139,ok,990.6447970798472,-1878.6895513904747,1.0011880309960608,ok
8140,ok,990.650794884772,-1878.6932096295059,1.0017205813874845,ok
8141,ok,990.8057187261293,-1878.6196990199387,1.0022188502728546,ok
8142,ok,990.8845595630119,-1878.6294828020036,1.002678939988704,ok
8143,ok,990.9317867892096,-1878.702195826918,1.0031135980764896,ok
8144,ok,990.9751903066644,-1878.7556340768933,1.003510447709858,ok
8145,ok,991.014987456263,-1878.8900097236037,1.0038827274274478,ok
8146,ok,991.0234479528153,-1878.9292392544448,1.0042189297730044,ok
8147,ok,990.9950065870071,-1879.0633417777717,1.0045392255733794,ok
8148,ok,991.0573316250229,-1879.088457312435,1.0045392255733794,deadzone
8149,ok,991.1381880078698,-1879.1717338599265,1.0045965020536944,ok
8150,ok,991.1841130439425,-1879.3109146244824,1.0046905624142257,ok
8151,ok,991.2353789579356,-1879.3517280966043,1.0046905624142257,deadzone
8152,ok,991.3470111709321,-1879.4145878478885,1.004754999049694,ok
8153,ok,991.4731856208527,-1879.448247782886,1.004754999049694,deadzone
8154,ok,991.5105434913421,-1879.5505610704422,1.004754999049694,deadzone
8155,ok,991.5141707010334,-1879.6123723387718,1.004754999049694,deadzone
8156,ok,991.5441606513923,-1879.7426722496748,1.004754999049694,deadzone
8157,ok,991.6084988958901,-1879.8842422962189,1.00480648467696,ok
8158,ok,991.7007239334052,-1879.962621204555,1.00480648467696,deadzone
8159,ok,991.8390253804391,-1880.1174850687385,1.00480648467696,deadzone
8160,ok,991.858696991927,-1880.2562780454755,1.00480648467696,deadzone
8161,ok,991.8854710817104,-1880.3348465189338,1.00480648467696,deadzone
8162,ok,991.9815311714774,-1880.310051139444,1.00480648467696,deadzone
8163,ok,991.9864030674798,-1880.1759820096195,1.00480648467696,deadzone
8164,ok,992.0025549818529,-1880.1072885654867,1.00480648467696,deadzone
8165,ok,992.0155367747648,-1879.9449924342334,1.00480648467696,deadzone
8166,ok,992.0665982485516,-1879.836522448808,1.00480648467696,deadzone
8167,ok,992.1160784334643,-1879.649238307029,1.00480648467696,deadzone
8168,ok,992.2594131798251,-1879.4887750186026,1.00480648467696,deadzone
8169,ok,992.3442592442734,-1879.204371932894,1.00480648467696,deadzone
8170,ok,992.4741686255438,-1878.8671076335013,1.00480648467696,deadzone
8171,ok,992.5012798168464,-1878.5003437437117,1.00480648467696,deadzone
8172,ok,992.4954262402607,-1878.2335898913443,1.00480648467696,deadzone
8173,ok,992.4856767327292,-1877.9735779203475,1.00480648467696,deadzone
8174,ok,992.4515478507383,-1877.6783504523337,1.00480648467696,deadzone
8175,ok,992.5180685714586,-1877.412781033665,1.004876676542732,ok
8176,ok,992.4563849800033,-1877.2029316611588,1.0050000975143087,ok
8177,ok,992.5155905418796,-1876.9517987556756,1.0051858235455247,ok
8178,ok,992.5213477172656,-1876.6733372695744,1.0054232969489927,ok
8179,ok,992.5609583825571,-1876.4774341024458,1.005721257031444,ok
8180,ok,992.5382080253912,-1876.1614329256117,1.0060710611025367,ok
8181,ok,992.5413243462099,-1875.79963779822,1.0064915642342467,ok
8182,ok,992.5268340640469,-1875.5680854953825,1.00696776108465,ok
8183,ok,992.4671516687376,-1875.307157550007,1.0075034413637778,ok
8184,ok,992.3720324904425,-1875.0613759197295,1.0080854355786053,ok
8185,ok,992.325954389642,-1874.7980159558356,1.0087153381085037,ok
8186,ok,992.1259439111454,-1874.5016005076468,1.0093851741325404,ok
8187,ok,992.0407425583107,-1874.1921599842608,1.0101013955458849,ok
8188,ok,991.9049513012869,-1873.937635038048,1.010848380063191,ok
8189,ok,991.8388090328081,-1873.6468014456332,1.0116359344757262,ok
8190,ok,991.8405905057443,-1873.380414251238,1.012471074044294,ok
8191,ok,991.6490541239036,-1873.1105877794325,1.0133590651390572,ok
8192,ok,991.498944370891,-1872.9047267474234,1.0143061699450526,ok
8193,ok,991.2837721992983,-1872.6603870280087,1.0153190991270948,ok
8194,ok,991.1532468487276,-1872.4038250632584,1.0163942385098135,ok
8195,ok,991.0088823427213,-1872.1250789053738,1.0175417574136962,ok
8196,ok,990.9174193133367,-1871.849341828376,1.0187670581347086,ok
8197,ok,990.8155729536666,-1871.5618945248425,1.0200695891681344,ok
8198,ok,990.7142414216651,-1871.2677997536957,1.0214580410367244,ok
8199,ok,990.5815451954259,-1871.097235713154,1.0229163420742533,ok
8200,ok,990.4045770977391,-1870.8572014458477,1.0244556255014894,ok
8201,ok,990.3071604882134,-1870.6664754338562,1.026063543015796,ok
8202,ok,990.2264916960848,-1870.5120050795376,1.0277378319374517,ok
8203,ok,990.1182933811797,-1870.3041854090989,1.0294950435635424,ok
8204,ok,990.0372691144003,-1870.2143329419196,1.0313166599426387,ok
8205,ok,990.0334339503897,-1870.0710769928992,1.0331983161405875,ok
8206,ok,989.9409485076321,-1869.8304160870612,1.0351564410089593,ok
8207,ok,989.941065295483,-1869.5747104026377,1.037186479111639,ok
8208,ok,989.9092140448047,-1869.2761361040175,1.0392962914664778,ok
8209,ok,989.8815129575087,-1869.0246520079672,1.0414855540378474,ok
8210,ok,989.8441780050052,-1868.5963150896132,1.0437316212991157,ok
8211,ok,989.8951174308313,-1868.092972163111,1.0460586880151759,ok
8212,ok,989.8023101900471,-1867.5096142925322,1.0484467171278982,ok
8213,ok,989.723165123607,-1866.8967407979071,1.0508875113231968,ok
8214,ok,989.796037538792,-1866.1545504368842,1.0533944928314507,ok
8215,ok,989.8288219933165,-1865.2005648054183,1.05594727217956,ok
8216,ok,989.9782041673316,-1864.1965345777571,1.058529296860094,ok
8217,ok,990.062726876582,-1863.1406202949584,1.0611509180989374,ok
8218,ok,990.1494299684418,-1862.0562443174422,1.0637861635936898,ok
8219,ok,990.2330304969801,-1860.9211004413664,1.0664436773436439,ok
8220,ok,990.2742915888084,-1859.7343950904906,1.0691004376652467,ok
8221,ok,990.3704884712351,-1858.5624658502638,1.0717775377443868,ok
8222,ok,990.5217061404837,-1857.186708394438,1.0744526816997444,ok
8223,ok,990.7224140082253,-1855.723753515631,1.077131784211783,ok
8224,ok,990.9901859079255,-1854.2087863124907,1.0798117655491923,ok
8225,ok,991.0912100587739,-1852.7303760685027,1.082510203020238,ok
8226,ok,991.1800683204783,-1851.1932870782912,1.085206085147494,ok
8227,ok,991.403561613406,-1849.5541068948805,1.087909899345674,ok
8228,ok,991.5940785919083,-1847.741569224745,1.0906232912120202,ok
8229,ok,991.8392457728041,-1845.8366050161421,1.093356671825039,ok
8230,ok,992.0736045752419,-1843.8845196403563,1.096104072290744,ok
8231,ok,992.2368350689067,-1841.8145349659026,1.098853647341247,ok
8232,ok,992.3885178182973,-1839.6165781654418,1.101617882782481,ok
8233,ok,992.6350169841899,-1837.3376260437071,1.1043909721060656,ok
8234,ok,992.8388606671942,-1834.989485565573,1.1071838184693934,ok
8235,ok,993.1088158850325,-1832.3961833156645,1.109998107153771,ok
8236,ok,993.4786453907145,-1829.8048957027495,1.1128285277500967,ok
8237,ok,993.7638724808348,-1827.0904443897307,1.1156778015076787,ok
8238,ok,994.143070674385,-1824.365453068167,1.1185514264274896,ok
8239,ok,994.5523814324988,-1821.5025730766356,1.121447389604422,ok
8240,ok,994.9426013295306,-1818.5876801647246,1.124375550256008,ok
8241,ok,995.3796503011836,-1815.6108072437346,1.127335080162719,ok
8242,ok,995.792049891199,-1812.5716622509062,1.1302951741345522,ok
8243,ok,996.3061560456408,-1809.3918846286833,1.1332776767521997,ok
8244,ok,996.8119790022029,-1806.0950866378844,1.1362673197601911,ok
8245,ok,997.3302453224314,-1802.7749384082854,1.1392557097715899,ok
8246,ok,997.761566704954,-1799.372816864401,1.1422390072355373,ok
8247,ok,998.3245225016726,-1795.9439919628203,1.1452036789141915,ok
8248,ok,998.8181949023856,-1792.4691966213286,1.1481317013966608,ok
8249,ok,999.2951046888484,-1788.9651046432555,1.1510181130591906,ok
8250,ok,999.8328890864505,-1785.3628912605345,1.1538406807850905,ok
8251,ok,1000.3726121251239,-1781.8189979232848,1.1566062260500298,ok
8252,ok,1000.8903859917773,-1778.2297480739653,1.1593000600189196,ok
8253,ok,1001.4058100645198,-1774.5246158279479,1.161894735216919,ok
8254,ok,1001.9497245018138,-1770.7094538845122,1.1644121772556868,ok
8255,ok,1002.4547315303935,-1766.8070245422423,1.1668615053602447,ok
8256,ok,1002.9155129854335,-1762.854417387396,1.1692323413493293,ok
8257,ok,1003.4701616828097,-1758.808413092047,1.1715280318872572,ok
8258,ok,1004.0842104022158,-1754.6692095436156,1.173753260936781,ok
8259,ok,1004.7547596757067,-1750.4413228668272,1.1758989249704526,ok
8260,ok,1005.4156454269541,-1746.088071409613,1.1779857802600138,ok
8261,ok,1006.0656734172953,-1741.63050705567,1.18000136727165,ok
8262,ok,1006.8401535217417,-1737.0754652656615,1.1819569480447358,ok
8263,ok,1007.5568596784724,-1732.4536123909056,1.1838447657647502,ok
8264,ok,1008.2626417343272,-1727.727801863104,1.1856554505251686,ok
8265,ok,1008.9257330362452,-1722.896074835211,1.1873881016862653,ok
8266,ok,1009.8527646128787,-1718.0758000053465,1.1890344986753871,ok
8267,ok,1010.2854645316256,-1713.1015239395201,1.190604596902024,ok
8268,ok,1011.0580426518572,-1708.098774496466,1.1920878954956233,ok
8269,ok,1011.9898473088397,-1703.0197592414916,1.193500966375788,ok
8270,ok,1012.7540091340197,-1697.7515340484679,1.1948287125139794,ok
8271,ok,1013.5841341082705,-1692.4092546142638,1.1960937659208906,ok
8272,ok,1014.4513015811099,-1686.8946018852293,1.1972823647527315,ok
8273,ok,1015.3710453574313,-1681.309685293585,1.198405852701577,ok
8274,ok,1016.3838386599673,-1675.6564274467528,1.1994745440912409,ok
8275,ok,1017.3769043151988,-1669.8835011161864,1.2004877614562313,ok
8276,ok,1018.5054164592875,-1663.9714284576476,1.2014690383540407,ok
8277,ok,1019.5353192751063,-1657.917013231665,1.2024049508506398,ok
8278,ok,1020.5669278566493,-1651.76611334458,1.2033074358289304,ok
8279,ok,1021.702037162031,-1645.5960326828063,1.2041758347187548,ok
8280,ok,1022.8858744566096,-1639.2658930458128,1.2050016151925558,ok
8281,ok,1024.0899125997676,-1632.8830195106566,1.205795397012509,ok
8282,ok,1025.3670027916087,-1626.4328122772276,1.2065557360109684,ok
8283,ok,1026.5606728260173,-1619.8326779045165,1.2072821666499396,ok
8284,ok,1027.8961741392268,-1613.1936441101134,1.2079936302566034,ok
8285,ok,1029.1027763549937,-1606.4367428459227,1.208686227341719,ok
8286,ok,1030.4748638336314,-1599.605155531317,1.2093612360645083,ok
8287,ok,1031.8926071588648,-1592.6729851402342,1.210016570506375,ok
8288,ok,1033.1267114345683,-1585.654110495001,1.2106556274367044,ok
8289,ok,1034.5439154569758,-1578.5646696723998,1.2112857077034036,ok
8290,ok,1035.854399031843,-1571.3955755867064,1.211909601768693,ok
8291,ok,1037.3294022743357,-1564.2179203666747,1.2125275141275484,ok
8292,ok,1038.7578323547496,-1556.9315000213683,1.2131402179171098,ok
8293,ok,1040.225990122999,-1549.5863757766783,1.2137479249041419,ok
8294,ok,1041.769640630926,-1542.1609984077513,1.2143499701755893,ok
8295,ok,1043.3215212289942,-1534.7076421417296,1.2149486956474485,ok
8296,ok,1044.8316648666514,-1527.151301447302,1.2155491730723877,ok
8297,ok,1046.399867600645,-1519.5587821640074,1.2161490137339035,ok
8298,ok,1048.0272219841136,-1511.9030452407897,1.216754760338841,ok
8299,ok,1049.6335969631327,-1504.1983137764037,1.2173641413178942,ok
8300,ok,1051.234106010641,-1496.3935843147337,1.2179753184695408,ok
8301,ok,1052.91624683782,-1488.5763807930052,1.2185881296724583,ok
8302,ok,1054.5330982868327,-1480.6656637825072,1.2192022552127448,ok
8303,ok,1056.2493797008647,-1472.7487297691405,1.219819486761571,ok
8304,ok,1057.9367244903697,-1464.7472582496703,1.2204442967252378,ok
8305,ok,1059.733141845907,-1456.700057093054,1.221065179440547,ok
8306,ok,1061.4476938907756,-1448.646496836096,1.2216861696425025,ok
8307,ok,1063.2186120216502,-1440.5670672096312,1.222306432815589,ok
8308,ok,1064.9376607601298,-1432.4846430458128,1.2229186187715688,ok
8309,ok,1066.7151487533702,-1424.3350077308714,1.2235235639416628,ok
8310,ok,1068.5204652015818,-1416.1459456123412,1.2241270577263421,ok
8311,ok,1070.3417024080409,-1407.8885431922972,1.2247211207766528,ok
8312,ok,1072.1573771898402,-1399.5973568595946,1.2253112939077695,ok
8313,ok,1073.9810686771525,-1391.2751522697508,1.2259006134771226,ok
8314,ok,1075.8353969518794,-1382.97958284989,1.226491934225547,ok
8315,ok,1077.6209452812327,-1374.637734476477,1.227078459687896,ok
8316,ok,1079.5565280382289,-1366.2657042182982,1.2276601129736937,ok
8317,ok,1081.472426361288,-1357.8543310798705,1.2282358905429371,ok
8318,ok,1083.365488237585,-1349.423505846411,1.2288119651320892,ok
8319,ok,1085.3272320692195,-1340.9679852165282,1.2293920322292737,ok
8320,ok,1087.2301529113902,-1332.4759464897215,1.2299766978593967,ok
8321,ok,1089.167055434431,-1323.9772883094847,1.2305610726742129,ok
8322,ok,1091.1055117313517,-1315.4181214012206,1.231152779667168,ok
8323,ok,1093.0484162037028,-1306.8547077812254,1.2317476168025736,ok
8324,ok,1095.073303765501,-1298.2250757850707,1.2323433283245875,ok
8325,ok,1097.0215075676097,-1289.604531351477,1.232949264447948,ok
8326,ok,1099.0323904220713,-1280.9921446479857,1.2335511871831957,ok
8327,ok,1101.0135405723704,-1272.3487063087523,1.2341583516596035,ok
8328,ok,1103.072806901182,-1263.7017737068236,1.2347685432700748,ok
8329,ok,1105.1715591613902,-1255.0181675590575,1.235385903807362,ok
8330,ok,1107.216597861494,-1246.3147755302489,1.2360052374688162,ok
8331,ok,1109.3507877056254,-1237.6053219474852,1.2366315559462446,ok
8332,ok,1111.449363536085,-1228.8540669120848,1.2372577490454117,ok
8333,ok,1113.546106642927,-1220.1167994178832,1.237893873245767,ok
8334,ok,1115.6681097213877,-1211.3386917747557,1.2385305770677797,ok
8335,ok,1117.7585912410868,-1202.5877752937376,1.239182943553826,ok
8336,ok,1119.871288365568,-1193.7845059074461,1.2398307574223375,ok
8337,ok,1122.0183315937174,-1184.9762678779662,1.240489806098103,ok
8338,ok,1124.1032546226634,-1176.145631853491,1.2411503611822887,ok
8339,ok,1126.2267280285014,-1167.2879210151732,1.2418092153918048,ok
8340,ok,1128.3943834964884,-1158.4501515068114,1.242464293444983,ok
8341,ok,1130.562696284498,-1149.6272469200194,1.2431146106154787,ok
8342,ok,1132.6533256237162,-1140.7045794166625,1.2437779240343505,ok
8343,ok,1134.867459124769,-1131.8596211113036,1.2444442055998413,ok
8344,ok,1137.0302067463053,-1122.9644203819335,1.2451126722597832,ok
8345,ok,1139.1925416652812,-1114.0364895500243,1.2457818479113825,ok
8346,ok,1141.3670607273234,-1105.1057444252074,1.2464446724411857,ok
8347,ok,1143.5668836300028,-1096.1339693702757,1.2471233740702896,ok
8348,ok,1145.7968972389353,-1087.2071486152709,1.2478117585045643,ok
8349,ok,1147.9407072727336,-1078.2519207634032,1.2485048288893017,ok
8350,ok,1150.1871176426066,-1069.3215656913817,1.2491919857838718,ok
8351,ok,1152.391268319334,-1060.3601933158934,1.249885175951221,ok
8352,ok,1154.6096978847636,-1051.4104900993407,1.2505767490952764,ok
8353,ok,1156.881261891569,-1042.4221535362303,1.251275771757044,ok
8354,ok,1159.1130486194743,-1033.4560681022704,1.2519771153603512,ok
8355,ok,1161.3932772342814,-1024.5164404548705,1.252683320157988,ok
8356,ok,1163.5733602707041,-1015.5970192588866,1.2533842397536303,ok
8357,ok,1165.825014895643,-1006.7198124565184,1.2540771985041594,ok
8358,ok,1168.1328080360545,-997.8457852043211,1.2547682559439863,ok
8359,ok,1170.398273534025,-989.0007277168334,1.2554660819890244,ok
8360,ok,1172.6598537628306,-980.1431112922728,1.256134384484239,ok
8361,ok,1174.8591325943125,-971.3773050941527,1.2568091911953192,ok
8362,ok,1177.1628394786967,-962.6426611579955,1.2574904950788,ok
8363,ok,1179.3772619430674,-953.9435310997069,1.2581720164727028,ok
8364,ok,1181.6550815765513,-945.2389660514891,1.2588586514665199,ok
8365,ok,1183.9466412727488,-936.6418648399413,1.2595298249996911,ok
8366,ok,1186.2010064785136,-928.042176309973,1.2601935736100554,ok
8367,ok,1188.461050576414,-919.466812197119,1.2608442287204271,ok
8368,ok,1190.804340666975,-910.9640207923949,1.261490589443707,ok
8369,ok,1193.0790255729808,-902.4758911766112,1.2621199633112818,ok
8370,ok,1195.4124668304576,-894.0260229744017,1.2627378402003568,ok
8371,ok,1197.6895666782511,-885.5891247428954,1.2633461707003504,ok
8372,ok,1199.918871468748,-877.3079291023314,1.2639462730068027,ok
8373,ok,1202.1805582706584,-869.2069864906371,1.2645321956499085,ok
8374,ok,1204.3783801262034,-861.0905771888793,1.2650971131544393,ok
8375,ok,1206.6024699871195,-853.0569668449461,1.265642267087646,ok
8376,ok,1208.8332110111369,-845.094654623419,1.2661665307621406,ok
8377,ok,1211.0239694778575,-837.2285843528807,1.2667059936635001,ok
8378,ok,1213.1830883686198,-829.6594978012145,1.267220630328585,ok
8379,ok,1215.3858395282878,-822.1014233268797,1.2676931464367238,ok
8380,ok,1217.515608376707,-814.6057930625975,1.2681197271702718,ok
8381,ok,1219.6882770721568,-807.3123379386961,1.2685054390945092,ok
8382,ok,1221.8096469108714,-800.2042451538146,1.2685054390945092,deadzone
8383,ok,1223.8369768325938,-793.2778068222106,1.2685054390945092,deadzone
8384,ok,1225.9280234043254,-786.5211010612547,1.2685054390945092,deadzone
8385,ok,1227.8609250251902,-779.8115821518004,1.2685054390945092,deadzone
8386,ok,1229.8253980342997,-773.3137021698058,1.2685054390945092,deadzone
8387,ok,1231.7354031269206,-766.9400244392455,1.2685054390945092,deadzone
8388,ok,1233.6003430549754,-760.7763443626463,1.2685054390945092,deadzone
8389,ok,1235.480541056837,-754.7023888267577,1.2685054390945092,deadzone
8390,ok,1237.2086766426219,-748.7816625274718,1.2685054390945092,deadzone
8391,ok,1239.0157671634806,-743.1006570495665,1.2685054390945092,deadzone
8392,ok,1240.6611846153392,-737.5445190109313,1.2685054390945092,deadzone
8393,ok,1242.3080274526728,-732.1224508918822,1.2685054390945092,deadzone
8394,ok,1243.955107635702,-726.8345323242247,1.2685054390945092,deadzone
8395,ok,1245.519596165861,-721.6455665268004,1.2685054390945092,deadzone
8396,ok,1247.069248146261,-716.6844196952879,1.2685054390945092,deadzone
8397,ok,1248.650926536764,-711.8801026977599,1.2685054390945092,deadzone
8398,ok,1250.133030122961,-707.1911912597716,1.2685054390945092,deadzone
8399,ok,1251.612817949499,-702.6562786735594,1.2685054390945092,deadzone
8400,ok,1253.0044893686427,-698.2450133003294,1.2685054390945092,deadzone
8401,ok,1254.3456023399485,-694.0103727020323,1.2685054390945092,deadzone
8402,ok,1255.6098974411143,-689.8251066841185,1.2685054390945092,deadzone
8403,ok,1256.9417685930384,-685.7467837966979,1.2685054390945092,deadzone
8404,ok,1258.2309191887034,-681.8882187046111,1.2685054390945092,deadzone
8405,ok,1259.417699403013,-678.171812120825,1.2685054390945092,deadzone
8406,ok,1260.5631144706858,-674.6230981983244,1.2685054390945092,deadzone
8407,ok,1261.6308434669627,-671.1757214702666,1.2685054390945092,deadzone
8408,ok,1262.7340319816722,-667.878336969763,1.2685054390945092,deadzone
8409,ok,1263.6793968145503,-664.6223233379424,1.2685054390945092,deadzone
8410,ok,1264.6584867303027,-661.4469838775694,1.2685054390945092,deadzone
8411,ok,1265.51507008716,-658.4742475189269,1.2685054390945092,deadzone
8412,ok,1266.2672524516238,-655.6274951137602,1.2685054390945092,deadzone
8413,ok,1266.9437035386218,-652.8796373046935,1.2685054390945092,deadzone
8414,ok,1267.6492678587092,-650.1373682655394,1.2685054390945092,deadzone
8415,ok,1268.4162259761943,-647.4033871330321,1.2685054390945092,deadzone
8416,ok,1269.1960225169314,-644.7757778801024,1.2685054390945092,deadzone
8417,ok,1269.933893567766,-642.230155531317,1.2685054390945092,deadzone
8418,ok,1270.6493982140673,-639.8416457809508,1.2685054390945092,deadzone
8419,ok,1271.3770840232028,-637.4320603050292,1.2685054390945092,deadzone
8420,ok,1272.0349873368395,-635.1512458957732,1.2685054390945092,deadzone
8421,ok,1272.5820984308375,-632.8315299190581,1.2685054390945092,deadzone
8422,ok,1273.0864305560244,-630.7209213413298,1.2685054390945092,deadzone
8423,ok,1273.6663258139743,-628.5063172020018,1.2685054390945092,deadzone
8424,ok,1274.2113746468676,-626.2931314148009,1.2685054390945092,deadzone
8425,ok,1274.8557083074702,-624.1615949310362,1.2685054390945092,deadzone
8426,ok,1275.3631529276026,-622.0873470939696,1.2685054390945092,deadzone
8427,ok,1275.9180232946528,-619.9756844677031,1.2685054390945092,deadzone
8428,ok,1276.5379194085253,-617.8194316066802,1.2685054390945092,deadzone
8429,ok,1277.1172599260462,-615.6954601444304,1.2685054390945092,deadzone
8430,ok,1277.5997257296694,-613.6660512126982,1.2685054390945092,deadzone
8431,ok,1278.1319788162364,-611.5894940532744,1.2685054390945092,deadzone
8432,ok,1278.7143409912242,-609.5959383882582,1.2685054390945092,deadzone
8433,ok,1279.2641164724482,-607.5901584066451,1.2685054390945092,deadzone
8434,ok,1279.9045903746737,-605.585267726332,1.2685054390945092,deadzone
8435,ok,1280.4373301927699,-603.4649366773665,1.2685054390945092,deadzone
8436,ok,1281.0538050000323,-601.4380146898329,1.2685054390945092,deadzone
8437,ok,1281.6423602764262,-599.4417222179472,1.2685054390945092,deadzone
8438,ok,1282.3819833461894,-597.4852803386748,1.2685054390945092,deadzone
8439,ok,1283.1227917139186,-595.456957641989,1.2685054390945092,deadzone
8440,ok,1283.7183324758662,-593.4304128326476,1.2685054390945092,deadzone
8441,ok,1284.2974074546946,-591.3558459915221,1.2685054390945092,deadzone
8442,ok,1284.9774155084742,-589.2951317466795,1.2685054390945092,deadzone
8443,ok,1285.554955965723,-587.2635780014098,1.2685054390945092,deadzone
8444,ok,1286.122920519556,-585.219413343817,1.2685054390945092,deadzone
8445,ok,1286.7033746902598,-583.1216905750334,1.2685054390945092,deadzone
8446,ok,1287.3152813975466,-581.0262902416289,1.2685054390945092,deadzone
8447,ok,1287.96571005031,-578.9304700531065,1.2685054390945092,deadzone
8448,ok,1288.860994345392,-576.7266216911376,1.2685054390945092,deadzone
8449,ok,1289.494758433546,-574.574667993933,1.2685054390945092,deadzone
8450,ok,1290.3244308893336,-572.322527948767,1.2685054390945092,deadzone
8451,ok,1291.0665186111582,-570.0876110233366,1.2685054390945092,deadzone
8452,ok,1291.6419125859393,-567.8187885917723,1.2685054390945092,deadzone
8453,ok,1292.4192856614245,-565.5431848205626,1.2685054390945092,deadzone
8454,ok,1293.1481915180339,-563.2874966301024,1.2685054390945092,deadzone
8455,ok,1293.7937945191516,-560.9033861793578,1.2685054390945092,deadzone
8456,ok,1294.5261656109942,-558.5073400177062,1.2685054390945092,deadzone
8457,ok,1295.2408759657992,-556.0562976039946,1.2685054390945092,deadzone
8458,ok,1295.981879717554,-553.6284878887236,1.2685054390945092,deadzone
8459,ok,1296.6812523667468,-551.2837703861296,1.2685712569978431,ok
8460,ok,1297.4767563407077,-548.8293674625456,1.2686856487755684,ok
8461,ok,1298.2321951453341,-546.2967241443694,1.26884506246776,ok
8462,ok,1298.9880689446582,-543.7974854148924,1.2690418644591364,ok
8463,ok,1299.8233998481883,-541.2130435146391,1.2692668973706749,ok
8464,ok,1300.6645730201853,-538.6109233535826,1.2695176722959143,ok
8465,ok,1301.55796081468,-536.029220405966,1.2697940787427249,ok
8466,ok,1302.1907198493136,-533.4341688789427,1.2700947527548048,ok
8467,ok,1303.0652902786387,-530.7744513191283,1.2704064928935266,ok
8468,ok,1303.918505317415,-527.9875140823424,1.2707224614234784,ok
8469,ok,1304.8172366683139,-525.2422695793211,1.2710648953172186,ok
8470,ok,1305.6369109217776,-522.4827936328948,1.2714308869756616,ok
8471,ok,1306.4336607520236,-519.7329221405089,1.2718241627113673,ok
8472,ok,1307.261248058523,-516.8967250026762,1.2722193840916556,ok
8473,ok,1308.2198790971888,-514.0051243938506,1.2726107351921396,ok
8474,ok,1309.267174071516,-511.1666253246367,1.2730191066681655,ok
8475,ok,1310.1025068823947,-508.2031198181212,1.2734299003888672,ok
8476,ok,1311.1597678725375,-505.2230969108641,1.2738474091547942,ok
8477,ok,1312.2396335665835,-502.281851593405,1.2742616643692852,ok
8478,ok,1313.265857226099,-499.24541145935655,1.274678192928666,ok
8479,ok,1314.3026219670428,-496.178443018347,1.27509569052754,ok
8480,ok,1315.3667469088687,-493.036613766104,1.2755086741576094,ok
8481,ok,1316.476675755228,-489.92351180687547,1.2759103945803212,ok
8482,ok,1317.5174351994647,-486.7104545272887,1.2763095965426645,ok
8483,ok,1318.5375192229403,-483.52183324471116,1.2767050761112173,ok
8484,ok,1319.640027291025,-480.31398994103074,1.277094056234762,ok
8485,ok,1320.7081756655825,-477.00589687004685,1.2774880636808552,ok
8486,ok,1321.7490732733859,-473.7037630714476,1.2778660116771028,ok
8487,ok,1322.8538903062,-470.34382039681077,1.2782381216871346,ok
8488,ok,1323.9462493722094,-466.9440725483,1.2786076831566497,ok
8489,ok,1325.0731124941958,-463.5616086162627,1.278979564458321,ok
8490,ok,1326.2735662524356,-460.08125192299485,1.2793375984156217,ok
8491,ok,1327.4130553071154,-456.61518961563706,1.2796945192131994,ok
8492,ok,1328.4894100491656,-453.11025339737535,1.280046704412611,ok
8493,ok,1329.591591126169,-449.6060979999602,1.2803893075123782,ok
8494,ok,1330.7537691657199,-446.07230073586106,1.2807286485718987,ok
8495,ok,1331.8968423668994,-442.50599271431565,1.281073104907875,ok
8496,ok,1333.0901030366076,-438.9451304115355,1.281410987149896,ok
8497,ok,1334.2020835940493,-435.29042679443955,1.281747334135114,ok
8498,ok,1335.3980702225817,-431.582170072943,1.2820944176545772,ok
8499,ok,1336.5628447596682,-427.90490728989244,1.282433151895892,ok
8500,ok,1337.7319364611758,-424.17507154121995,1.2827746334314507,ok
8501,ok,1338.991440302576,-420.4198585189879,1.2831127641374838,ok
8502,ok,1340.233328110422,-416.60348827019334,1.2834416824821053,ok
8503,ok,1341.4797456328524,-412.77579552307725,1.283777939393512,ok
8504,ok,1342.7031791274203,-408.86672670021653,1.2841099019166098,ok
8505,ok,1343.9356600110186,-404.9684513248503,1.2844492106170025,ok
8506,ok,1345.2145406071795,-401.0199483074248,1.284787700715908,ok
8507,ok,1346.4416675631655,-397.04018861427903,1.2851351301464362,ok
8508,ok,1347.7125494544161,-393.06998974457383,1.285485502958821,ok
8509,ok,1349.0354503457202,-389.01624685898423,1.2858310805749664,ok
8510,ok,1350.391702896799,-384.9352393783629,1.2861730131872176,ok
8511,ok,1351.7208247248782,-380.84225327149034,1.2865199970613506,ok
8512,ok,1353.0056834284915,-376.680408064276,1.2868595022372515,ok
8513,ok,1354.3489948575152,-372.479507509619,1.2872061505299317,ok
8514,ok,1355.7001129452838,-368.29531532898545,1.2875543087370769,ok
8515,ok,1357.052537209238,-364.08713633194566,1.2879127219906383,ok
8516,ok,1358.409184700693,-359.8730574287474,1.288269365873507,ok
8517,ok,1359.7989165846957,-355.6197605766356,1.2886220446803347,ok
8518,ok,1361.2190803353442,-351.34367806091905,1.2889779419051108,ok
8519,ok,1362.6001554791583,-347.0706349052489,1.2893342304547148,ok
8520,ok,1363.9673529927386,-342.7765627540648,1.289695041150846,ok
8521,ok,1365.4034091298236,-338.4379215873778,1.2900537926318478,ok
8522,ok,1366.8361758057727,-334.0435672439635,1.2904125678560792,ok
8523,ok,1368.245153075899,-329.600667539984,1.2907747011539676,ok
8524,ok,1369.7221829955233,-325.19780403748155,1.2911339000330422,ok
8525,ok,1371.1325196091784,-320.74218947067857,1.2914891703393165,ok
8526,ok,1372.5871032540454,-316.27578741684556,1.2918454979126515,ok
8527,ok,1374.0718208615435,-311.7889524139464,1.2922004577742146,ok
8528,ok,1375.5613554780139,-307.26046806946397,1.2925454100236033,ok
8529,ok,1377.0116015736712,-302.6812534965575,1.2928989424522546,ok
8530,ok,1378.462332851137,-298.11504847183824,1.2932450795797965,ok
8531,ok,1379.9131656949176,-293.51506144180894,1.2935922224706782,ok
8532,ok,1381.3320071761264,-288.89155918732285,1.2939367678399463,ok
8533,ok,1382.7896456782473,-284.26028925552964,1.294281575962815,ok
8534,ok,1384.3296601836337,-279.5943484939635,1.2946286705728771,ok
8535,ok,1385.8120124404086,-274.91421753540635,1.2949846887048961,ok
8536,ok,1387.2724435393466,-270.234269682318,1.29533773804464,ok
8537,ok,1388.7746545140399,-265.5223026908934,1.295687376625821,ok
8538,ok,1390.2381551329745,-260.7673254646361,1.2960414794660122,ok
8539,ok,1391.7659046713961,-255.98639399185777,1.2963941617413968,ok
8540,ok,1393.243974811281,-251.21350056305528,1.2967542635858014,ok
8541,ok,1394.7122639481677,-246.34367663040757,1.297116048105126,ok
8542,ok,1396.2840819422854,-241.53182131424546,1.297477853932435,ok
8543,ok,1397.8085461918963,-236.67998415604234,1.2978454820192207,ok
8544,ok,1399.3846877877368,-231.7937541641295,1.2982117576596692,ok
8545,ok,1400.8720349137438,-226.8777337707579,1.2985786995041528,ok
8546,ok,1402.426920062746,-221.94605833664536,1.2989407453324764,ok
8547,ok,1403.963010913576,-216.92127520218492,1.2993037698238983,ok
8548,ok,1405.538401371683,-211.91853005066514,1.2996646865764037,ok
8549,ok,1407.118494278635,-206.90118939056993,1.3000301645841157,ok
8550,ok,1408.6216056410922,-201.86430651322007,1.3003946144779155,ok
8551,ok,1410.1830711428775,-196.80622774735093,1.3007583329201593,ok
8552,ok,1411.7379427020205,-191.73927837982774,1.3011184948870396,ok
8553,ok,1413.2314708296908,-186.61032539978623,1.3014764272166781,ok
8554,ok,1414.8414290015353,-181.45290667191148,1.3018365710535185,ok
8555,ok,1416.4697901074542,-176.31726509705186,1.3021853782239505,ok
8556,ok,1418.0620336596621,-171.17301994934678,1.3025354879614626,ok
8557,ok,1419.6723669831408,-166.07055050507188,1.3028841991318318,ok
8558,ok,1421.3232573334826,-160.94603544846177,1.303225839883665,ok
8559,ok,1422.8841978375567,-155.7735486663878,1.3035637288942599,ok
8560,ok,1424.5393024747027,-150.5862665809691,1.3039142253387785,ok
8561,ok,1426.0637354914797,-145.38910967484117,1.3042593729316478,ok
8562,ok,1427.720641857828,-140.20877653732896,1.30460806054715,ok
8563,ok,1429.3296811644686,-134.9656496681273,1.304950944852337,ok
8564,ok,1430.8670798604144,-129.70791536942124,1.3052975475492272,ok
8565,ok,1432.4793449704302,-124.46098715439439,1.3056530863678093,ok
8566,ok,1434.0416235987796,-119.13078838959336,1.3060091010034751,ok
8567,ok,1435.6100002591265,-113.80519634857774,1.3063764461640752,ok
8568,ok,1437.2779023711337,-108.47070891037583,1.3067478105492694,ok
8569,ok,1438.883617884363,-103.11814123764634,1.3071207549315391,ok
8570,ok,1440.4846012656344,-97.75921780243516,1.3074968237685705,ok
8571,ok,1442.1096024577273,-92.36730295792222,1.3078745813624404,ok
8572,ok,1443.7650860612048,-86.94818407669663,1.3082522115713635,ok
8573,ok,1445.4624857966555,-81.56615597382188,1.3086295402381767,ok
8574,ok,1447.1146659915103,-76.13564879074693,1.3090124778448786,ok
8575,ok,1448.8607581917895,-70.74125630035996,1.309397465630321,ok
8576,ok,1450.5298299853457,-65.32155377045274,1.3097703714705116,ok
8577,ok,1452.1444541279925,-59.82289654389024,1.3101437375121952,ok
8578,ok,1453.8320813243045,-54.36987740173936,1.3105204218363058,ok
8579,ok,1455.5030490224017,-48.940482679754496,1.3108875332909868,ok
8580,ok,1457.2020407979144,-43.438099447637796,1.3112584823161264,ok
8581,ok,1458.9395338360919,-37.953605238348246,1.311628175895309,ok
8582,ok,1460.5995067422045,-32.47567516937852,1.3119944048904606,ok
8583,ok,1462.2712456051959,-26.99491984024644,1.3123584602240097,ok
8584,ok,1463.9934547011508,-21.476939264684916,1.3127228090113285,ok
8585,ok,1465.748965031351,-15.97251707687974,1.3130879390315038,ok
8586,ok,1467.413076168741,-10.40685660019517,1.3134540755872255,ok
8587,ok,1469.0806312625064,-4.9115634597837925,1.3138407794478975,ok
8588,ok,1470.8422398631228,0.6408361755311489,1.3142184749789436,ok
8589,ok,1472.5735820595874,6.264512952417135,1.3145995385479092,ok
8590,ok,1474.3208015029086,11.83769267424941,1.3149750405149867,ok
8591,ok,1476.0417968098773,17.471337255090475,1.3153550899874498,ok
8592,ok,1477.7371245686663,23.06680863723159,1.3157302300181026,ok
8593,ok,1479.4499262635363,28.686955865472555,1.316109695007677,ok
8594,ok,1481.1424541537417,34.31822818145156,1.3164868877474465,ok
8595,ok,1482.8426855866564,39.936982091516256,1.3168679802424526,ok
8596,ok,1484.6096371476306,45.56633227691054,1.317245020849285,ok
8597,ok,1486.2657334868563,51.262191709131,1.3176216825453961,ok
8598,ok,1487.99924374267,56.915877278894186,1.3180082762337761,ok
8599,ok,1489.7537909810198,62.567661698907614,1.3183962272186536,ok
8600,ok,1491.5111677710665,68.22378486022353,1.3187877215472532,ok
8601,ok,1493.1912295882357,73.91315883025527,1.3191798436938753,ok
8602,ok,1494.8926228348864,79.59288400039077,1.3195792199207939,ok
8603,ok,1496.6071338717593,85.289366658777,1.319981321346342,ok
8604,ok,1498.3568663661135,90.98311513289809,1.3203808999247937,ok
8605,ok,1500.0514916245593,96.70733016356826,1.3207934580524092,ok
8606,ok,1501.7591935460223,102.44989627227187,1.3211930633806932,ok
8607,ok,1503.5078388516558,108.16774600371718,1.3215924847987768,ok
8608,ok,1505.2533477608813,113.87676566466689,1.321987883647464,ok
8609,ok,1506.9155291382922,119.6174311004579,1.322382683093619,ok
8610,ok,1508.6854226653231,125.3487419448793,1.3227751418305254,ok
8611,ok,1510.429319507326,131.117594178766,1.323164072178566,ok
8612,ok,1512.1657149855746,136.9141086898744,1.32355339160122,ok
8613,ok,1513.9221346442355,142.70968287810683,1.3239502314249951,ok
8614,ok,1515.6783410374774,148.46873038634658,1.3243277996715774,ok
8615,ok,1517.3843730752124,154.34244578704238,1.3247088489644894,ok
8616,ok,1519.1992057625903,160.14242642745376,1.325087697080788,ok
8617,ok,1521.0058213536395,165.90166133269668,1.3254603070074111,ok
8618,ok,1522.803509718622,171.6909756027162,1.3258311820049498,ok
8619,ok,1524.5668189589633,177.49305814132094,1.3262015971798498,ok
8620,ok,1526.3855634991778,183.21756261214614,1.326556124889288,ok
8621,ok,1528.124315029825,189.06154197081923,1.3269189808351152,ok
8622,ok,1529.927364355768,194.83977406844497,1.3272746430755926,ok
8623,ok,1531.7223810021533,200.61350243911147,1.3276272145547448,ok
8624,ok,1533.4690471951617,206.37793200835586,1.327973469738977,ok
8625,ok,1535.2083445851458,212.17126029357314,1.328312635290265,ok
8626,ok,1536.9363088671817,217.95037072524428,1.328652483672996,ok
8627,ok,1538.6673435036791,223.72594445571303,1.32898788209759,ok
8628,ok,1540.435524708475,229.4530400596559,1.3293158058342094,ok
8629,ok,1542.2616629664553,235.2178792320192,1.3296292639425606,ok
8630,ok,1544.01642251655,240.93594735488296,1.3299348095948003,ok
8631,ok,1545.8351620499743,246.6677903495729,1.3302398830589384,ok
8632,ok,1547.5417927567614,252.43262618407607,1.3305451135051574,ok
8633,ok,1549.3300911252154,258.1293281875551,1.3308408419216395,ok
8634,ok,1551.1589943234576,263.82955783233047,1.3311352190173558,ok
8635,ok,1552.865983730997,269.5386685691774,1.3314289308409024,ok
8636,ok,1554.674572116579,275.30504458770156,1.3317286476701942,ok
8637,ok,1556.4320069615496,281.0366801582277,1.3320247753582406,ok
8638,ok,1558.170866018976,286.7208279930055,1.3323204866571439,ok
8639,ok,1559.9471639458789,292.434000428766,1.3323204866571439,deadzone
8640,ok,1561.7502062384738,298.06069749221206,1.3323929992334083,ok
8641,ok,1563.5584029023303,303.73701041564345,1.3325191760915023,ok
8642,ok,1565.323760992731,309.40029996261,1.3325191760915023,deadzone
8643,ok,1567.1157336299075,315.00511926040053,1.3325191760915023,deadzone
8644,ok,1568.8853111331118,320.6819376312196,1.3325191760915023,deadzone
8645,ok,1570.6255976025714,326.36051934584975,1.3325191760915023,deadzone
8646,ok,1572.4070277278079,332.03635781630874,1.3325191760915023,deadzone
8647,ok,1574.1549394194735,337.6966399513185,1.3325191760915023,deadzone
8648,ok,1575.835345155443,343.2698568664491,1.3325191760915023,deadzone
8649,ok,1577.5553842847003,348.81961911544204,1.3325191760915023,deadzone
8650,ok,1579.2816456620349,354.3431782089174,1.3325191760915023,deadzone
8651,ok,1581.0538190667285,359.91912120208144,1.3325191760915023,deadzone
8652,ok,1582.7772404019488,365.45294803008437,1.3325191760915023,deadzone
8653,ok,1584.4640423123492,371.0208448730409,1.3325191760915023,deadzone
8654,ok,1586.189226752962,376.5364903770387,1.3325191760915023,deadzone
8655,ok,1587.899323112215,382.0920428596437,1.3325191760915023,deadzone
8656,ok,1589.7029725377215,387.552523072809,1.3325191760915023,deadzone
8657,ok,1591.387946492876,393.0581931434572,1.3325191760915023,deadzone
8658,ok,1593.108813053812,398.53271144255996,1.3325191760915023,deadzone
8659,ok,1594.7812272374285,403.99223082885146,1.3325191760915023,deadzone
8660,ok,1596.5919870202197,409.41893761977553,1.3325191760915023,deadzone
8661,ok,1598.2583619420184,414.8420967422426,1.3325191760915023,deadzone
8662,ok,1599.8996713225497,420.2415594421327,1.3325191760915023,deadzone
8663,ok,1601.6487174098147,425.6326593719423,1.3325191760915023,deadzone
8664,ok,1603.303797489847,431.020613130182,1.3325191760915023,deadzone
8665,ok,1605.059448487009,436.35663932189345,1.3325191760915023,deadzone
8666,ok,1606.7429382865084,441.7692317329347,1.3325191760915023,deadzone
8667,ok,1608.3628771369113,447.13548653945327,1.3325191760915023,deadzone
8668,ok,1610.081098443712,452.4273127876222,1.3325191760915023,deadzone
8669,ok,1611.7175356213702,457.75924437865615,1.3325191760915023,deadzone
8670,ok,1613.4170556132449,463.081434186548,1.3325191760915023,deadzone
8671,ok,1615.0576137368334,468.36853974685073,1.3325191760915023,deadzone
8672,ok,1616.7163262431277,473.5741805396974,1.3325191760915023,deadzone
8673,ok,1618.3946456973208,478.83944791182876,1.3325191760915023,deadzone
8674,ok,1619.9401533667697,484.12180465087295,1.3325191760915023,deadzone
8675,ok,1621.6130114857806,489.38134997710586,1.3325191760915023,deadzone
8676,ok,1623.2807754342211,494.6250609718263,1.3325191760915023,deadzone
8677,ok,1624.8903510634555,499.84395449981093,1.3325191760915023,deadzone
8678,ok,1626.5490166012896,505.03706973418593,1.3325191760915023,deadzone
8679,ok,1628.1868914429797,510.23073571547866,1.3325191760915023,deadzone
8680,ok,1629.8147231404437,515.4212970100343,1.3325191760915023,deadzone
8681,ok,1631.4318534199847,520.6547393165529,1.3325191760915023,deadzone
8682,ok,1633.0569253031863,525.8716468177736,1.3325191760915023,deadzone
8683,ok,1634.6908720795764,531.0209936462343,1.3325191760915023,deadzone
8684,ok,1636.3483070199145,536.1906642280519,1.3325191760915023,deadzone
8685,ok,1638.0165832106723,541.3236374221742,1.3325191760915023,deadzone
8686,ok,1639.6072397296084,546.465717729181,1.3325191760915023,deadzone
8687,ok,1641.3080964152468,551.5937914215028,1.3325191760915023,deadzone
8688,ok,1642.9840524260653,556.6653036437929,1.3325191760915023,deadzone
8689,ok,1644.6565908257617,561.8018802963197,1.3325191760915023,deadzone
8690,ok,1646.2539784972323,566.8972772918642,1.3325191760915023,deadzone
8691,ok,1647.860933787073,572.0089458785951,1.332589286649749,ok
8692,ok,1649.525990969385,577.1106881462038,1.332589286649749,deadzone
8693,ok,1651.1181339089526,582.1568726859987,1.332589286649749,deadzone
8694,ok,1652.7495902840747,587.2134022079408,1.332589286649749,deadzone
8695,ok,1654.3792848651065,592.3219665847719,1.332589286649749,deadzone
8696,ok,1655.9899213378085,597.3704585395753,1.3326572361120546,ok
8697,ok,1657.6506700579775,602.4059657417238,1.3326572361120546,deadzone
8698,ok,1659.313743001665,607.473572190851,1.3326572361120546,deadzone
8699,ok,1660.9508897130145,612.5236534439027,1.3326572361120546,deadzone
8700,ok,1662.5926687781466,617.579107221216,1.3326572361120546,deadzone
8701,ok,1664.2069630686892,622.6307787261903,1.3327246274819993,ok
8702,ok,1665.7700523202075,627.7354149185121,1.3327246274819993,deadzone
8703,ok,1667.3648843829287,632.7637338005006,1.3327246274819993,deadzone
8704,ok,1668.9536062543048,637.8427056632936,1.3327246274819993,deadzone
8705,ok,1670.561068183626,642.9429683052003,1.3327246274819993,deadzone
8706,ok,1672.1839582984103,647.9460911117494,1.3327246274819993,deadzone
8707,ok,1673.8156966035021,652.9604133926332,1.3327246274819993,deadzone
8708,ok,1675.4843206469668,657.9494628272951,1.3327927346783435,ok
8709,ok,1677.0772202078952,662.9222506843507,1.3327927346783435,deadzone
8710,ok,1678.6887168948306,667.8995136581361,1.3327927346783435,deadzone
8711,ok,1680.2855258052005,672.8357781730592,1.3327927346783435,deadzone
8712,ok,1681.844674712862,677.81991141662,1.3327927346783435,deadzone
8713,ok,1683.4621304337634,682.8020004592836,1.3327927346783435,deadzone
8714,ok,1685.0691207711352,687.7368935905397,1.3327927346783435,deadzone
8715,ok,1686.6922699277056,692.6524113975465,1.3327927346783435,deadzone
8716,ok,1688.3001678053988,697.5986985526979,1.3327927346783435,deadzone
8717,ok,1689.8325549428118,702.5104083381593,1.3327927346783435,deadzone
8718,ok,1691.3710490529193,707.4081649146974,1.3327927346783435,deadzone
8719,ok,1692.983365542139,712.2793626151979,1.3327927346783435,deadzone
8720,ok,1694.5688948695315,717.1948975883424,1.3327927346783435,deadzone
8721,ok,1696.1885918442858,722.096495565027,1.3327927346783435,deadzone
8722,ok,1697.8114479844226,726.9525317512453,1.3327927346783435,deadzone
8723,ok,1699.3878306214465,731.8224453292787,1.332867604275555,ok
8724,ok,1700.9531916443957,736.6878084503114,1.332867604275555,deadzone
8725,ok,1702.4798451726092,741.4986852966249,1.332867604275555,deadzone
8726,ok,1704.017718202318,746.3460583053529,1.332867604275555,deadzone
8727,ok,1705.6632603470935,751.1018671356142,1.332867604275555,deadzone
8728,ok,1707.2024974887026,755.8798498474061,1.3329369821035166,ok
8729,ok,1708.6727900569094,760.640636857599,1.3329369821035166,deadzone
8730,ok,1710.2340328757418,765.3833841644228,1.3329369821035166,deadzone
8731,ok,1711.7756207053317,770.044758733362,1.3330082774708347,ok
8732,ok,1713.302049762453,774.695297177881,1.3330082774708347,deadzone
8733,ok,1714.8478696410311,779.3130883537233,1.3330082774708347,deadzone
8734,ok,1716.3361675803317,783.9619464240968,1.3330082774708347,deadzone
8735,ok,1717.9080904786242,788.5688428245485,1.3330082774708347,deadzone
8736,ok,1719.459166413988,793.1677469573915,1.3330082774708347,deadzone
8737,ok,1720.9719964329852,797.7744464240968,1.3330775680006763,ok
8738,ok,1722.5762891833438,802.4789771400392,1.33321575711821,ok
8739,ok,1724.0263192717684,807.1314067207277,1.33321575711821,deadzone
8740,ok,1725.5167660777224,811.7250427566469,1.333301595288356,ok
8741,ok,1727.1237654750003,816.2314276061952,1.3334495746268062,ok
8742,ok,1728.607825404848,820.6763605438173,1.3334495746268062,deadzone
8743,ok,1730.1356226269854,825.0799617134035,1.3335395639740724,ok
8744,ok,1731.6288508240832,829.4024361930788,1.3336801542094046,ok
8745,ok,1733.1238273446215,833.6687878929079,1.333874565675133,ok
8746,ok,1734.5391886298312,837.9395608268678,1.3340972772731592,ok
8747,ok,1735.9065797392977,842.1523055396974,1.3343619586280357,ok
8748,ok,1737.3646030490054,846.3419560752809,1.334656642460408,ok
8749,ok,1738.8063676421298,850.4863404594362,1.3349808787474315,ok
8750,ok,1740.2077322070254,854.6092533431947,1.3353231334859892,ok
8751,ok,1741.627460009302,858.6871008239686,1.3356953679024621,ok
8752,ok,1743.0577302043093,862.7664541564882,1.336084274274348,ok
8753,ok,1744.432225710596,866.8664502464235,1.3364949750073147,ok
8754,ok,1745.8065708939685,870.9420718513429,1.3369200484465453,ok
8755,ok,1747.2019542519702,874.947645124048,1.3373641564215826,ok
8756,ok,1748.5764437977923,879.0213436447084,1.337814135930395,ok
8757,ok,1749.911362177576,883.0309700332582,1.3382842236223553,ok
8758,ok,1751.1877485577716,887.0421795211732,1.3387547450529587,ok
8759,ok,1752.5671950642718,890.9653243385255,1.3392065755323617,ok
8760,ok,1753.8192328278674,894.9551958404481,1.3396686451798383,ok
8761,ok,1755.1438745324267,899.0563039146364,1.3401275932977463,ok
8762,ok,1756.4544802968157,903.1400064788759,1.340582998160714,ok
8763,ok,1757.8559392754687,907.1918234191835,1.3410373298205043,ok
8764,ok,1759.165309197153,911.261697228998,1.3414921776800142,ok
8765,ok,1760.5076580111636,915.3823069892824,1.3419484527883414,ok
8766,ok,1761.929229385103,919.4832338653505,1.3424135031636606,ok
8767,ok,1763.1954078738345,923.6452326141298,1.3428733564651107,ok
8768,ok,1764.6348534886492,927.7805995307863,1.3433434991722493,ok
8769,ok,1766.004996544565,931.9716924987733,1.3438049643474623,ok
8770,ok,1767.3706528012408,936.1521472297609,1.3442784351702652,ok
8771,ok,1768.7963349883212,940.337703641504,1.344749193688385,ok
8772,ok,1770.1272983615054,944.4997763000429,1.3452296264176193,ok
8773,ok,1771.5817565981997,948.6428317390382,1.3457068052055134,ok
8774,ok,1772.9349588219775,952.8505153022707,1.3461763128393893,ok
8775,ok,1774.3715695206774,956.9774865470827,1.3466584648471198,ok
8776,ok,1775.8097393576754,961.146598752588,1.3471248540221366,ok
8777,ok,1777.2458326880587,965.3611025176942,1.347593590631936,ok
8778,ok,1778.6832884614123,969.5067085586488,1.3480634521094432,ok
8779,ok,1780.0637480084551,973.7283229194582,1.3485342800312574,ok
8780,ok,1781.5479804341448,977.8697676025331,1.3490004137973028,ok
8781,ok,1782.9758123223437,982.0822424255311,1.34945886015623,ok
8782,ok,1784.3642567460192,986.288073476404,1.3499240124509098,ok
8783,ok,1785.7692872349871,990.5077890716493,1.3503810459368628,ok
8784,ok,1787.2613879506243,994.7216700874269,1.350828822523021,ok
8785,ok,1788.722128516878,998.8910083137453,1.351274461246766,ok
8786,ok,1790.142148381914,1003.1450929008424,1.351704817974553,ok
8787,ok,1791.5688929621829,1007.3899664245546,1.3521259853706522,ok
8788,ok,1792.9201266829623,1011.6260480247438,1.3525368188657032,ok
8789,ok,1794.2967376773013,1015.8557795844972,1.3529313534332006,ok
8790,ok,1795.6844499175204,1020.1123065315187,1.3533087130584762,ok
8791,ok,1797.08404863521,1024.3827781043947,1.3536640894407752,ok
8792,ok,1798.3945066992892,1028.6497730575502,1.3540033647399454,ok
8793,ok,1799.7635994021548,1032.8955187164247,1.3540033647399454,deadzone
8794,ok,1801.137592441286,1037.1840314231813,1.3540033647399454,deadzone
8795,ok,1802.505216366495,1041.5121964775026,1.3540033647399454,deadzone
8796,ok,1803.8413587872637,1045.780550416559,1.3540033647399454,deadzone
8797,ok,1805.1583674018038,1050.0059017501771,1.3540033647399454,deadzone
8798,ok,1806.4767030541552,1054.308388646692,1.3540033647399454,deadzone
8799,ok,1807.8195965354098,1058.5912365280092,1.3540033647399454,deadzone
8800,ok,1809.1188682381762,1062.9179639182985,1.3540033647399454,deadzone
8801,ok,1810.4316893880023,1067.2281741462648,1.3540033647399454,deadzone
8802,ok,1811.649293548311,1071.504695829004,1.3540033647399454,deadzone
8803,ok,1812.8741353814257,1075.8228639923036,1.3540033647399454,deadzone
8804,ok,1814.0736517970217,1080.1920003257692,1.3540033647399454,deadzone
8805,ok,1815.2774418656481,1084.5486072860658,1.3540033647399454,deadzone
8806,ok,1816.4361387555255,1088.887318070978,1.3540033647399454,deadzone
8807,ok,1817.6407581631793,1093.275396283716,1.3540033647399454,deadzone
8808,ok,1818.756207710947,1097.6358136497438,1.3540033647399454,deadzone
8809,ok,1819.8635367219104,1102.0467614494264,1.3540033647399454,deadzone
8810,ok,1820.9752717082156,1106.4207920394838,1.3540033647399454,deadzone
8811,ok,1822.0052342478884,1110.8141164146364,1.3540033647399454,deadzone
8812,ok,1823.1131064955844,1115.2253951393068,1.3540033647399454,deadzone
8813,ok,1824.1894698207034,1119.667278226465,1.3540033647399454,deadzone
8814,ok,1825.2461481158389,1124.0829710327089,1.3540033647399454,deadzone
8815,ok,1826.2787907187594,1128.5308203063905,1.3540033647399454,deadzone
8816,ok,1827.2832111184252,1132.9361500106752,1.3540033647399454,deadzone
8817,ok,1828.2368145053042,1137.3671879135072,1.3540033647399454,deadzone
8818,ok,1829.1727782551898,1141.7843546234071,1.3540033647399454,deadzone
8819,ok,1830.0283746783389,1146.1930384002626,1.3540033647399454,deadzone
8820,ok,1830.8267945115222,1150.6045359931886,1.3540033647399454,deadzone
8821,ok,1831.6194400851382,1155.0008119903505,1.3540033647399454,deadzone
8822,ok,1832.347815639223,1159.3760237060487,1.3540033647399454,deadzone
8823,ok,1832.9884133402957,1163.7558845840394,1.3540033647399454,deadzone
8824,ok,1833.6219936673297,1168.1556433998048,1.3540033647399454,deadzone
8825,ok,1834.1365047161235,1172.5160025916994,1.3540033647399454,deadzone
8826,ok,1834.5265799824847,1176.8778671585023,1.3540033647399454,deadzone
8827,ok,1834.973992532934,1181.2233414016664,1.3540033647399454,deadzone
8828,ok,1835.416958189453,1185.574375089258,1.3540033647399454,deadzone
8829,ok,1835.770490920986,1189.9044341407716,1.3540033647399454,deadzone
8830,ok,1836.0728051726473,1194.1817449890077,1.3540033647399454,deadzone
8831,ok,1836.3860617642058,1198.4529628120363,1.3540033647399454,deadzone
8832,ok,1836.5351840172661,1202.7928733192384,1.3540033647399454,deadzone
8833,ok,1836.7369992051972,1207.127112802118,1.3540033647399454,deadzone
8834,ok,1836.7982933436288,1211.4654445014894,1.3540033647399454,deadzone
8835,ok,1836.9138924841536,1215.7897180877626,1.3540033647399454,deadzone
8836,ok,1837.069743252243,1220.0507764182985,1.3540033647399454,deadzone
8837,ok,1837.016192338313,1224.2968425117433,1.3540033647399454,deadzone
8838,ok,1836.9937598918332,1228.5104445777833,1.3540033647399454,deadzone
8839,ok,1836.8702861134661,1232.7483834587038,1.3540033647399454,deadzone
8840,ok,1836.7509942118777,1236.9307689033449,1.3540033647399454,deadzone
8841,ok,1836.500857896055,1241.1382808052003,1.3540033647399454,deadzone
8842,ok,1836.2154204909457,1245.3388380371034,1.3540033647399454,deadzone
8843,ok,1835.9110574190272,1249.54132598266,1.3540033647399454,deadzone
8844,ok,1835.4398650591029,1253.6849269233644,1.3540033647399454,deadzone
8845,ok,1835.0107400481356,1257.776056226343,1.3540033647399454,deadzone
8846,ok,1834.6213676397456,1261.848699029535,1.3540033647399454,deadzone
8847,ok,1834.0201937024249,1265.9579853378236,1.3540033647399454,deadzone
8848,ok,1833.4136396710528,1269.9715341888368,1.3540033647399454,deadzone
8849,ok,1832.865332848276,1274.0413278900087,1.3540033647399454,deadzone
8850,ok,1832.1707397167338,1278.1216673217714,1.3540033647399454,deadzone
8851,ok,1831.454259938444,1282.122905191034,1.3540033647399454,deadzone
8852,ok,1830.7175936166896,1286.1219474636018,1.3540033647399454,deadzone
8853,ok,1829.9939091865672,1290.164717849344,1.3540033647399454,deadzone
8854,ok,1829.1658440296305,1294.2172943912446,1.3540033647399454,deadzone
8855,ok,1828.3486959998263,1298.2356197200716,1.3540033647399454,deadzone
8856,ok,1827.3945437733782,1302.2581960521638,1.3540033647399454,deadzone
8857,ok,1826.4551228348864,1306.2739798389375,1.3540033647399454,deadzone
8858,ok,1825.455932862009,1310.3004867397249,1.3540033647399454,deadzone
8859,ok,1824.3942653004779,1314.299958165735,1.3540033647399454,deadzone
8860,ok,1823.3862059180392,1318.2770749889314,1.3540033647399454,deadzone
8861,ok,1822.1754871670855,1322.2547580562532,1.3540033647399454,deadzone
8862,ok,1821.1026018921984,1326.1880254112184,1.3540033647399454,deadzone
8863,ok,1819.843520766939,1330.158207591623,1.3540033647399454,deadzone
8864,ok,1818.5503081147326,1334.1567742191255,1.3540033647399454,deadzone
8865,ok,1817.2391688887728,1338.0908924899995,1.3540033647399454,deadzone
8866,ok,1815.8921083275927,1342.0272359214723,1.3540033647399454,deadzone
8867,ok,1814.470287329401,1345.9285170398653,1.3540033647399454,deadzone
8868,ok,1812.9970989291323,1349.7645012699068,1.3540033647399454,deadzone
8869,ok,1811.4890021149768,1353.6095733009279,1.3540033647399454,deadzone
8870,ok,1809.9813925091876,1357.3763405643404,1.3540033647399454,deadzone
8871,ok,1808.3306461636676,1361.1759034954011,1.3540033647399454,deadzone
8872,ok,1806.724939591135,1364.9581274352968,1.3540033647399454,deadzone
8873,ok,1805.078997856821,1368.7579459510744,1.3540033647399454,deadzone
8874,ok,1803.3765747611178,1372.563188727945,1.3540033647399454,deadzone
8875,ok,1801.7051253382815,1376.3757314048707,1.3540033647399454,deadzone
8876,ok,1799.8927559916629,1380.146321233362,1.3540033647399454,deadzone
8877,ok,1798.0466045205249,1383.8989593349397,1.3540033647399454,deadzone
8878,ok,1796.1970942084445,1387.6894211135805,1.3540033647399454,deadzone
8879,ok,1794.340251809801,1391.4925395809114,1.3540822509182675,ok
8880,ok,1792.3739044730319,1395.2536250911653,1.354223320240946,ok
8881,ok,1790.4733935658587,1399.0288798175752,1.354424328966094,ok
8882,ok,1788.4878528182162,1402.7782282195985,1.3546750830948422,ok
8883,ok,1786.3942956988467,1406.414751227945,1.3549491163811473,ok
8884,ok,1784.3306176726473,1409.9959427677095,1.3552715339572254,ok
8885,ok,1782.2452197138919,1413.6296297870576,1.3556146178598258,ok
8886,ok,1780.0846140448702,1417.149620231241,1.3559907974069254,ok
8887,ok,1777.9294490878237,1420.6569301448762,1.3563898528951581,ok
8888,ok,1775.7571561400546,1424.1898001991212,1.3568132363856995,ok
8889,ok,1773.490694767679,1427.687328275293,1.3572238879792378,ok
8890,ok,1771.2054011885775,1431.124803956598,1.3576587784305387,ok
8891,ok,1768.8397395674838,1434.5773581825197,1.3581248697518005,ok
8892,ok,1766.4699676100863,1437.9938735328615,1.3586121151487573,ok
8893,ok,1764.0560629431857,1441.484398778528,1.359114609225694,ok
8894,ok,1761.5634920661105,1444.906349118799,1.3596340263404167,ok
8895,ok,1759.1858580176486,1448.4191653095186,1.3601807312299525,ok
8896,ok,1756.6486766402377,1451.8077053390443,1.3607326248295446,ok
8897,ok,1754.13991738006,1455.2388853393495,1.3612957228959435,ok
8898,ok,1751.5794982974185,1458.6513268314302,1.361867600099416,ok
8899,ok,1748.9643266265048,1461.910883601755,1.3624393890999553,ok
8900,ok,1746.402481323923,1465.3156411014497,1.3630148048136181,ok
8901,ok,1743.688864475931,1468.6625997386873,1.363591732565927,ok
8902,ok,1740.999845272745,1472.0225190483034,1.3641620686270466,ok
8903,ok,1738.275061375345,1475.313910420984,1.3647345010395504,ok
8904,ok,1735.5663499896182,1478.6358682475984,1.365303451819688,ok
8905,ok,1732.7337317530764,1481.8810300193727,1.3658639732651572,ok
8906,ok,1729.970520025934,1485.193125423044,1.3664246903679012,ok
8907,ok,1727.1119644705905,1488.347663577646,1.3669861081564993,ok
8908,ok,1724.2709126536502,1491.5271672569215,1.3675425261452239,ok
8909,ok,1721.3751249377383,1494.741017755121,1.3681030733974004,ok
8910,ok,1718.515610224451,1497.9225353561342,1.36865922996222,ok
8911,ok,1715.4881722991122,1501.069712575525,1.3692122550670394,ok
8912,ok,1712.5727477137698,1504.2500304542482,1.3697607920705486,ok
8913,ok,1709.5892598693026,1507.3679684959352,1.370310785103931,ok
8914,ok,1706.5895509783877,1510.5588266216218,1.3708503765925213,ok
8915,ok,1703.564860827173,1513.7339727245271,1.3713847091229483,ok
8916,ok,1700.404556757654,1516.7670447193086,1.371910818800231,ok
8917,ok,1697.2889790599002,1519.7930297218263,1.3724340638190962,ok
8918,ok,1694.2111954753054,1522.8602735362947,1.3729409471560383,ok
8919,ok,1691.0331852500094,1525.8196613155305,1.3734437929109748,ok
8920,ok,1687.8458330695285,1528.7719230018556,1.3739398133500447,ok
8921,ok,1684.5983576838626,1531.729473527521,1.3744249105707427,ok
8922,ok,1681.383950478281,1534.6986383758485,1.374903964718384,ok
8923,ok,1678.1207423274172,1537.6638151966035,1.3753818094679986,ok
8924,ok,1674.8099296157015,1540.4487022720277,1.3758559650921303,ok
8925,ok,1671.5535938803805,1543.3474988304079,1.3763420933004191,ok
8926,ok,1668.2863159243716,1546.161079581827,1.3768295665141617,ok
8927,ok,1664.9268090788973,1548.9348027072847,1.3773108329045465,ok
8928,ok,1661.6361005370272,1551.8293945156038,1.377793360073479,ok
8929,ok,1658.281105524744,1554.609231647104,1.3782651220743123,ok
8930,ok,1654.9176421229495,1557.4155003391206,1.378740454285123,ok
8931,ok,1651.5947396819247,1560.2093307338655,1.3792289435129674,ok
8932,ok,1648.185722357477,1562.9732658229768,1.3797196550271915,ok
8933,ok,1644.7667322222842,1565.7808100543916,1.3802123238225428,ok
8934,ok,1641.32666230842,1568.4920670352876,1.3807111336986604,ok
8935,ok,1637.834262377466,1571.1700915656984,1.381211807030506,ok
8936,ok,1634.3987116877688,1573.8332566581666,1.381707361096952,ok
8937,ok,1630.9315452639712,1576.4628779254854,1.3822014717755455,ok
8938,ok,1627.4637656275881,1579.0782231651247,1.3827047954053124,ok
8939,ok,1623.9840228621615,1581.6566893421113,1.383195294487445,ok
8940,ok,1620.470048195566,1584.2547563873231,1.3836858696426264,ok
8941,ok,1616.899395233835,1586.7886061035097,1.3841872105043715,ok
8942,ok,1613.3960437838687,1589.3557953201234,1.3846867467636041,ok
8943,ok,1609.779292828287,1591.8452498279512,1.3851828561407593,ok
8944,ok,1606.2859077517642,1594.3756703697145,1.3856843896851203,ok
8945,ok,1602.742433315958,1596.8881205879152,1.3861837144777913,ok
8946,ok,1599.1108579699649,1599.3216173015535,1.3866818802929575,ok
8947,ok,1595.542467362131,1601.785796340555,1.3871679767006573,ok
8948,ok,1591.8844997946871,1604.239914830774,1.38764752219254,ok
8949,ok,1588.2313537661685,1606.6378394924104,1.3881256097038122,ok
8950,ok,1584.646872288431,1609.1740245185792,1.3885906488747881,ok
8951,ok,1580.9833216731204,1611.6126396022737,1.3890601991994966,ok
8952,ok,1577.3046841685427,1614.0413829647005,1.3895210524175092,ok
8953,ok,1573.5820179049624,1616.4100961051881,1.3899831746552282,ok
8954,ok,1569.840005642618,1618.7959110103548,1.390439882150071,ok
8955,ok,1566.10156131431,1621.1857389770448,1.3908922212952708,ok
8956,ok,1562.3310208384646,1623.5380896888673,1.3913477320350711,ok
8957,ok,1558.6232516829623,1625.9713723026216,1.3918007448040954,ok
8958,ok,1554.7842249934329,1628.247657712549,1.3922630923858696,ok
8959,ok,1551.0276482169284,1630.5789789520204,1.392718016676025,ok
8960,ok,1547.235276705469,1632.9876126609743,1.3931746827850935,ok
8961,ok,1543.3408021990908,1635.2995020709932,1.39363939786246,ok
8962,ok,1539.5914895598544,1637.6350979171693,1.3941073482473716,ok
8963,ok,1535.7037935320986,1639.8796264491975,1.3945771995667482,ok
8964,ok,1531.898262984003,1642.157794173807,1.395058823643432,ok
8965,ok,1527.989895588602,1644.4164792858064,1.3955328299082346,ok
8966,ok,1524.1094958846224,1646.6824385486543,1.3960096351553446,ok
8967,ok,1520.207304722513,1648.9838382564485,1.3964894749206902,ok
8968,ok,1516.2063753668917,1651.1530136428773,1.3969638882478954,ok
8969,ok,1512.2692685191287,1653.4177989326417,1.3974422003044453,ok
8970,ok,1508.3171489302767,1655.6689204536378,1.3979184083932559,ok
8971,ok,1504.3335487906588,1657.7979819141328,1.3983977273137083,ok
8972,ok,1500.3631484572543,1659.9467160068452,1.3988820045338537,ok
8973,ok,1496.4036223952426,1662.087189849466,1.399362221371953,ok
8974,ok,1492.3995235030307,1664.2284740768373,1.3998406556315661,ok
8975,ok,1488.4614892069949,1666.3621014915407,1.4003195610946122,ok
8976,ok,1484.5440759722842,1668.492669519037,1.4007933816511038,ok
8977,ok,1480.5424280230654,1670.5539728961885,1.4012491978754456,ok
8978,ok,1476.5701353613986,1672.6601096950471,1.4016977686883356,ok
8979,ok,1472.555479294504,1674.7028240524232,1.402123736109652,ok
8980,ok,1468.4529898230685,1676.75963300094,1.4025656395574524,ok
8981,ok,1464.4560306136264,1678.8635470233858,1.4030002511132673,ok
8982,ok,1460.381829029764,1680.9043769203126,1.4034417455903816,ok
8983,ok,1456.3737084929598,1682.9165450893342,1.4038651069841712,ok
8984,ok,1452.2835071150912,1684.936717685312,1.4042827008867258,ok
8985,ok,1448.202270752634,1686.9936904273927,1.4047061675247376,ok
8986,ok,1444.1318938796176,1689.0498797260225,1.4051197417164332,ok
8987,ok,1440.0269725386752,1691.0479629598558,1.4055330438903937,ok
8988,ok,1435.9760077063693,1693.0941427312791,1.4059497640632461,ok
8989,ok,1431.8640844885958,1695.0546016059816,1.4063691461694523,ok
8990,ok,1427.6766130988253,1697.0436518751085,1.4068017917567168,ok
8991,ok,1423.5714981619967,1699.0485954843462,1.4072362087352457,ok
8992,ok,1419.3874490325106,1701.0359867177904,1.407683301975753,ok
8993,ok,1415.2411139075411,1703.0566394887865,1.4081198327947129,ok
8994,ok,1411.0554182593478,1705.0571466051042,1.4085686410076803,ok
8995,ok,1406.898056751932,1707.0645294748247,1.409024545449576,ok
8996,ok,1402.8336174552096,1709.0592203699052,1.409481553308415,ok
8997,ok,1398.7361290518893,1710.996302779764,1.40994880349797,ok
8998,ok,1394.6633274619235,1712.9669122062624,1.4104185940247975,ok
8999,ok,1390.5611736838473,1714.923841174692,1.410892931324868,ok
9000,ok,1386.5536654059542,1716.8557053171098,1.4113762632832778,ok
9001,ok,1382.5199859206332,1718.7885771356523,1.4118609564645632,ok
9002,ok,1378.4251215521945,1720.6110643707216,1.4123692258250726,ok
9003,ok,1374.4476831023348,1722.4792311750352,1.4128783448938937,ok
9004,ok,1370.4034965102328,1724.3122892938554,1.4133870916453313,ok
9005,ok,1366.3791625563754,1726.171054776758,1.4139136625048017,ok
9006,ok,1362.3461868826998,1728.0108957849443,1.4144445681611428,ok
9007,ok,1358.3377044264926,1729.8624319396913,1.4149900679211753,ok
9008,ok,1354.3623650138034,1731.6633951030672,1.4155384414556424,ok
9009,ok,1350.4292554919375,1733.4157919250429,1.4160890498283083,ok
9010,ok,1346.4989125792636,1735.2525410018861,1.4166375990637334,ok
9011,ok,1342.5922286574496,1737.0772642455995,1.4171865472049345,ok
9012,ok,1338.7035183970584,1738.8082924447954,1.4177505914836235,ok
9013,ok,1334.8678731982363,1740.5741644464433,1.41832250791746,ok
9014,ok,1331.0709648196353,1742.2445492111146,1.4188877857349524,ok
9015,ok,1327.3040406767977,1743.8884621225297,1.419482648965197,ok
9016,ok,1323.5885274474276,1745.6301476322114,1.4201024081918587,ok
9017,ok,1319.8523466651095,1747.4282632432878,1.4207880628348912,ok
9018,ok,1316.297110563959,1749.030361469835,1.421511677623543,ok
9019,ok,1312.8082230155123,1750.7543280683458,1.4222715072259091,ok
9020,ok,1309.4611966673983,1752.20483141765,1.4230478793981205,ok
9021,ok,1306.324894434656,1753.7415880523622,1.423821513840042,ok
