frame_index,status,global_dx_px,global_dy_px,global_angle_deg,global_scale
1,ok,-0.05206299,-0.013427734,-0.0022729994,1.0000385
2,ok,-0.21386719,-0.08123779,-0.009370957,1.0001233
3,ok,-0.3527832,-0.09039307,-0.012308047,1.0001293
4,ok,-0.4666748,-0.17218018,-0.019754909,1.0001752
5,ok,-0.61657715,-0.30377197,-0.025277808,1.0002339
6,ok,-0.75756836,-0.4925537,-0.02957674,1.0002828
7,ok,-0.9082031,-0.5750122,-0.03443371,1.0003572
8,ok,-1.0437012,-0.6317749,-0.03740261,1.000425
9,ok,-1.1778259,-0.75964355,-0.04162918,1.0004989
10,ok,-1.4494934,-0.7453003,-0.04368803,1.0005765
11,ok,-1.65271,-0.6286621,-0.052422687,1.0006328
12,ok,-1.8901672,-0.45794678,-0.060072877,1.0006914
13,ok,-2.1628418,-0.269104,-0.06552223,1.0007263
14,ok,-2.398285,-0.03930664,-0.07128579,1.0007601
15,ok,-2.655182,0.3085327,-0.07505759,1.0007888
16,ok,-3.157135,0.78430176,-0.07414776,1.0008065
17,ok,-3.4679565,1.4205322,-0.06520423,1.00078
18,ok,-3.7415466,2.076416,-0.063388415,1.0007606
19,ok,-3.8737183,2.7947388,-0.060908947,1.0007348
20,ok,-4.1313477,3.6475525,-0.05640371,1.0006877
21,ok,-4.035187,4.5065002,-0.050358914,1.0006688
22,ok,-4.240814,5.5376587,-0.04103037,1.0006112
23,ok,-4.220215,6.7782593,-0.027156664,1.0005696
24,ok,-4.1343384,8.037842,-0.01422518,1.0005511
25,ok,-4.0949097,9.331055,-0.0060119247,1.0005012
26,ok,-3.9486084,10.709045,0.001083606,1.0004443
27,ok,-3.791687,12.162537,0.008669129,1.000412
28,ok,-3.5821533,13.693787,0.017549032,1.0003529
29,ok,-3.4225464,15.310608,0.02761803,1.0003157
30,ok,-3.2079468,16.965027,0.039086375,1.0002743
31,ok,-3.0213623,18.683594,0.051184587,1.0002408
32,ok,-2.7884521,20.62976,0.06723499,1.0001997
33,ok,-2.5752563,22.741882,0.08360166,1.0001554
34,ok,-2.3690186,24.891785,0.10000546,1.0001041
35,ok,-2.12146,27.090088,0.120676845,1.0000553
36,ok,-1.8936768,29.392761,0.14204903,1.000011
37,ok,-1.6253662,31.78711,0.16297016,0.9999564
38,ok,-1.4674683,34.252136,0.18885593,0.999923
39,ok,-1.1915283,36.825867,0.21562332,0.9998643
40,ok,-0.99853516,39.501953,0.24795264,0.99981654
41,ok,-0.7501221,42.301514,0.28713968,0.9997733
42,ok,-0.5540161,45.128174,0.32703668,0.99970925
43,ok,-0.27783203,48.08551,0.3741723,0.9996673
44,ok,-0.0413208,51.133728,0.41876888,0.99960005
45,ok,0.22857666,54.253357,0.46833628,0.99954087
46,ok,0.49005127,57.509094,0.51724285,0.9994859
47,ok,0.73657227,60.77466,0.5650752,0.9994224
48,ok,1.0554199,64.17792,0.61511326,0.9993679
49,ok,1.3383789,67.694275,0.66641474,0.9993169
50,ok,1.645752,71.31464,0.7192533,0.99927795
51,ok,1.9264526,75.00299,0.7735349,0.9992348
52,ok,2.191101,78.776184,0.8285195,0.9991944
53,ok,2.3874512,82.61005,0.89049613,0.9991307
54,ok,2.6568604,86.560425,0.9603685,0.999093
55,ok,2.8807373,90.60254,1.0346085,0.9990362
56,ok,3.133545,94.74158,1.1158607,0.99897975
57,ok,3.3657227,98.94098,1.2032431,0.9989019
58,ok,3.494934,103.24957,1.3050225,0.9988339
59,ok,3.630371,107.65918,1.4121497,0.9987616
60,ok,3.804016,112.157776,1.5309764,0.9986799
61,ok,3.914856,116.71643,1.6541675,0.9986016
62,ok,4.149048,121.32385,1.7878867,0.99852926
63,ok,4.1280518,126.043396,1.9260955,0.9984157
64,ok,4.3743896,130.77808,2.071418,0.99834037
65,ok,4.4414673,135.63312,2.2231693,0.9982593
66,ok,4.6036377,140.55035,2.3814373,0.9981973
67,ok,4.6262207,145.54962,2.541518,0.99811316
68,ok,4.73114,150.59863,2.7108345,0.9980425
69,ok,4.8517456,155.73523,2.8889458,0.99796814
70,ok,4.8463135,160.94019,3.0751514,0.9979042
71,ok,4.9610596,166.19275,3.2708917,0.9978401
72,ok,4.8155518,171.46515,3.4723034,0.99773866
73,ok,4.9072266,176.72809,3.6829774,0.9976818
74,ok,4.8518677,182.13898,3.8967047,0.99759984
75,ok,4.800476,187.60217,4.1127543,0.9975389
76,ok,4.798706,193.094,4.331286,0.9974764
77,ok,4.6660156,198.61737,4.549198,0.9973694
78,ok,4.5863647,204.17993,4.7707205,0.9973035
79,ok,4.51239,209.82855,4.990704,0.9972065
80,ok,4.411133,215.49548,5.210601,0.99708784
81,ok,4.312683,221.17249,5.432645,0.99697393
82,ok,4.1486816,226.82419,5.652842,0.99683005
83,ok,4.072632,232.70291,5.871377,0.9967057
84,ok,3.8761597,238.59543,6.0935655,0.99657255
85,ok,3.7219849,244.58832,6.3180656,0.9964494
86,ok,3.5203857,250.71442,6.5430474,0.9963248
87,ok,3.2368164,256.78412,6.768958,0.99614406
88,ok,3.19104,262.99542,6.9956193,0.99605894
89,ok,2.8370361,269.2019,7.222442,0.9958557
90,ok,2.6177979,275.38696,7.453604,0.9957294
91,ok,2.3552246,281.5067,7.6805744,0.9955588
92,ok,2.093628,287.7345,7.910599,0.99543935
93,ok,1.6776123,293.91296,8.135712,0.99523616
94,ok,1.5014038,300.09003,8.363257,0.995124
95,ok,1.0472412,306.32397,8.591763,0.9949101
96,ok,0.84277344,312.6021,8.822251,0.9947796
97,ok,0.39538574,318.97516,9.050995,0.99458605
98,ok,0.075683594,325.36304,9.2788515,0.9944662
99,ok,-0.35430908,331.79938,9.507303,0.9942429
100,ok,-0.74401855,338.2312,9.736559,0.99411935
101,ok,-1.1806641,344.74164,9.96494,0.9938918
102,ok,-1.5993652,351.30768,10.194579,0.99372697
103,ok,-2.044983,357.80933,10.421355,0.9935073
104,ok,-2.4389648,364.36926,10.653593,0.993281
105,ok,-2.9447632,371.01862,10.884591,0.993069
106,ok,-3.3348389,377.7079,11.119487,0.9928513
107,ok,-3.8448486,384.42438,11.352368,0.99263114
108,ok,-4.3286743,391.1068,11.585582,0.9924076
109,ok,-4.8965454,397.81964,11.816606,0.992128
110,ok,-5.409851,404.60687,12.052795,0.99192065
111,ok,-6.0701904,411.4579,12.28888,0.99163127
112,ok,-6.6312866,418.25092,12.522919,0.9914329
113,ok,-7.4312134,425.19513,12.759266,0.9911065
114,ok,-7.887024,432.16028,12.991379,0.9909736
115,ok,-8.7560425,439.12463,13.229398,0.99061614
116,ok,-9.298279,446.07343,13.4656,0.9904898
117,ok,-10.022888,453.15747,13.7038145,0.9902339
118,ok,-10.8479,460.20886,13.945976,0.98998207
119,ok,-11.400024,467.2868,14.185506,0.98986125
120,ok,-12.460632,474.4048,14.429381,0.9894597
121,ok,-13.076599,481.55548,14.670235,0.9893171
122,ok,-13.892334,488.76306,14.916949,0.9890677
123,ok,-14.905823,496.00903,15.160233,0.98871505
124,ok,-15.51239,503.14478,15.399832,0.98856646
125,ok,-16.661987,510.42285,15.643791,0.98813444
126,ok,-17.366638,517.70105,15.88633,0.9879396
127,ok,-18.37677,525.02014,16.127438,0.98762465
128,ok,-19.461487,532.36487,16.373077,0.98724765
129,ok,-20.188477,539.67224,16.615469,0.98703986
130,ok,-21.455078,547.05237,16.859348,0.9865605
131,ok,-22.496216,554.5228,17.102797,0.98630625
132,ok,-23.434814,561.8644,17.34085,0.98597234
133,ok,-24.586914,569.26245,17.582758,0.9855437
134,ok,-25.718262,576.75964,17.829863,0.9851809
135,ok,-26.665466,584.27356,18.078382,0.9849325
136,ok,-28.067627,591.7477,18.32544,0.9844043
137,ok,-29.094543,599.28796,18.57659,0.9841278
138,ok,-30.330017,606.8696,18.83091,0.9838235
139,ok,-31.757385,614.5631,19.084566,0.98344064
140,ok,-32.834167,622.1642,19.332539,0.9832429
141,ok,-34.383484,629.83875,19.586794,0.9828053
142,ok,-35.568176,637.56726,19.840513,0.98265696
143,ok,-36.994324,645.2814,20.097387,0.98227674
144,ok,-38.4281,653.0065,20.351242,0.98205405
145,ok,-39.767944,660.67444,20.605719,0.9817581
146,ok,-41.50641,668.41296,20.865265,0.98139745
147,ok,-42.72986,676.07654,21.11907,0.98111975
148,ok,-44.421204,683.81616,21.374031,0.98070633
149,ok,-45.953857,691.45337,21.625322,0.9803142
150,ok,-47.53192,699.0996,21.876667,0.9798617
151,ok,-49.15448,706.8402,22.134657,0.9795181
152,ok,-50.88141,714.4762,22.389576,0.97909826
153,ok,-52.58496,722.2411,22.650366,0.97873884
154,ok,-54.56909,729.9634,22.91075,0.97832656
155,ok,-56.237976,737.77686,23.173552,0.97803885
156,ok,-58.215393,745.48706,23.434168,0.97763336
157,ok,-60.049377,753.38367,23.705238,0.9773635
158,ok,-62.139587,761.1245,23.974037,0.9769677
159,ok,-63.902832,768.9551,24.243532,0.9767416
160,ok,-66.2301,776.79675,24.515987,0.97635734
161,ok,-68.22522,784.5925,24.791475,0.97610074
162,ok,-70.36206,792.43335,25.065826,0.9758526
163,ok,-72.61145,800.33594,25.345356,0.97558236
164,ok,-74.89905,808.3324,25.623787,0.975357
165,ok,-76.75946,816.2499,25.89699,0.9752611
166,ok,-79.32092,824.2075,26.176786,0.9749884
167,ok,-81.582825,832.12756,26.456995,0.9747985
168,ok,-83.8053,840.07336,26.728762,0.97468454
169,ok,-86.35736,847.994,27.013042,0.9744133
170,ok,-88.70923,855.9833,27.291407,0.9743554
171,ok,-91.06946,863.9789,27.57124,0.9743236
172,ok,-93.81561,871.99817,27.856384,0.974108
173,ok,-96.02344,880.1494,28.134476,0.9742091
174,ok,-98.70514,888.2191,28.41964,0.97410387
175,ok,-101.497986,896.39294,28.705719,0.9740315
176,ok,-103.984436,904.5287,28.990261,0.9740998
177,ok,-106.65869,912.68677,29.27577,0.9740814
178,ok,-109.64368,920.7102,29.563103,0.97396094
179,ok,-112.12317,928.79956,29.844353,0.9740421
180,ok,-115.5921,936.848,30.140633,0.9737854
181,ok,-118.054504,944.8817,30.425175,0.9740455
182,ok,-121.487976,952.9662,30.724009,0.97392327
183,ok,-124.23871,960.995,31.01672,0.97411394
184,ok,-127.57391,969.1648,31.323427,0.9741703
185,ok,-131.01257,977.2805,31.632902,0.97424674
186,ok,-134.18207,985.541,31.943684,0.97465813
187,ok,-137.85297,993.75696,32.257996,0.9747853
188,ok,-141.24579,1001.8209,32.565693,0.974984
189,ok,-144.54584,1010.1194,32.8773,0.9754506
190,ok,-148.35602,1018.20447,33.192806,0.97558016
191,ok,-151.93573,1026.1887,33.5013,0.97585523
192,ok,-155.76025,1034.049,33.805946,0.97574735
193,ok,-159.22717,1041.8507,34.104862,0.9759541
194,ok,-163.57776,1049.6599,34.423725,0.97580475
195,ok,-167.14722,1057.7416,34.737022,0.9763021
196,ok,-171.81226,1065.7488,35.073124,0.9763582
197,ok,-175.75232,1073.8706,35.399277,0.97683495
198,ok,-180.39142,1081.7549,35.7324,0.97691935
199,ok,-184.98743,1089.5447,36.068733,0.97699517
200,ok,-189.4953,1097.2937,36.398262,0.97712904
201,ok,-194.57141,1104.8157,36.742958,0.9770014
202,ok,-199.44849,1112.2141,37.089386,0.97699326
203,ok,-204.96576,1119.7604,37.44796,0.97682047
204,ok,-210.21545,1127.3147,37.809658,0.97705793
205,ok,-215.82153,1134.5127,38.16649,0.97683924
206,ok,-221.65869,1141.6948,38.542652,0.97666305
207,ok,-227.10382,1148.8452,38.90393,0.97675073
208,ok,-233.14526,1155.8485,39.278286,0.9765701
209,ok,-239.06873,1162.8325,39.65181,0.9765503
210,ok,-245.02222,1169.9066,40.022903,0.9766232
211,ok,-251.32495,1176.8151,40.400692,0.97660524
212,ok,-257.56714,1183.7345,40.780884,0.9765748
213,ok,-263.9458,1190.7065,41.16982,0.9767508
214,ok,-270.38373,1197.652,41.55544,0.97673815
215,ok,-276.661,1204.6251,41.94131,0.97696567
216,ok,-283.66504,1211.5157,42.348804,0.9770266
217,ok,-290.5511,1218.269,42.750435,0.977172
218,ok,-297.2124,1225.2296,43.15424,0.97759986
219,ok,-304.7154,1232.0073,43.57618,0.9776556
220,ok,-311.50708,1238.8844,43.981594,0.9782134
221,ok,-318.74866,1245.4309,44.387806,0.97840697
222,ok,-325.84314,1252.0356,44.79512,0.97872984
223,ok,-333.46362,1258.5453,45.214863,0.97892594
224,ok,-340.4168,1264.9736,45.616894,0.9793207
225,ok,-348.0368,1271.2712,46.041054,0.97949815
226,ok,-355.68542,1277.6726,46.465946,0.9798979
227,ok,-363.03052,1284.1077,46.887196,0.98054105
228,ok,-371.2503,1290.3069,47.320324,0.9807849
229,ok,-379.25366,1296.6919,47.763878,0.98140687
230,ok,-387.13208,1302.7797,48.19545,0.98208046
231,ok,-395.54327,1308.8217,48.648075,0.9825752
232,ok,-403.76794,1314.6969,49.093216,0.9830865
233,ok,-412.19025,1320.5452,49.544933,0.9837639
234,ok,-420.97284,1326.2532,50.002537,0.98425996
235,ok,-429.8758,1331.8126,50.470535,0.9847924
236,ok,-438.45917,1337.3229,50.92316,0.9855758
237,ok,-447.90027,1342.5992,51.40178,0.9859513
238,ok,-456.8491,1347.731,51.86021,0.9865452
239,ok,-466.07626,1352.737,52.328957,0.9871682
240,ok,-475.69168,1357.5264,52.810093,0.9875582
241,ok,-485.30032,1362.3751,53.294018,0.9882858
242,ok,-495.1601,1366.9507,53.776318,0.98867106
243,ok,-505.35443,1371.4005,54.274296,0.98924536
244,ok,-515.47577,1375.611,54.76383,0.9897028
245,ok,-525.8616,1379.5059,55.26069,0.9899666
246,ok,-536.23865,1383.4332,55.761997,0.99047923
247,ok,-546.6272,1387.2196,56.259594,0.9910467
248,ok,-557.59625,1390.6793,56.774315,0.99126744
249,ok,-568.0568,1394.152,57.275772,0.99186796
250,ok,-579.4757,1397.3864,57.803383,0.99213785
251,ok,-590.3683,1400.5602,58.328213,0.9928709
252,ok,-602.12195,1403.2865,58.87,0.9930332
253,ok,-613.3097,1405.8417,59.39709,0.9935787
254,ok,-625.4775,1408.3263,59.952637,0.9938949
255,ok,-636.94745,1410.7308,60.483086,0.9945204
256,ok,-648.9745,1412.8182,61.032524,0.9949509
257,ok,-663.34564,1414.5709,61.589935,0.9950986
258,ok,-676.2135,1416.296,62.12258,0.995722
259,ok,-686.5536,1417.9336,62.707764,0.99615365
260,ok,-698.1244,1419.3031,63.265545,0.996797
261,ok,-710.5883,1420.6436,63.83879,0.9976951
262,ok,-724.55493,1421.3749,64.46046,0.99777937
263,ok,-737.0047,1422.1803,65.025795,0.9987017
264,ok,-750.5933,1422.4731,65.64065,0.9991129
265,ok,-764.3381,1422.7043,66.2545,0.9996011
266,ok,-777.2329,1422.6349,66.83593,1.0002882
267,ok,-791.67694,1422.5072,67.47335,1.0006565
268,ok,-804.57043,1421.8134,68.046936,1.001075
269,ok,-818.5896,1421.2551,68.666725,1.0014907
270,ok,-831.9482,1419.9701,69.25999,1.0014771
271,ok,-845.1833,1419.1844,69.85068,1.0021969
272,ok,-859.56433,1417.6304,70.480316,1.0020931
273,ok,-872.4826,1416.3635,71.05912,1.0028476
274,ok,-886.4796,1414.4531,71.6729,1.0028682
275,ok,-900.3296,1412.7365,72.28072,1.0032941
276,ok,-913.9032,1410.3427,72.87966,1.0034384
277,ok,-927.626,1407.9989,73.48305,1.0036705
278,ok,-941.9397,1405.3712,74.117836,1.0038222
279,ok,-955.06085,1402.7633,74.70395,1.0045403
280,ok,-969.76196,1399.906,75.351616,1.0047382
281,ok,-983.4214,1396.7146,75.96489,1.0051078
282,ok,-996.49756,1393.2219,76.555595,1.00543
283,ok,-1011.4503,1389.876,77.21936,1.0057296
284,ok,-1024.608,1386.0646,77.80784,1.0059973
285,ok,-1038.3793,1382.2137,78.42724,1.0065364
286,ok,-1053.0774,1378.1628,79.08827,1.0068078
287,ok,-1065.5339,1373.5767,79.65745,1.0070634
288,ok,-1079.692,1368.8317,80.3041,1.0071465
289,ok,-1093.2935,1364.0879,80.91794,1.0074061
290,ok,-1106.5255,1359.0238,81.52172,1.0077091
291,ok,-1120.4084,1353.9231,82.15218,1.0078167
292,ok,-1133.8026,1348.8856,82.76212,1.0084151
293,ok,-1147.4384,1343.5543,83.39235,1.0087417
294,ok,-1160.5787,1338.0917,83.99902,1.0091187
295,ok,-1173.7427,1332.4701,84.608765,1.0095551
296,ok,-1187.1548,1326.8173,85.234886,1.0098674
297,ok,-1199.5392,1320.8494,85.81475,1.0101241
298,ok,-1212.5358,1314.6832,86.43082,1.0102615
299,ok,-1225.6733,1308.3765,87.04073,1.0103879
300,ok,-1238.1904,1302.2091,87.62777,1.0107417
301,ok,-1251.25,1295.8522,88.24894,1.0112889
302,ok,-1263.5945,1288.8027,88.83655,1.0110642
303,ok,-1275.7126,1282.0631,89.42542,1.0113534
304,ok,-1288.6183,1274.7916,90.05145,1.0113224
305,ok,-1300.2603,1267.7695,90.61648,1.0113647
306,ok,-1312.5724,1260.3693,91.22,1.0111508
307,ok,-1324.3832,1253.0709,91.80469,1.0114245
308,ok,-1336.4087,1245.3726,92.40178,1.011345
309,ok,-1348.3186,1237.4825,92.997246,1.0112895
310,ok,-1359.9912,1229.1803,93.58559,1.0110832
311,ok,-1372.0375,1220.9795,94.1957,1.0109993
312,ok,-1383.2881,1212.2817,94.77626,1.0106777
313,ok,-1394.815,1203.5657,95.369774,1.010336
314,ok,-1406.381,1194.6393,95.96644,1.0099485
315,ok,-1417.4744,1185.8313,96.547516,1.0097451
316,ok,-1428.8872,1176.7745,97.143394,1.0093937
317,ok,-1440.0115,1167.6254,97.73632,1.0092188
318,ok,-1450.8367,1158.2941,98.31823,1.0088716
319,ok,-1461.5353,1148.87,98.90621,1.0086541
320,ok,-1472.5256,1139.3534,99.513824,1.0084121
321,ok,-1482.9135,1129.813,100.08937,1.0082655
322,ok,-1493.7173,1119.931,100.69806,1.0078717
323,ok,-1503.9834,1110.2023,101.28389,1.0078338
324,ok,-1514.1578,1100.1901,101.87371,1.0075655
325,ok,-1524.7538,1090.3926,102.48244,1.0077279
326,ok,-1534.6895,1080.159,103.06498,1.0075483
327,ok,-1544.7848,1070.1139,103.65849,1.0075947
328,ok,-1554.5537,1059.7112,104.2523,1.0071439
329,ok,-1563.6697,1049.5924,104.80674,1.0069861
330,ok,-1573.4,1039.5886,105.40383,1.0069535
331,ok,-1582.1243,1030.0061,105.9423,1.006804
332,ok,-1590.8522,1020.7975,106.48151,1.006734
333,ok,-1598.3867,1012.32263,106.971756,1.0064851
334,ok,-1605.9381,1004.6813,107.45078,1.006344
335,ok,-1612.7095,997.7739,107.878685,1.0062083
336,ok,-1619.2844,991.14954,108.30337,1.0058113
337,ok,-1625.2253,984.84155,108.69779,1.0053678
338,ok,-1631.02,978.9795,109.08331,1.0051059
339,ok,-1636.97,973.2217,109.48377,1.0049045
340,ok,-1642.383,967.4895,109.85524,1.0047274
341,ok,-1648.3032,961.6892,110.2637,1.0046669
342,ok,-1653.6562,956.06665,110.63488,1.0046223
343,ok,-1659.3043,950.3992,111.02917,1.0046015
344,ok,-1664.6138,944.56885,111.413506,1.0043435
345,ok,-1669.7859,939.2301,111.78439,1.0043783
346,ok,-1675.126,934.0831,112.1651,1.0044967
347,ok,-1679.9205,929.2095,112.51319,1.0044057
348,ok,-1684.888,924.65674,112.87125,1.0045378
349,ok,-1689.1375,920.277,113.200615,1.0042828
350,ok,-1693.9514,916.26514,113.54905,1.0045745
351,ok,-1698.5183,912.1272,113.887596,1.0045704
352,ok,-1702.6951,908.1461,114.205124,1.0044264
353,ok,-1707.2231,904.3104,114.545616,1.0045822
354,ok,-1711.5336,900.63,114.86563,1.0048339
355,ok,-1716.24,896.90784,115.209114,1.005215
356,ok,-1720.4387,892.83484,115.54307,1.0051568
357,ok,-1724.5521,888.6234,115.8728,1.0049716
358,ok,-1729.293,884.4474,116.22957,1.0051844
359,ok,-1733.3977,880.01416,116.56165,1.0048429
360,ok,-1737.9282,875.2328,116.923805,1.0046434
361,ok,-1742.4923,870.5288,117.28468,1.0049164
362,ok,-1747.5498,865.3357,117.683525,1.0051379
363,ok,-1751.8931,859.7986,118.05788,1.0049344
364,ok,-1756.9785,854.04016,118.46999,1.0050344
365,ok,-1761.8184,848.187,118.86612,1.0050033
366,ok,-1766.9012,842.2466,119.27872,1.0051599
367,ok,-1771.8517,836.0575,119.69142,1.0050353
368,ok,-1776.9734,829.84875,120.1064,1.0050585
369,ok,-1782.1067,822.0635,120.52435,1.0052407
370,ok,-1787.1687,817.0137,120.94737,1.0050747
371,ok,-1792.0317,810.08545,121.36993,1.0047356
372,ok,-1797.0952,802.66565,121.81725,1.0044633
373,ok,-1802.3177,794.7412,122.27769,1.0041845
374,ok,-1807.4115,786.1908,122.75277,1.0037001
375,ok,-1812.9238,777.43176,123.246826,1.0035228
376,ok,-1818.4409,768.44385,123.744,1.0033348
377,ok,-1823.967,759.33716,124.24769,1.0032003
378,ok,-1829.2623,750.1937,124.743866,1.0029917
379,ok,-1834.8942,740.95044,125.260635,1.0029855
380,ok,-1839.9453,731.6133,125.74891,1.002675
381,ok,-1845.3748,722.24927,126.267746,1.0026628
382,ok,-1850.6755,712.9126,126.766335,1.0025123
383,ok,-1855.895,703.495,127.27323,1.0024687
384,ok,-1861.0348,694.13684,127.77647,1.0025203
385,ok,-1866.2805,684.7947,128.2876,1.0026491
386,ok,-1871.1511,675.2908,128.78566,1.0024961
387,ok,-1876.0051,665.74695,129.28995,1.002489
388,ok,-1881.0754,656.3274,129.79826,1.0026045
389,ok,-1885.7893,646.9293,130.29396,1.0024284
390,ok,-1890.2251,637.4374,130.79082,1.0022218
391,ok,-1894.688,628.1959,131.284,1.0021533
392,ok,-1899.2778,618.84155,131.78017,1.002161
393,ok,-1903.5441,609.3916,132.27654,1.0020202
394,ok,-1907.6287,599.9442,132.76588,1.0017629
395,ok,-1911.9895,590.6344,133.25885,1.0018494
396,ok,-1915.9209,581.15845,133.75713,1.001658
397,ok,-1919.8596,571.9668,134.23674,1.0014827
398,ok,-1923.7017,562.73376,134.7307,1.0014398
399,ok,-1927.3309,553.6564,135.20338,1.001114
400,ok,-1930.8506,544.5121,135.6799,1.0009848
401,ok,-1934.5181,535.6404,136.15982,1.0010258
402,ok,-1938.0925,526.77454,136.63428,1.001076
403,ok,-1941.4658,517.74817,137.11273,1.0009344
404,ok,-1944.4349,508.54797,137.58092,1.0004653
405,ok,-1947.6079,499.5547,138.05406,1.0002353
406,ok,-1950.4844,490.36963,138.52275,0.9997888
407,ok,-1953.7781,481.30304,138.99855,0.99969745
408,ok,-1956.5256,472.27258,139.45996,0.99931633
409,ok,-1959.5566,463.22333,139.93396,0.9991901
410,ok,-1962.229,454.20813,140.396,0.9987499
411,ok,-1965.0253,445.2077,140.86473,0.9985992
412,ok,-1967.4966,436.28632,141.32451,0.9981055
413,ok,-1970.1157,427.31708,141.78859,0.99786514
414,ok,-1972.5533,418.29712,142.25511,0.99749947
415,ok,-1974.6295,409.3778,142.71033,0.9969722
416,ok,-1976.9526,400.4267,143.17503,0.99660414
417,ok,-1979.1927,391.59332,143.63509,0.99631226
418,ok,-1981.0083,382.60284,144.09752,0.99577975
419,ok,-1982.9678,373.78882,144.5523,0.99528503
420,ok,-1984.7046,365.06018,145.00665,0.99479073
421,ok,-1986.4578,356.4568,145.45744,0.99427307
422,ok,-1987.804,347.84784,145.9012,0.99350977
423,ok,-1989.3335,339.59467,146.3395,0.9929602
424,ok,-1990.6724,331.68793,146.77022,0.9923996
425,ok,-1992.043,324.16467,147.18254,0.9917629
426,ok,-1993.1558,316.8869,147.5912,0.99119586
427,ok,-1994.3251,309.86334,147.99483,0.99066496
428,ok,-1995.3485,302.95557,148.38994,0.9900348
429,ok,-1996.1914,296.14374,148.78522,0.98937356
430,ok,-1996.9209,289.3192,149.17697,0.9885567
431,ok,-1997.9421,282.49603,149.57927,0.9880549
432,ok,-1998.7064,275.7608,149.96553,0.9873371
433,ok,-1999.8003,268.99707,150.36705,0.9870987
434,ok,-2000.5293,262.31805,150.75578,0.98637617
435,ok,-2001.0396,255.56995,151.14708,0.9855295
436,ok,-2001.5865,248.82104,151.54118,0.9848407
437,ok,-2002.3572,242.05444,151.9359,0.98422563
438,ok,-2002.862,235.36267,152.32617,0.9834988
439,ok,-2003.1389,228.68506,152.72037,0.98268366
440,ok,-2003.8412,221.93066,153.11333,0.98210245
441,ok,-2004.413,215.15259,153.51425,0.9816328
442,ok,-2004.7053,208.40509,153.90622,0.980769
443,ok,-2005.0587,201.53394,154.308,0.98018056
444,ok,-2005.6497,194.60754,154.71486,0.97967744
445,ok,-2006.1394,187.66724,155.11882,0.97928077
446,ok,-2006.7456,180.62292,155.53084,0.9789289
447,ok,-2007.037,173.57135,155.93724,0.97839326
448,ok,-2007.3544,166.45874,156.34885,0.97792715
449,ok,-2007.3162,159.37549,156.75589,0.9772155
450,ok,-2007.4683,152.31183,157.16537,0.9766114
451,ok,-2007.2225,145.24408,157.57166,0.97582304
452,ok,-2007.1777,138.17255,157.98488,0.9752668
453,ok,-2007.1515,130.97095,158.39543,0.9746513
454,ok,-2006.9758,123.91455,158.80963,0.9740649
455,ok,-2006.9153,116.76605,159.22154,0.97351474
456,ok,-2006.7961,109.63269,159.63876,0.9730936
457,ok,-2006.4437,102.53168,160.05023,0.9724164
458,ok,-2006.5552,95.460754,160.46811,0.97221375
459,ok,-2006.5529,88.36487,160.8851,0.97191274
460,ok,-2006.1194,81.28308,161.30064,0.9713339
461,ok,-2005.8417,74.22034,161.71582,0.9709048
462,ok,-2005.5295,67.226074,162.12917,0.97049123
463,ok,-2005.0272,60.268738,162.54282,0.96997726
464,ok,-2004.4695,53.269165,162.95665,0.96931976
465,ok,-2003.827,46.299133,163.36935,0.96878505
466,ok,-2003.1201,39.27527,163.78621,0.96817183
467,ok,-2002.5573,32.34546,164.19989,0.9676897
468,ok,-2001.9471,25.333618,164.61531,0.96722764
469,ok,-2001.2222,18.38501,165.02988,0.96668947
470,ok,-2000.5808,11.58667,165.44128,0.96622133
471,ok,-1999.8539,4.7316284,165.85512,0.9657201
472,ok,-1998.8738,-2.0743408,166.26295,0.9649816
473,ok,-1998.2323,-8.922913,166.67575,0.964567
474,ok,-1997.0134,-15.674194,167.08472,0.9638216
475,ok,-1996.0,-22.440857,167.49539,0.9632212
476,ok,-1994.8951,-29.1846,167.90392,0.9625938
477,ok,-1994.0615,-35.79709,168.3129,0.9622562
478,ok,-1992.9319,-42.57663,168.7219,0.9615776
479,ok,-1992.1794,-49.204376,169.13039,0.9614362
480,ok,-1991.0878,-55.927643,169.53845,0.96089727
481,ok,-1989.8911,-62.5282,169.94702,0.96043795
482,ok,-1989.0043,-68.970825,170.35158,0.96026903
483,ok,-1988.0039,-75.20123,170.74915,0.95988417
484,ok,-1986.5616,-81.27609,171.14096,0.95931673
485,ok,-1985.4215,-87.17502,171.52673,0.9588573
486,ok,-1984.1941,-92.83322,171.90865,0.95850563
487,ok,-1982.7965,-98.56302,172.29068,0.9579173
488,ok,-1981.7505,-104.16107,172.67188,0.95773613
489,ok,-1980.4907,-109.80847,173.05336,0.95734507
490,ok,-1979.3069,-115.31497,173.4326,0.9571174
491,ok,-1978.0801,-120.73691,173.81027,0.9568593
492,ok,-1976.8472,-125.95816,174.18169,0.9566329
493,ok,-1975.5123,-130.9725,174.54773,0.9563103
494,ok,-1974.0093,-135.79251,174.90907,0.9559512
495,ok,-1972.406,-140.63849,175.268,0.9554056
496,ok,-1970.9391,-145.21344,175.6229,0.9550255
497,ok,-1969.5024,-149.7991,175.97758,0.954649
498,ok,-1968.0728,-154.27747,176.33101,0.95435655
499,ok,-1966.458,-158.73273,176.68274,0.95389503
500,ok,-1964.7823,-163.22751,177.03629,0.9534261
501,ok,-1963.1941,-167.70093,177.3882,0.9529211
502,ok,-1961.5294,-172.02646,177.73825,0.9524546
503,ok,-1959.5483,-176.32797,178.08887,0.9517953
504,ok,-1958.0188,-180.63086,178.4393,0.95145583
505,ok,-1956.1333,-184.88583,178.78934,0.9509123
506,ok,-1954.2095,-189.00235,179.1377,0.9502694
507,ok,-1952.1398,-193.08627,179.48468,0.94960016
508,ok,-1950.3556,-197.06403,179.82945,0.94912285
509,ok,-1948.325,-201.02032,-179.82632,0.9484937
510,ok,-1946.468,-204.8768,-179.48279,0.9480159
511,ok,-1944.5754,-208.79459,-179.13898,0.94752455
512,ok,-1942.6404,-212.6052,-178.79587,0.9469956
513,ok,-1940.5552,-216.40485,-178.45323,0.946391
514,ok,-1938.624,-220.0925,-178.11385,0.9459477
515,ok,-1936.2351,-223.70953,-177.77399,0.94511324
516,ok,-1934.3297,-227.2844,-177.43474,0.9447553
517,ok,-1932.0184,-230.71515,-177.09894,0.9440419
518,ok,-1930.1293,-234.07483,-176.76555,0.94366384
519,ok,-1927.753,-237.28867,-176.43634,0.94297814
520,ok,-1926.0221,-240.34421,-176.11041,0.9427391
521,ok,-1923.7634,-243.24487,-175.78714,0.94225115
522,ok,-1921.8254,-246.0654,-175.4661,0.9418236
523,ok,-1919.7653,-248.9003,-175.1446,0.94136393
524,ok,-1917.6433,-251.72269,-174.82368,0.9408928
525,ok,-1915.7661,-254.46994,-174.50363,0.9405923
526,ok,-1913.584,-257.21198,-174.18147,0.940104
527,ok,-1911.5043,-259.937,-173.85939,0.93971056
528,ok,-1909.5813,-262.77155,-173.5356,0.93953615
529,ok,-1907.7273,-265.40027,-173.2164,0.9393734
530,ok,-1905.9338,-267.8299,-172.90416,0.93933433
531,ok,-1904.209,-270.2819,-172.59271,0.93936753
532,ok,-1902.4541,-272.59653,-172.28249,0.93924296
533,ok,-1900.6147,-274.7338,-171.97714,0.93919295
534,ok,-1898.5938,-276.6047,-171.67659,0.93891144
535,ok,-1897.075,-278.44955,-171.37947,0.93905044
536,ok,-1894.8591,-279.94858,-171.08908,0.93864906
537,ok,-1893.1614,-281.4098,-170.80168,0.9385588
538,ok,-1891.591,-282.61566,-170.5221,0.9385716
539,ok,-1890.0327,-283.57916,-170.2492,0.938581
540,ok,-1888.3875,-284.40805,-169.97871,0.9385731
541,ok,-1886.7095,-284.99896,-169.71518,0.9384899
542,ok,-1885.2144,-285.58197,-169.45244,0.93864006
543,ok,-1883.8721,-285.97794,-169.19548,0.93885607
544,ok,-1882.5752,-286.10678,-168.94519,0.93909746
545,ok,-1881.351,-285.87375,-168.70761,0.9393223
546,ok,-1880.1389,-285.23026,-168.48187,0.9395291
547,ok,-1878.9082,-284.19122,-168.26675,0.93962866
548,ok,-1877.9397,-282.87668,-168.06056,0.9399208
549,ok,-1876.7451,-281.3707,-167.85939,0.9399795
550,ok,-1875.57,-279.70258,-167.66168,0.9400242
551,ok,-1874.3574,-277.9073,-167.46605,0.94006324
552,ok,-1873.045,-275.86813,-167.27629,0.93994635
553,ok,-1872.2822,-273.49857,-167.098,0.9403288
554,ok,-1871.5459,-270.82513,-166.92844,0.9406814
555,ok,-1870.8755,-267.7281,-166.76988,0.9410503
556,ok,-1870.2268,-264.34457,-166.62117,0.94141406
557,ok,-1869.4856,-260.76517,-166.47488,0.94169533
558,ok,-1869.1913,-256.8628,-166.34053,0.94226646
559,ok,-1868.4967,-252.84082,-166.20374,0.9424353
560,ok,-1868.0709,-248.65594,-166.07321,0.94293004
561,ok,-1867.5999,-244.51761,-165.93965,0.94327354
562,ok,-1867.0972,-240.52399,-165.80133,0.943716
563,ok,-1866.6189,-236.54138,-165.66081,0.94405776
564,ok,-1865.9036,-232.62143,-165.5159,0.9443141
565,ok,-1865.2756,-228.77954,-165.36688,0.9446368
566,ok,-1864.8201,-224.89026,-165.22145,0.9451338
567,ok,-1864.6045,-220.97284,-165.07607,0.9458463
568,ok,-1864.2993,-216.86789,-164.9343,0.94647217
569,ok,-1863.9858,-212.75522,-164.79268,0.9471267
570,ok,-1863.7158,-208.40659,-164.65735,0.9477961
571,ok,-1863.4984,-203.62256,-164.53255,0.948431
572,ok,-1863.5735,-198.27902,-164.42793,0.949225
573,ok,-1863.5878,-192.3179,-164.34164,0.9499992
574,ok,-1863.6184,-185.73697,-164.2703,0.950643
575,ok,-1863.8354,-178.879,-164.20937,0.951529
576,ok,-1863.9846,-171.44025,-164.16193,0.9521951
577,ok,-1864.3184,-163.74591,-164.12589,0.95309615
578,ok,-1864.687,-155.66263,-164.09915,0.95391387
579,ok,-1865.0975,-147.31558,-164.0792,0.9547943
580,ok,-1865.5332,-138.94482,-164.0591,0.95554507
581,ok,-1866.0212,-130.249,-164.04654,0.9564022
582,ok,-1866.3564,-121.75549,-164.02023,0.9571329
583,ok,-1867.5237,-112.80267,-164.01248,0.9583179
584,ok,-1867.6559,-103.928406,-163.9948,0.95891
585,ok,-1868.1882,-94.97751,-163.98291,0.9597818
586,ok,-1867.9225,-86.07739,-163.96497,0.9600936
587,ok,-1868.0314,-77.151825,-163.9505,0.96071136
588,ok,-1867.8185,-68.34674,-163.93146,0.96110064
589,ok,-1867.6838,-59.469604,-163.91641,0.96165925
590,ok,-1867.1865,-50.61551,-163.89844,0.96183205
591,ok,-1867.1722,-41.76642,-163.88509,0.96253717
592,ok,-1866.8596,-33.06653,-163.86752,0.96292615
593,ok,-1866.4185,-24.361816,-163.84885,0.96327055
594,ok,-1865.8875,-15.633423,-163.82915,0.96349305
595,ok,-1865.3495,-6.840027,-163.81331,0.96371007
596,ok,-1864.7302,1.8244019,-163.79437,0.9638135
597,ok,-1864.1609,10.406677,-163.77388,0.9638806
598,ok,-1863.7183,19.008545,-163.75844,0.96420175
599,ok,-1862.9729,27.664856,-163.74176,0.9642574
600,ok,-1862.2656,36.225586,-163.72308,0.96429825
601,ok,-1861.7192,44.769775,-163.70398,0.96441895
602,ok,-1861.1752,53.366028,-163.69193,0.9646964
603,ok,-1860.7515,61.867126,-163.67369,0.9649313
604,ok,-1860.3606,70.42847,-163.65907,0.9651656
605,ok,-1859.8708,78.82196,-163.64035,0.96533126
606,ok,-1859.2609,87.20557,-163.6225,0.9653465
607,ok,-1858.6665,95.49957,-163.60233,0.9654261
608,ok,-1857.9985,103.88342,-163.58359,0.96531737
609,ok,-1857.4922,112.249756,-163.56778,0.96546525
610,ok,-1857.1538,120.56012,-163.55075,0.9656772
611,ok,-1856.7922,128.9137,-163.53539,0.9658816
612,ok,-1856.562,137.2865,-163.52234,0.96620125
613,ok,-1856.2488,145.60431,-163.50829,0.9664108
614,ok,-1856.0527,153.83228,-163.4941,0.96681464
615,ok,-1855.8845,162.08368,-163.48094,0.9671096
616,ok,-1855.803,170.40576,-163.47003,0.96755326
617,ok,-1855.551,178.61914,-163.45929,0.96796304
618,ok,-1855.5356,186.86194,-163.4481,0.9682949
619,ok,-1855.28,195.00995,-163.43613,0.9685569
620,ok,-1855.1228,203.06494,-163.42763,0.96892375
621,ok,-1855.1052,211.0976,-163.41158,0.9691384
622,ok,-1855.1118,219.0769,-163.40344,0.969513
623,ok,-1854.8345,226.96222,-163.3891,0.9696472
624,ok,-1854.731,234.9057,-163.38025,0.9698492
625,ok,-1854.6997,242.62537,-163.3708,0.9702702
626,ok,-1854.5562,250.357,-163.35599,0.97031665
627,ok,-1854.6316,258.02283,-163.34566,0.97079897
628,ok,-1854.5217,265.6598,-163.3361,0.9710206
629,ok,-1854.2688,273.2915,-163.32553,0.97116226
630,ok,-1854.1703,280.9204,-163.31659,0.9715669
631,ok,-1854.1575,288.5027,-163.30367,0.97170085
632,ok,-1854.1672,296.02533,-163.30014,0.97223234
633,ok,-1853.9863,303.36676,-163.28197,0.97235686
634,ok,-1853.8494,310.93787,-163.28432,0.9726661
635,ok,-1852.7532,317.99805,-163.26428,0.97227883
636,ok,-1852.8529,325.4176,-163.25012,0.9723957
637,ok,-1852.186,332.53473,-163.23991,0.97246575
638,ok,-1852.2268,339.7162,-163.21771,0.9723561
639,ok,-1852.023,346.73645,-163.20854,0.9727378
640,ok,-1852.0256,353.69482,-163.1892,0.9728325
641,ok,-1851.8333,360.6939,-163.174,0.9728187
642,ok,-1851.8135,367.5752,-163.15671,0.9730912
643,ok,-1851.5464,374.3167,-163.13379,0.97292465
644,ok,-1851.5781,381.13165,-163.1127,0.97312516
645,ok,-1851.2883,387.61853,-163.08846,0.9729925
646,ok,-1851.3953,394.3271,-163.06796,0.9730532
647,ok,-1850.9963,400.79077,-163.04303,0.97299975
648,ok,-1850.9517,407.32404,-163.01558,0.9727986
649,ok,-1850.5194,413.72534,-162.99083,0.97262895
650,ok,-1850.4645,420.29932,-162.96686,0.97250265
651,ok,-1850.1925,426.72827,-162.9392,0.97219396
652,ok,-1850.0918,433.30035,-162.91771,0.9721642
653,ok,-1849.8534,439.69,-162.89006,0.9719407
654,ok,-1849.7458,446.10406,-162.86853,0.971792
655,ok,-1849.4788,452.5157,-162.84602,0.9716631
656,ok,-1849.5326,458.99426,-162.82613,0.97148687
657,ok,-1849.2008,465.4903,-162.80757,0.9713555
658,ok,-1849.0624,471.99878,-162.7857,0.9711323
659,ok,-1848.8525,478.52966,-162.76672,0.9709604
660,ok,-1848.6111,485.07788,-162.74777,0.97080064
661,ok,-1848.3564,491.7129,-162.72813,0.9704292
662,ok,-1847.8143,498.22168,-162.71461,0.9702606
663,ok,-1847.4453,504.7588,-162.6975,0.9698631
664,ok,-1847.1387,511.51782,-162.68524,0.96963114
665,ok,-1846.8062,518.08215,-162.67082,0.9693588
666,ok,-1846.3164,524.5735,-162.65524,0.9689167
667,ok,-1845.8038,531.2003,-162.64397,0.96856827
668,ok,-1845.4653,537.63306,-162.62523,0.96814424
669,ok,-1845.7024,544.6354,-162.62662,0.968424
670,ok,-1845.1804,551.11694,-162.61282,0.9680954
671,ok,-1845.7219,558.26587,-162.61664,0.9682037
672,ok,-1845.1262,564.8159,-162.60222,0.96788293
673,ok,-1844.9358,571.35583,-162.59213,0.9676696
674,ok,-1844.4878,577.9729,-162.58617,0.96747535
675,ok,-1844.0898,584.46545,-162.57008,0.9671889
676,ok,-1843.6595,590.90405,-162.55553,0.96708304
677,ok,-1843.6724,597.49036,-162.5396,0.9668547
678,ok,-1843.1653,603.891,-162.52556,0.96686655
679,ok,-1843.1292,610.4691,-162.50972,0.9665994
680,ok,-1842.551,616.89465,-162.49802,0.9665043
681,ok,-1842.2441,623.22046,-162.48216,0.96630967
682,ok,-1842.0537,629.6304,-162.47229,0.9662091
683,ok,-1841.7202,635.97485,-162.45871,0.9662208
684,ok,-1841.2649,642.1732,-162.44206,0.9659452
685,ok,-1840.9221,648.4468,-162.42967,0.9659685
686,ok,-1840.544,654.57007,-162.41595,0.9658048
687,ok,-1840.3472,660.7893,-162.40424,0.9658726
688,ok,-1839.9943,666.8589,-162.38663,0.96574396
689,ok,-1840.1138,673.105,-162.37657,0.9659797
690,ok,-1839.7012,679.1714,-162.36203,0.9659186
691,ok,-1839.8108,685.3412,-162.34903,0.96610296
692,ok,-1839.7302,691.3651,-162.33607,0.96619743
693,ok,-1839.9993,697.4702,-162.32494,0.9664206
694,ok,-1839.8254,703.4868,-162.31345,0.96658814
695,ok,-1839.8826,709.5487,-162.30133,0.9667667
696,ok,-1840.0032,715.51184,-162.28777,0.96690065
697,ok,-1840.2261,721.58765,-162.27534,0.9671343
698,ok,-1840.316,727.50806,-162.26454,0.967486
699,ok,-1840.7585,733.5564,-162.25293,0.9676584
700,ok,-1840.9009,739.4978,-162.24646,0.96813035
701,ok,-1841.5112,745.49,-162.23746,0.9684117
702,ok,-1841.8745,751.4811,-162.23999,0.9691415
703,ok,-1841.5591,757.4385,-162.2352,0.96927583
704,ok,-1842.0784,763.57434,-162.24167,0.9697784
705,ok,-1842.2415,770.17566,-162.25705,0.9703397
706,ok,-1842.4708,776.958,-162.2881,0.97086626
707,ok,-1842.3285,784.4498,-162.34431,0.9716694
708,ok,-1842.3037,792.3756,-162.4086,0.97212607
709,ok,-1841.3428,800.8766,-162.49379,0.9727181
710,ok,-1840.8789,809.7301,-162.58118,0.97303826
711,ok,-1840.0627,819.01465,-162.6954,0.97380394
712,ok,-1839.2062,828.423,-162.80334,0.9741857
713,ok,-1837.8763,838.193,-162.93013,0.9747913
714,ok,-1837.0188,848.5886,-163.07228,0.9754852
715,ok,-1835.2747,859.40063,-163.22974,0.97595817
716,ok,-1833.2021,870.72437,-163.40811,0.97664404
717,ok,-1831.2725,882.58276,-163.60237,0.97711915
718,ok,-1828.4602,894.83545,-163.81415,0.9777101
719,ok,-1825.7048,907.45544,-164.04001,0.978202
720,ok,-1822.7587,920.355,-164.27321,0.9786415
721,ok,-1819.5127,933.4552,-164.5204,0.9792327
722,ok,-1816.0364,946.7993,-164.77504,0.9796376
723,ok,-1812.2365,960.3446,-165.03735,0.9801307
724,ok,-1808.1506,974.08093,-165.31053,0.98065376
725,ok,-1803.9464,988.0242,-165.58784,0.9808284
726,ok,-1798.686,1001.89514,-165.87376,0.98094386
727,ok,-1794.0728,1016.1998,-166.17404,0.98120767
728,ok,-1788.6326,1030.4906,-166.47662,0.9814663
729,ok,-1783.1443,1044.9152,-166.78038,0.98138636
730,ok,-1777.2128,1059.3274,-167.0924,0.9814895
731,ok,-1771.6248,1073.7019,-167.40416,0.98153996
732,ok,-1765.7153,1088.174,-167.71419,0.9815271
733,ok,-1759.5515,1102.5353,-168.0256,0.98160154
734,ok,-1753.9503,1117.0348,-168.34361,0.9816472
735,ok,-1747.4143,1131.3478,-168.65575,0.98172194
736,ok,-1741.5741,1145.6565,-168.9754,0.981859
737,ok,-1735.1672,1159.922,-169.29198,0.9819617
738,ok,-1728.9675,1174.0979,-169.61118,0.98209405
739,ok,-1722.8481,1188.3983,-169.92436,0.9821006
740,ok,-1715.9513,1202.4913,-170.24048,0.98216134
741,ok,-1709.6953,1216.6349,-170.55675,0.9821758
742,ok,-1703.1523,1230.6025,-170.87337,0.9823701
743,ok,-1696.2654,1244.3617,-171.18802,0.9823169
744,ok,-1689.7015,1258.2206,-171.50241,0.9824102
745,ok,-1682.3079,1271.7504,-171.8158,0.9821647
746,ok,-1675.8674,1285.8641,-172.13991,0.9824399
747,ok,-1668.519,1299.5898,-172.46405,0.9824499
748,ok,-1661.1077,1313.2827,-172.78627,0.9823127
749,ok,-1653.4182,1327.078,-173.1249,0.982372
750,ok,-1645.7317,1340.7759,-173.45361,0.98230195
751,ok,-1637.7634,1354.444,-173.78995,0.9822396
752,ok,-1629.6326,1367.9491,-174.11966,0.9821633
753,ok,-1621.782,1381.5111,-174.45204,0.9820159
754,ok,-1613.0474,1395.0367,-174.78871,0.981993
755,ok,-1604.9567,1408.3673,-175.12392,0.9818677
756,ok,-1596.4147,1421.5697,-175.4593,0.98176306
757,ok,-1587.4746,1434.5239,-175.79507,0.98153985
758,ok,-1578.8055,1447.3898,-176.13286,0.98133653
759,ok,-1569.6736,1459.974,-176.46835,0.9811455
760,ok,-1560.6033,1472.2633,-176.79858,0.9807016
761,ok,-1551.4197,1484.6003,-177.12785,0.98038924
762,ok,-1542.5884,1496.9061,-177.45848,0.97998804
763,ok,-1532.3125,1508.7065,-177.7877,0.9794837
764,ok,-1523.5714,1520.6072,-178.11775,0.97892845
765,ok,-1513.0557,1532.3784,-178.44902,0.97841567
766,ok,-1504.3357,1544.6228,-178.7865,0.9782748
767,ok,-1494.5266,1556.7561,-179.1256,0.97812414
768,ok,-1485.175,1568.6738,-179.46645,0.97794527
769,ok,-1475.7034,1580.8142,-179.80728,0.9777875
770,ok,-1465.6569,1592.8794,179.86005,0.9775496
771,ok,-1456.5481,1604.894,179.52393,0.97729474
772,ok,-1445.5994,1616.5105,179.18787,0.976823
773,ok,-1436.1384,1628.4045,178.84846,0.9764854
774,ok,-1425.4031,1640.0273,178.50883,0.97609353
775,ok,-1415.3376,1651.8926,178.1661,0.9757424
776,ok,-1404.8213,1663.6567,177.82616,0.97530276
777,ok,-1394.243,1675.4309,177.48094,0.9749726
778,ok,-1383.1573,1687.2283,177.13536,0.97453046
779,ok,-1372.7223,1698.8884,176.78693,0.9742258
780,ok,-1361.1124,1710.2507,176.44165,0.97357523
781,ok,-1349.8767,1721.7651,176.08513,0.973216
782,ok,-1338.5059,1733.2473,175.722,0.97269356
783,ok,-1324.9578,1744.7827,175.3473,0.9718037
784,ok,-1313.0082,1757.7983,174.94472,0.9716112
785,ok,-1299.1226,1771.0957,174.52213,0.9712314
786,ok,-1285.0165,1784.8835,174.07843,0.9711012
787,ok,-1271.314,1798.6606,173.63046,0.97086
788,ok,-1256.2764,1813.0327,173.16963,0.9708747
789,ok,-1242.4346,1827.5996,172.703,0.9710268
790,ok,-1227.0204,1841.6575,172.23184,0.97096574
791,ok,-1212.1525,1855.4182,171.76624,0.9709055
792,ok,-1196.5009,1868.9988,171.29906,0.9705298
793,ok,-1180.624,1882.8406,170.82938,0.9704205
794,ok,-1165.7808,1896.4355,170.36127,0.9702778
795,ok,-1149.2163,1909.9749,169.88977,0.97011054
796,ok,-1133.9398,1923.313,169.42142,0.9699333
797,ok,-1117.2366,1936.3401,168.9628,0.96935153
798,ok,-1101.5786,1949.8152,168.48578,0.9694507
799,ok,-1085.0085,1962.7542,168.01915,0.9690249
800,ok,-1068.3428,1975.4783,167.55434,0.9687527
801,ok,-1052.3232,1988.292,167.08241,0.96851707
802,ok,-1034.8274,2001.0603,166.60648,0.96818215
803,ok,-1018.41156,2013.6077,166.1318,0.9679598
804,ok,-1000.2907,2025.6389,165.66179,0.9672264
805,ok,-983.3843,2038.363,165.18658,0.96699685
806,ok,-966.2801,2050.7358,164.70444,0.966852
807,ok,-948.65393,2063.1133,164.22208,0.96660733
808,ok,-930.65826,2074.8362,163.73991,0.966298
809,ok,-913.4178,2086.9817,163.2602,0.9660157
810,ok,-895.102,2098.3604,162.78786,0.96553004
811,ok,-877.6842,2110.2976,162.30522,0.96535355
812,ok,-859.1761,2121.503,161.8355,0.9646862
813,ok,-841.54517,2133.214,161.35391,0.9645464
814,ok,-822.80334,2143.9844,160.88173,0.9637959
815,ok,-804.8144,2155.2168,160.40251,0.96347475
816,ok,-785.8131,2165.7063,159.92839,0.96274287
817,ok,-767.78503,2176.704,159.45844,0.96235675
818,ok,-749.6429,2187.4258,158.98022,0.96198964
819,ok,-730.1748,2197.223,158.51132,0.9611612
820,ok,-712.4214,2207.1812,158.04721,0.96060216
821,ok,-693.61554,2216.5654,157.59827,0.9596677
822,ok,-676.4454,2225.7234,157.1731,0.95896494
823,ok,-660.32904,2235.0913,156.75908,0.9586059
824,ok,-643.5324,2243.347,156.37459,0.95766443
825,ok,-628.99475,2250.4585,156.03712,0.95651627
826,ok,-615.8887,2257.3784,155.71475,0.95555
827,ok,-602.7494,2263.829,155.43251,0.9542552
828,ok,-592.7561,2270.7195,155.18861,0.9535643
829,ok,-583.79065,2277.162,154.98064,0.9529016
830,ok,-576.4496,2283.409,154.8097,0.9523658
831,ok,-571.0477,2289.6597,154.67044,0.95210093
832,ok,-566.2084,2295.9978,154.55905,0.9518225
833,ok,-562.7666,2302.2012,154.47818,0.9516533
834,ok,-560.0422,2307.8145,154.42418,0.95142496
835,ok,-558.9628,2313.7637,154.388,0.95147073
836,ok,-557.2451,2319.2966,154.36157,0.9512498
837,ok,-557.3163,2325.1023,154.34877,0.9513261
838,ok,-556.1029,2330.3213,154.34177,0.95103323
839,ok,-556.8065,2336.2275,154.33965,0.95124745
840,ok,-556.4043,2341.7107,154.34476,0.95108587
841,ok,-556.68475,2347.472,154.3469,0.9511206
842,ok,-557.20483,2353.4526,154.35013,0.95133895
843,ok,-557.1987,2359.2764,154.35303,0.9513777
844,ok,-557.0698,2365.9192,154.35464,0.95156896
845,ok,-558.51855,2372.41,154.35512,0.95205337
846,ok,-558.36725,2379.7725,154.3476,0.952718
847,ok,-560.10754,2386.8252,154.35342,0.9535009
848,ok,-560.6002,2393.495,154.35083,0.95405984
849,ok,-561.1609,2400.2832,154.3508,0.95467293
850,ok,-561.64703,2406.6218,154.35287,0.95500493
851,ok,-562.3085,2412.644,154.35878,0.9553507
852,ok,-562.4897,2419.0298,154.36353,0.95561165
853,ok,-563.0565,2424.8037,154.37346,0.9557877
854,ok,-563.39795,2431.2983,154.3723,0.95615923
855,ok,-563.47156,2436.7534,154.38112,0.9560994
856,ok,-564.405,2443.564,154.38005,0.95666635
857,ok,-564.6747,2449.8716,154.37808,0.95703244
858,ok,-565.26184,2456.6235,154.37831,0.95749795
859,ok,-565.839,2462.1526,154.39044,0.9576272
860,ok,-566.00507,2469.0444,154.3841,0.958202
861,ok,-566.78796,2476.116,154.37958,0.9588628
862,ok,-567.7188,2482.5876,154.38823,0.95935166
863,ok,-567.7423,2489.6118,154.38783,0.9596087
864,ok,-569.37415,2496.979,154.39258,0.96051466
865,ok,-570.4695,2504.5986,154.39,0.9613958
866,ok,-571.3943,2511.8618,154.39664,0.96202934
867,ok,-572.677,2519.5032,154.39954,0.9628426
868,ok,-574.36096,2527.6108,154.40712,0.9638268
869,ok,-575.2345,2534.7964,154.4239,0.96413374
870,ok,-577.4551,2542.913,154.44666,0.9647198
871,ok,-579.10315,2551.0105,154.46338,0.9656317
872,ok,-581.58453,2559.471,154.49146,0.96647567
873,ok,-584.02423,2566.8013,154.53168,0.96693504
874,ok,-586.6033,2574.881,154.57686,0.9673729
875,ok,-589.6836,2582.1792,154.63414,0.96780485
876,ok,-592.8245,2588.7866,154.7042,0.96778226
877,ok,-596.3299,2595.4353,154.7789,0.96780235
878,ok,-599.7462,2602.6384,154.84616,0.9681762
879,ok,-603.5451,2609.0334,154.93053,0.9681747
880,ok,-608.2469,2615.5396,155.03171,0.96814924
881,ok,-612.4938,2622.26,155.13641,0.9680754
882,ok,-618.38354,2629.146,155.25714,0.9680781
883,ok,-624.1216,2635.678,155.38306,0.96801794
884,ok,-629.9104,2642.0925,155.52112,0.96760017
885,ok,-637.5598,2649.3762,155.66971,0.967772
886,ok,-644.5197,2656.196,155.8245,0.9677083
887,ok,-652.4865,2662.3223,156.00987,0.96731156
888,ok,-661.3783,2668.6316,156.21333,0.9670414
889,ok,-671.7007,2675.0168,156.44449,0.96684957
890,ok,-683.20886,2681.0789,156.69228,0.9668217
891,ok,-695.6051,2686.7483,156.96371,0.96673864
892,ok,-708.48773,2692.7373,157.24487,0.9668337
893,ok,-722.3766,2697.847,157.54718,0.96674395
894,ok,-735.9446,2703.125,157.85315,0.9666238
895,ok,-751.06604,2708.344,158.17322,0.9666555
896,ok,-765.6588,2713.8464,158.49455,0.96677434
897,ok,-781.25415,2718.7537,158.82478,0.96684027
898,ok,-796.7376,2723.7437,159.15767,0.96697015
899,ok,-812.5355,2727.5554,159.51205,0.96660113
900,ok,-827.9344,2731.7036,159.85353,0.9665296
901,ok,-844.3441,2735.6577,160.20276,0.9664277
902,ok,-860.04663,2739.8325,160.5597,0.9662135
903,ok,-876.4884,2744.1643,160.90218,0.9663115
904,ok,-892.56506,2748.0386,161.26227,0.9662374
905,ok,-908.47455,2752.4673,161.62166,0.9661625
906,ok,-925.7509,2755.7517,161.99548,0.9659411
907,ok,-941.07623,2759.9705,162.35849,0.96581566
908,ok,-958.88513,2763.4436,162.72882,0.96583366
909,ok,-975.40466,2767.681,163.09392,0.9659722
910,ok,-992.7716,2770.9915,163.47746,0.96582437
911,ok,-1010.359,2775.4006,163.84575,0.9661671
912,ok,-1027.7416,2778.4534,164.2351,0.9659759
913,ok,-1046.1487,2781.6323,164.62305,0.96590686
914,ok,-1062.767,2784.368,165.01636,0.96567255
915,ok,-1082.0243,2787.9592,165.40907,0.96587926
916,ok,-1099.9714,2790.944,165.82422,0.9656471
917,ok,-1118.133,2794.3086,166.222,0.9656952
918,ok,-1136.9539,2795.866,166.63248,0.9652789
919,ok,-1154.8978,2798.8215,167.04268,0.9652599
920,ok,-1173.3835,2800.091,167.44293,0.96490896
921,ok,-1191.2428,2802.1648,167.85979,0.9646533
922,ok,-1210.1312,2803.0613,168.26324,0.96417487
923,ok,-1227.5312,2804.8867,168.68498,0.9637682
924,ok,-1245.8684,2804.9893,169.0979,0.9629903
925,ok,-1264.9009,2806.503,169.50626,0.96288663
926,ok,-1283.2522,2807.5837,169.91098,0.96237344
927,ok,-1300.4937,2808.7832,170.30492,0.9623574
928,ok,-1320.4131,2809.8845,170.7191,0.9621525
929,ok,-1338.6838,2811.1667,171.10696,0.96238023
930,ok,-1356.4602,2811.415,171.50027,0.96219534
931,ok,-1375.999,2810.9321,171.89552,0.961992
932,ok,-1392.8455,2812.048,172.2733,0.9622688
933,ok,-1412.9879,2812.0051,172.66296,0.9622391
934,ok,-1429.5294,2810.4734,173.0626,0.96164775
935,ok,-1448.768,2810.929,173.44508,0.96195275
936,ok,-1468.0032,2809.7595,173.82755,0.9619284
937,ok,-1485.3264,2808.6414,174.20471,0.9620631
938,ok,-1505.0173,2806.8281,174.5765,0.9621098
939,ok,-1522.7224,2806.0183,174.94252,0.962355
940,ok,-1541.0027,2804.3357,175.30472,0.9626482
941,ok,-1560.2661,2802.9993,175.67165,0.962919
942,ok,-1578.182,2801.9614,176.02873,0.9635752
943,ok,-1597.6407,2801.0002,176.38216,0.9643553
944,ok,-1617.361,2799.5962,176.7505,0.9649096
945,ok,-1635.7053,2797.8875,177.10614,0.9656681
946,ok,-1655.8243,2795.982,177.47414,0.96625376
947,ok,-1674.1167,2793.3032,177.84438,0.96653295
948,ok,-1692.8221,2789.8525,178.22324,0.96678865
949,ok,-1712.7233,2786.0518,178.6081,0.9669864
950,ok,-1732.0142,2782.6946,178.99225,0.96753985
951,ok,-1752.5176,2778.5527,179.3973,0.96763414
952,ok,-1772.2662,2774.7637,179.7934,0.968246
953,ok,-1793.0049,2770.354,-179.79634,0.9685144
954,ok,-1812.8778,2766.415,-179.39029,0.96911794
955,ok,-1834.1465,2761.4563,-178.95335,0.9691454
956,ok,-1854.2358,2756.2395,-178.5229,0.969467
957,ok,-1875.6654,2751.6853,-178.08783,0.9699817
958,ok,-1897.0662,2745.022,-177.62328,0.969625
959,ok,-1916.9142,2738.7983,-177.18912,0.96995115
960,ok,-1939.6339,2732.0667,-176.7214,0.9697611
961,ok,-1958.9982,2725.0693,-176.26608,0.9698468
962,ok,-1982.3724,2718.7603,-175.79462,0.97001404
963,ok,-2003.498,2710.7495,-175.31795,0.9696677
964,ok,-2023.3872,2703.4558,-174.82837,0.9696088
965,ok,-2047.0417,2695.4614,-174.32425,0.9690979
966,ok,-2066.5596,2687.917,-173.81602,0.9688456
967,ok,-2090.0369,2681.1267,-173.31577,0.96905637
968,ok,-2111.6677,2673.5596,-172.81369,0.96886563
969,ok,-2133.2612,2665.7817,-172.31047,0.96879095
970,ok,-2155.1196,2657.5303,-171.81378,0.9684816
971,ok,-2176.96,2649.6921,-171.29984,0.96842223
972,ok,-2199.2725,2641.04,-170.78906,0.9680091
973,ok,-2220.4993,2632.0386,-170.28114,0.96771926
974,ok,-2240.8284,2622.0852,-169.78491,0.9674704
975,ok,-2263.2603,2612.4543,-169.27211,0.96680474
976,ok,-2282.559,2602.7117,-168.78098,0.96657485
977,ok,-2304.0654,2592.2441,-168.26183,0.9658963
978,ok,-2324.8142,2581.913,-167.75217,0.96543103
979,ok,-2345.296,2571.1208,-167.2368,0.96486205
980,ok,-2365.4858,2560.1047,-166.71606,0.964177
981,ok,-2386.2788,2548.0796,-166.19139,0.9632269
982,ok,-2405.8066,2537.3174,-165.66904,0.96294194
983,ok,-2428.1045,2525.373,-165.15443,0.9621381
984,ok,-2446.9785,2514.0232,-164.6253,0.9619209
985,ok,-2469.569,2502.3784,-164.11137,0.96136445
986,ok,-2489.043,2490.1255,-163.5971,0.96086276
987,ok,-2509.0374,2478.409,-163.08292,0.9606473
988,ok,-2529.0903,2464.5942,-162.57144,0.95944107
989,ok,-2547.7256,2451.869,-162.07156,0.959317
990,ok,-2568.5215,2437.99,-161.57106,0.958335
991,ok,-2585.5925,2423.088,-161.08298,0.9574926
992,ok,-2604.3467,2408.976,-160.57741,0.9566651
993,ok,-2623.8257,2394.7598,-160.06409,0.9556724
994,ok,-2641.5806,2380.8132,-159.55782,0.95513225
995,ok,-2661.2686,2366.3928,-159.05959,0.95415854
996,ok,-2678.1138,2351.3328,-158.54755,0.9532217
997,ok,-2697.3057,2336.3606,-158.06769,0.95247996
998,ok,-2714.7705,2321.412,-157.57219,0.9515507
999,ok,-2733.8184,2306.5977,-157.09001,0.95090705
1000,ok,-2750.234,2290.6843,-156.60841,0.9500202
1001,ok,-2767.4368,2274.603,-156.13043,0.948826
1002,ok,-2783.1724,2258.1345,-155.65353,0.94770813
1003,ok,-2799.7031,2241.5142,-155.15811,0.9463425
1004,ok,-2816.1436,2225.4487,-154.67627,0.94551855
1005,ok,-2832.9844,2208.6624,-154.19153,0.94415176
1006,ok,-2847.6987,2191.4163,-153.70679,0.94304717
1007,ok,-2864.5427,2174.34,-153.22804,0.9415807
1008,ok,-2879.4287,2157.567,-152.75177,0.9409077
1009,ok,-2895.6055,2139.6855,-152.255,0.9391872
1010,ok,-2910.0146,2122.205,-151.79034,0.9383188
1011,ok,-2925.4832,2104.3542,-151.31177,0.9369071
1012,ok,-2940.0962,2086.8853,-150.84538,0.9358734
1013,ok,-2954.1113,2068.9014,-150.39738,0.9349156
1014,ok,-2969.2468,2050.5725,-149.91702,0.93320745
1015,ok,-2981.0273,2031.8875,-149.47101,0.93208796
1016,ok,-2995.2612,2013.6616,-149.02556,0.9309311
1017,ok,-3008.1533,1994.7041,-148.56929,0.9294649
1018,ok,-3021.2627,1976.3572,-148.12033,0.9284229
1019,ok,-3034.5486,1958.0085,-147.67308,0.92721975
1020,ok,-3047.346,1939.3765,-147.22443,0.92605287
1021,ok,-3060.1548,1920.6917,-146.79367,0.9250456
1022,ok,-3072.6138,1901.7671,-146.34297,0.923899
1023,ok,-3085.3696,1882.8047,-145.92123,0.9229891
1024,ok,-3098.0115,1864.0974,-145.493,0.92224556
1025,ok,-3109.7622,1844.8608,-145.04953,0.9210739
1026,ok,-3122.3079,1826.1895,-144.65297,0.9204789
1027,ok,-3133.655,1807.197,-144.24094,0.91971046
1028,ok,-3146.0173,1788.269,-143.81908,0.91867334
1029,ok,-3156.7195,1768.9348,-143.4032,0.9178474
1030,ok,-3167.7817,1749.5881,-142.997,0.9169136
1031,ok,-3178.293,1729.9409,-142.58527,0.91584706
1032,ok,-3187.8848,1710.0376,-142.19861,0.9150003
1033,ok,-3198.0242,1690.1768,-141.7725,0.9136158
1034,ok,-3207.1472,1670.1079,-141.37486,0.9126318
1035,ok,-3217.9812,1651.0435,-140.98508,0.9120292
1036,ok,-3227.9827,1630.8862,-140.57307,0.91076034
1037,ok,-3237.273,1611.2832,-140.18887,0.91018873
1038,ok,-3247.2998,1591.627,-139.78708,0.9091814
1039,ok,-3256.6182,1571.5474,-139.39616,0.90825224
1040,ok,-3266.1287,1551.6577,-139.00151,0.90739936
1041,ok,-3275.462,1531.866,-138.59369,0.90642846
1042,ok,-3284.0327,1511.585,-138.19328,0.90542877
1043,ok,-3293.0142,1491.7139,-137.79094,0.9042747
1044,ok,-3301.249,1471.4141,-137.39203,0.9034757
1045,ok,-3308.7769,1450.4362,-136.98038,0.9019497
1046,ok,-3316.5618,1429.9666,-136.55919,0.90076655
1047,ok,-3323.9097,1409.0668,-136.1396,0.8992531
1048,ok,-3330.8733,1388.2152,-135.71396,0.8977673
1049,ok,-3338.7302,1367.752,-135.30267,0.8967226
1050,ok,-3347.8186,1347.1732,-134.87547,0.89562035
1051,ok,-3355.625,1326.1394,-134.43127,0.8945678
1052,ok,-3363.0547,1304.3365,-133.97229,0.8929721
1053,ok,-3371.3428,1282.4718,-133.53366,0.891989
1054,ok,-3378.9644,1260.1786,-133.07336,0.8908021
1055,ok,-3386.4387,1237.3191,-132.57814,0.88887155
1056,ok,-3393.7686,1214.326,-132.12794,0.8880822
1057,ok,-3401.4976,1190.7314,-131.59387,0.88604945
1058,ok,-3407.7703,1166.6531,-131.11195,0.88477004
1059,ok,-3415.5093,1142.665,-130.57764,0.88314736
1060,ok,-3423.4617,1118.3208,-130.0474,0.8815902
1061,ok,-3430.3367,1093.4667,-129.53673,0.8804433
1062,ok,-3438.3853,1068.1086,-128.96985,0.87833893
1063,ok,-3444.4785,1042.0308,-128.44728,0.87699836
1064,ok,-3451.5823,1015.72473,-127.87773,0.8751833
1065,ok,-3458.6687,989.5509,-127.30136,0.8733319
1066,ok,-3465.1987,963.06946,-126.754234,0.87212044
1067,ok,-3472.0322,936.62244,-126.14834,0.86991227
1068,ok,-3477.7905,909.8833,-125.611694,0.86858344
1069,ok,-3484.4492,883.4088,-124.99534,0.86669916
1070,ok,-3490.0251,856.16406,-124.4103,0.8647767
1071,ok,-3495.8303,828.60474,-123.80903,0.86322665
1072,ok,-3500.7297,799.9031,-123.16369,0.8607425
1073,ok,-3506.4604,770.47034,-122.56259,0.859517
1074,ok,-3512.0415,740.1549,-121.90522,0.85763067
1075,ok,-3516.897,708.92725,-121.257355,0.8558235
1076,ok,-3522.7402,677.42554,-120.608665,0.8544631
1077,ok,-3526.9753,644.938,-119.933365,0.85264075
1078,ok,-3531.4841,612.0807,-119.243195,0.8509279
1079,ok,-3535.0823,578.5841,-118.52898,0.8490013
1080,ok,-3539.813,544.7793,-117.8118,0.84744334
1081,ok,-3543.609,510.36475,-117.0596,0.8456424
1082,ok,-3548.083,475.9895,-116.34205,0.8442738
1083,ok,-3551.5574,441.13763,-115.572365,0.84244055
1084,ok,-3554.0447,406.1881,-114.819435,0.84065545
1085,ok,-3555.784,370.8744,-114.07492,0.83884263
1086,ok,-3557.991,339.17352,-113.33748,0.83725333
1087,ok,-3559.347,300.8249,-112.6221,0.83576185
1088,ok,-3560.003,265.62103,-111.8303,0.83380723
1089,ok,-3561.684,230.53949,-111.1249,0.8326471
1090,ok,-3562.0369,195.3797,-110.37129,0.8310893
1091,ok,-3562.2986,160.33801,-109.65491,0.82969034
1092,ok,-3561.6694,125.237915,-108.9008,0.82801706
1093,ok,-3560.633,90.19989,-108.210205,0.82657486
1094,ok,-3559.3867,55.044617,-107.499825,0.82526344
1095,ok,-3557.381,19.908325,-106.75989,0.8235593
1096,ok,-3555.5479,-15.136536,-106.0946,0.82237023
1097,ok,-3553.1863,-49.993866,-105.35791,0.8209957
1098,ok,-3550.8848,-84.73059,-104.68946,0.81984144
1099,ok,-3548.5781,-119.194214,-103.999306,0.81872964
1100,ok,-3545.871,-152.90308,-103.32196,0.8176526
1101,ok,-3542.4912,-185.85315,-102.68268,0.81664
1102,ok,-3538.9753,-218.0918,-102.03714,0.8156839
1103,ok,-3535.7444,-249.8883,-101.39658,0.8147493
1104,ok,-3532.5886,-280.22998,-100.79903,0.813999
1105,ok,-3528.7576,-308.83148,-100.214615,0.8130729
1106,ok,-3525.591,-335.81848,-99.70854,0.81256944
1107,ok,-3522.8743,-360.49548,-99.20499,0.81202525
1108,ok,-3520.9248,-381.90314,-98.80184,0.81174546
1109,ok,-3519.467,-399.93823,-98.42292,0.81154776
1110,ok,-3517.8286,-414.73224,-98.0932,0.81116647
1111,ok,-3517.0073,-426.57294,-97.82265,0.8109125
1112,ok,-3516.4177,-435.71872,-97.574745,0.8106559
1113,ok,-3516.0996,-441.8737,-97.40124,0.8105796
1114,ok,-3514.478,-444.99487,-97.215935,0.80986124
1115,ok,-3512.834,-445.63275,-97.05968,0.80896086
1116,ok,-3511.9485,-444.39215,-96.931564,0.8082806
1117,ok,-3511.5583,-441.02704,-96.84802,0.8076303
1118,ok,-3510.6897,-436.08664,-96.79788,0.80695945
1119,ok,-3510.372,-429.89597,-96.75433,0.8062838
1120,ok,-3509.7825,-422.5005,-96.73147,0.80546874
1121,ok,-3509.0447,-414.25308,-96.695786,0.8045493
1122,ok,-3507.9768,-405.04022,-96.70992,0.80350924
1123,ok,-3508.0618,-395.59314,-96.71354,0.8028273
1124,ok,-3506.8838,-386.2373,-96.75446,0.80170095
1125,ok,-3507.866,-377.19098,-96.77394,0.8013112
1126,ok,-3508.2146,-367.9911,-96.84605,0.8008783
1127,ok,-3507.2988,-358.40405,-96.8622,0.80010504
1128,ok,-3506.0789,-349.04694,-96.90205,0.79928744
1129,ok,-3504.3994,-339.1208,-96.92623,0.79827064
1130,ok,-3503.8472,-329.68048,-96.974,0.7975962
1131,ok,-3502.7747,-320.141,-97.022446,0.7969126
1132,ok,-3502.234,-310.29907,-97.052536,0.79621446
1133,ok,-3502.255,-300.59573,-97.10128,0.7957341
1134,ok,-3501.327,-290.96448,-97.09205,0.7949447
1135,ok,-3499.9248,-280.26562,-97.132324,0.7941164
1136,ok,-3497.1372,-269.57117,-97.13799,0.7929584
1137,ok,-3496.0132,-258.49045,-97.16192,0.7919494
1138,ok,-3493.801,-246.93338,-97.21174,0.7909018
1139,ok,-3491.0586,-234.62769,-97.26178,0.78953654
1140,ok,-3488.4722,-221.75604,-97.304634,0.78821325
1141,ok,-3486.2476,-208.53674,-97.380585,0.78695035
1142,ok,-3484.0652,-194.79962,-97.43655,0.78581405
1143,ok,-3482.3684,-180.5939,-97.51139,0.7847334
1144,ok,-3480.0615,-166.15909,-97.60626,0.78357893
1145,ok,-3476.8228,-151.00085,-97.63987,0.7819885
1146,ok,-3474.5273,-136.34525,-97.74713,0.7808798
1147,ok,-3472.7434,-121.47031,-97.867966,0.77996516
1148,ok,-3473.5227,-102.46161,-98.00486,0.7801224
1149,ok,-3471.5437,-87.66516,-98.15432,0.77922285
1150,ok,-3470.196,-72.49707,-98.293076,0.77830887
1151,ok,-3468.3713,-57.32199,-98.46106,0.77743524
1152,ok,-3466.0068,-41.781555,-98.624504,0.7763715
1153,ok,-3464.3108,-26.200684,-98.794525,0.77557695
1154,ok,-3462.3574,-9.663452,-98.95523,0.7747241
1155,ok,-3461.3323,6.4904175,-99.13445,0.7741509
1156,ok,-3459.5942,22.72107,-99.306694,0.7734424
1157,ok,-3458.5142,39.04431,-99.457726,0.77286446
1158,ok,-3455.3638,55.94165,-99.606544,0.77157915
1159,ok,-3454.158,72.53076,-99.76525,0.77096117
1160,ok,-3452.9324,89.33478,-99.912674,0.7704143
1161,ok,-3450.8472,106.23474,-100.076164,0.7695099
1162,ok,-3447.652,123.517944,-100.1922,0.7682629
1163,ok,-3445.4236,140.32092,-100.344574,0.7674277
1164,ok,-3442.0986,157.69788,-100.46022,0.7662169
1165,ok,-3441.2512,174.38043,-100.62169,0.7658252
1166,ok,-3440.0537,191.12457,-100.74838,0.7654384
1167,ok,-3438.7297,207.81903,-100.88872,0.76487875
1168,ok,-3437.6477,224.45209,-101.06034,0.764659
1169,ok,-3435.23,241.72339,-101.199974,0.76399344
1170,ok,-3433.6165,258.3612,-101.39968,0.7638508
1171,ok,-3432.8337,275.2221,-101.54788,0.7636053
1172,ok,-3431.45,292.01495,-101.730774,0.7634872
1173,ok,-3430.4036,308.7303,-101.86524,0.7632679
1174,ok,-3430.578,325.35223,-102.03785,0.76342714
1175,ok,-3430.3325,341.8706,-102.18485,0.76359534
1176,ok,-3430.668,358.2414,-102.32351,0.7638512
1177,ok,-3430.4783,374.00446,-102.45992,0.764094
1178,ok,-3430.0247,389.97864,-102.60645,0.7642245
1179,ok,-3430.7473,405.10846,-102.713165,0.7647033
1180,ok,-3431.4126,419.67468,-102.80881,0.7651552
1181,ok,-3434.31,435.67334,-102.897675,0.7663921
1182,ok,-3435.2769,449.57373,-102.98319,0.7668956
1183,ok,-3436.3635,462.51678,-103.07048,0.7674116
1184,ok,-3437.8867,475.034,-103.13657,0.7679686
1185,ok,-3440.0955,487.17017,-103.2124,0.7688298
1186,ok,-3443.1135,499.34058,-103.27544,0.76985854
1187,ok,-3445.0618,510.59778,-103.352036,0.7706811
1188,ok,-3447.2354,521.2864,-103.432365,0.77150565
1189,ok,-3449.9844,532.1061,-103.49677,0.7725677
1190,ok,-3451.6912,542.26917,-103.56794,0.77313834
1191,ok,-3454.9321,552.828,-103.64611,0.77438104
1192,ok,-3456.6902,563.1356,-103.697334,0.7752311
1193,ok,-3458.9128,573.3623,-103.78654,0.7760178
1194,ok,-3461.8599,584.1487,-103.87356,0.77727234
1195,ok,-3463.953,593.8673,-103.90277,0.77794755
1196,ok,-3467.4963,604.87573,-103.996155,0.7795118
1197,ok,-3470.8376,615.52356,-104.02541,0.78058755
1198,ok,-3473.7478,626.0409,-104.111435,0.78189325
1199,ok,-3477.2998,636.7114,-104.15792,0.7830514
1200,ok,-3480.795,647.32275,-104.22839,0.7845166
1201,ok,-3485.241,658.20056,-104.28141,0.7860589
1202,ok,-3489.457,668.963,-104.35683,0.7877167
1203,ok,-3493.6301,679.81323,-104.41947,0.78926855
1204,ok,-3496.611,690.59973,-104.46932,0.79050577
1205,ok,-3500.326,701.3424,-104.505936,0.7919451
1206,ok,-3503.2236,711.98706,-104.526695,0.79321235
1207,ok,-3505.4534,722.5797,-104.557655,0.79433
1208,ok,-3507.8184,733.025,-104.561356,0.79548216
1209,ok,-3510.0967,743.60693,-104.56742,0.796711
1210,ok,-3512.783,753.86206,-104.56177,0.79786855
1211,ok,-3515.7239,764.52625,-104.5512,0.7992807
1212,ok,-3520.0505,775.4779,-104.52882,0.8009627
1213,ok,-3522.3376,785.97473,-104.50539,0.8021602
1214,ok,-3524.7078,796.35425,-104.49585,0.8034079
1215,ok,-3526.9023,806.458,-104.4521,0.8043501
1216,ok,-3528.856,816.577,-104.43087,0.8054985
1217,ok,-3531.1777,826.792,-104.36692,0.8063514
1218,ok,-3534.7493,837.63806,-104.31037,0.8078412
1219,ok,-3537.086,847.83606,-104.24807,0.8089388
1220,ok,-3540.2532,858.35754,-104.18234,0.8102587
1221,ok,-3542.912,868.43164,-104.118004,0.81137365
1222,ok,-3545.5225,878.3185,-104.0663,0.8125578
1223,ok,-3548.291,888.38306,-103.97055,0.81364655
1224,ok,-3549.9036,898.10266,-103.93134,0.8145723
1225,ok,-3552.5547,907.9518,-103.84067,0.81557876
1226,ok,-3556.0059,918.02783,-103.73603,0.81678665
1227,ok,-3558.919,928.06165,-103.61894,0.81781614
1228,ok,-3561.8171,937.82886,-103.48931,0.8188917
1229,ok,-3564.514,947.6846,-103.38693,0.8198823
1230,ok,-3567.4365,957.0365,-103.264534,0.82074547
1231,ok,-3571.5378,966.5443,-103.14135,0.8219123
1232,ok,-3574.568,975.6604,-102.9943,0.82270074
1233,ok,-3578.2092,984.90906,-102.86225,0.8237969
1234,ok,-3582.6313,994.1991,-102.69226,0.82496715
1235,ok,-3587.3264,1003.7693,-102.53905,0.82624674
1236,ok,-3591.6003,1012.999,-102.39329,0.82750565
1237,ok,-3595.85,1022.3906,-102.224014,0.8285362
1238,ok,-3599.9568,1031.5978,-102.10981,0.8297958
1239,ok,-3603.2031,1040.4108,-101.957985,0.83058363
1240,ok,-3606.9058,1049.2069,-101.84277,0.8316349
1241,ok,-3610.6086,1058.0204,-101.71648,0.8325493
1242,ok,-3613.32,1066.3403,-101.59791,0.8332432
1243,ok,-3615.4607,1074.4474,-101.501335,0.8339365
1244,ok,-3617.3374,1082.2174,-101.37767,0.8344391
1245,ok,-3619.6077,1089.9237,-101.304634,0.8350511
1246,ok,-3622.6084,1097.7235,-101.18282,0.8358094
1247,ok,-3624.8296,1105.3547,-101.09988,0.836371
1248,ok,-3626.9753,1113.0148,-101.01834,0.8370152
1249,ok,-3629.4927,1120.4054,-100.915665,0.8376234
1250,ok,-3632.6548,1127.9365,-100.824875,0.83844113
1251,ok,-3634.2656,1134.6638,-100.75056,0.83867127
1252,ok,-3635.3088,1141.1072,-100.71053,0.8388125
1253,ok,-3637.0085,1147.8358,-100.657555,0.8390661
1254,ok,-3636.9514,1153.9487,-100.63674,0.83883744
1255,ok,-3638.2532,1160.5522,-100.629326,0.83917725
1256,ok,-3636.2546,1166.1327,-100.61459,0.83836675
1257,ok,-3637.8164,1172.4888,-100.60676,0.8387402
1258,ok,-3634.9978,1177.6396,-100.60583,0.83807075
1259,ok,-3635.5154,1182.9402,-100.55851,0.8376931
1260,ok,-3634.6292,1188.026,-100.600006,0.8376226
1261,ok,-3635.6729,1192.8708,-100.54762,0.8375343
1262,ok,-3634.9087,1196.922,-100.54633,0.83706146
1263,ok,-3636.2095,1201.4979,-100.541695,0.8371457
1264,ok,-3636.0078,1205.3813,-100.54838,0.83679503
1265,ok,-3635.298,1209.2317,-100.52925,0.8363334
1266,ok,-3635.0193,1212.6436,-100.54866,0.83589196
1267,ok,-3635.054,1215.787,-100.546715,0.83559114
1268,ok,-3634.4897,1218.2488,-100.55435,0.83510023
1269,ok,-3635.5527,1220.7872,-100.540955,0.83485526
1270,ok,-3636.0386,1222.7874,-100.532,0.8346622
1271,ok,-3637.737,1224.8126,-100.49252,0.8344822
1272,ok,-3639.0444,1226.5062,-100.49524,0.8343493
1273,ok,-3639.7734,1227.6351,-100.47309,0.8340252
1274,ok,-3641.441,1228.6526,-100.44994,0.83382016
1275,ok,-3642.6216,1229.6604,-100.446594,0.8335593
1276,ok,-3644.0664,1230.3108,-100.43799,0.83340335
1277,ok,-3646.314,1230.9152,-100.41131,0.83328605
1278,ok,-3648.5588,1231.4203,-100.38089,0.83328927
1279,ok,-3651.6006,1231.7164,-100.35899,0.8332931
1280,ok,-3654.817,1231.736,-100.30882,0.8334987
1281,ok,-3658.9023,1231.7783,-100.273056,0.8337132
1282,ok,-3662.8809,1231.4457,-100.220894,0.833932
1283,ok,-3666.4644,1231.0327,-100.18729,0.83418375
1284,ok,-3670.8936,1230.3276,-100.133736,0.83438253
1285,ok,-3675.6626,1229.6395,-100.09292,0.8347961
1286,ok,-3680.3394,1228.1489,-100.041565,0.8350587
1287,ok,-3683.7383,1226.5957,-99.987595,0.83520365
1288,ok,-3688.045,1224.1418,-99.9323,0.83526284
1289,ok,-3693.0605,1221.2751,-99.83313,0.835711
1290,ok,-3698.7634,1218.1703,-99.744286,0.836087
1291,ok,-3705.4387,1215.1809,-99.63741,0.8368546
1292,ok,-3711.9023,1211.67,-99.553925,0.83745056
1293,ok,-3717.7715,1207.2781,-99.408905,0.837844
1294,ok,-3724.6174,1202.8914,-99.302605,0.83860224
1295,ok,-3732.4248,1198.2703,-99.13165,0.8393659
1296,ok,-3740.2117,1193.4716,-98.99398,0.8403309
1297,ok,-3746.7517,1187.573,-98.83448,0.8409449
1298,ok,-3753.9888,1180.7738,-98.64283,0.8417214
1299,ok,-3762.2449,1173.1122,-98.45353,0.8426585
1300,ok,-3770.3406,1164.5721,-98.23202,0.84351546
1301,ok,-3776.4788,1154.9254,-98.00305,0.8441097
1302,ok,-3785.2961,1144.498,-97.757996,0.844974
1303,ok,-3795.3418,1133.0957,-97.49119,0.84612435
1304,ok,-3803.7612,1120.8174,-97.20456,0.84710807
1305,ok,-3813.4302,1107.5801,-96.88525,0.84808886
1306,ok,-3820.2961,1093.3097,-96.57369,0.8487897
1307,ok,-3830.167,1078.7139,-96.21749,0.849893
1308,ok,-3839.1204,1063.5938,-95.86888,0.8509508
1309,ok,-3847.0898,1047.6771,-95.51058,0.85183835
1310,ok,-3854.0483,1031.4998,-95.14772,0.8524409
1311,ok,-3863.1853,1015.1245,-94.7693,0.8537176
1312,ok,-3870.384,997.9928,-94.39926,0.8543274
1313,ok,-3879.793,980.88245,-94.00096,0.8554491
1314,ok,-3891.2356,964.1649,-93.61245,0.8571805
1315,ok,-3899.6353,946.7433,-93.240875,0.8579542
1316,ok,-3909.6409,929.4188,-92.84217,0.8593799
1317,ok,-3916.4934,912.0449,-92.48769,0.8600757
1318,ok,-3923.6882,894.6444,-92.08286,0.8608263
1319,ok,-3932.9954,876.83704,-91.72652,0.8620992
1320,ok,-3939.034,859.53784,-91.317406,0.8625766
1321,ok,-3943.6414,841.96265,-90.97388,0.8629921
1322,ok,-3951.1707,823.41614,-90.554924,0.86386985
1323,ok,-3957.8594,804.6594,-90.1728,0.86455107
1324,ok,-3961.1282,785.4944,-89.78419,0.86469483
1325,ok,-3968.708,765.3065,-89.367805,0.8656057
1326,ok,-3974.377,744.1616,-88.96784,0.8660463
1327,ok,-3982.1199,722.9835,-88.55274,0.866977
1328,ok,-3987.3274,701.11194,-88.158264,0.86736333
1329,ok,-3993.661,679.1229,-87.7403,0.8679222
1330,ok,-3997.805,657.6837,-87.32911,0.8681868
1331,ok,-4003.8171,635.74255,-86.9169,0.8687697
1332,ok,-4009.4146,613.6011,-86.507774,0.8694208
1333,ok,-4016.5217,592.37256,-86.07948,0.87040484
1334,ok,-4021.397,569.33057,-85.67845,0.87086034
1335,ok,-4028.2522,547.0343,-85.25918,0.8717441
1336,ok,-4032.6575,523.99,-84.861824,0.8722594
1337,ok,-4037.397,500.74915,-84.448265,0.8727989
1338,ok,-4041.6702,477.63983,-84.019966,0.87345797
1339,ok,-4046.066,454.57452,-83.585846,0.8741376
1340,ok,-4050.3962,431.66638,-83.134636,0.8748587
1341,ok,-4052.931,408.2301,-82.71455,0.8751599
1342,ok,-4057.1892,385.82892,-82.24769,0.87599754
1343,ok,-4061.1958,362.66553,-81.79581,0.87672526
1344,ok,-4062.8296,338.8067,-81.36248,0.8771376
1345,ok,-4065.9133,315.36212,-80.903015,0.8778376
1346,ok,-4069.6143,292.3322,-80.4406,0.8787119
1347,ok,-4071.3237,268.9353,-79.98319,0.8792107
1348,ok,-4073.0042,245.10345,-79.50651,0.8799442
1349,ok,-4073.0332,221.52899,-79.03692,0.88027346
1350,ok,-4076.3013,198.7721,-78.59223,0.8811348
1351,ok,-4075.479,175.09558,-78.11114,0.8814188
1352,ok,-4075.208,151.76862,-77.67296,0.88166344
1353,ok,-4079.3906,129.45001,-77.253525,0.88261926
1354,ok,-4076.616,105.89374,-76.77232,0.88259184
1355,ok,-4078.876,82.9682,-76.360146,0.88331145
1356,ok,-4077.565,60.063354,-75.91929,0.8834037
1357,ok,-4074.4797,36.75244,-75.43338,0.88337207
1358,ok,-4073.1484,13.898621,-75.00057,0.8834972
1359,ok,-4069.9404,-9.152405,-74.52615,0.8835054
1360,ok,-4067.2192,-32.039154,-74.094986,0.88345355
1361,ok,-4066.263,-54.881165,-73.63871,0.88383293
1362,ok,-4064.9966,-77.836426,-73.189316,0.8842018
1363,ok,-4062.5435,-100.617645,-72.71232,0.88441026
1364,ok,-4061.67,-123.36731,-72.278,0.88472444
1365,ok,-4058.008,-145.81213,-71.80267,0.884843
1366,ok,-4054.9226,-168.3674,-71.363525,0.8848081
1367,ok,-4053.3928,-190.51318,-70.88887,0.88525575
1368,ok,-4050.9785,-212.74783,-70.440926,0.8854969
1369,ok,-4048.0168,-235.341,-69.991455,0.8856086
1370,ok,-4043.5747,-257.5571,-69.526115,0.88551676
1371,ok,-4041.7847,-280.0413,-69.07444,0.88587385
1372,ok,-4037.414,-302.11905,-68.59337,0.8859002
1373,ok,-4033.9739,-324.3933,-68.13761,0.8860243
1374,ok,-4031.835,-346.89908,-67.66429,0.88650113
1375,ok,-4028.012,-369.711,-67.184616,0.88667136
1376,ok,-4025.1108,-393.0036,-66.702515,0.887
1377,ok,-4021.4858,-417.00327,-66.20081,0.88728786
1378,ok,-4016.7954,-441.4357,-65.71638,0.88729227
1379,ok,-4013.2488,-466.22934,-65.218285,0.8877511
1380,ok,-4009.7676,-490.8246,-64.7118,0.88816625
1381,ok,-4005.9834,-515.4955,-64.21448,0.8885524
1382,ok,-4001.8936,-540.45795,-63.723183,0.8888381
1383,ok,-3997.3801,-564.86975,-63.221,0.8889736
1384,ok,-3992.4978,-589.6095,-62.71768,0.88921744
1385,ok,-3987.859,-614.219,-62.219986,0.88929313
1386,ok,-3982.842,-638.7949,-61.732265,0.88946265
1387,ok,-3977.5762,-663.43286,-61.24196,0.88944983
1388,ok,-3971.3516,-687.633,-60.758,0.8893827
1389,ok,-3965.5967,-712.0611,-60.26363,0.88950074
1390,ok,-3958.6255,-736.1673,-59.76551,0.8892703
1391,ok,-3951.9954,-760.456,-59.281094,0.88926977
1392,ok,-3944.4124,-784.532,-58.79143,0.8889528
1393,ok,-3937.1873,-808.6465,-58.303173,0.8887856
1394,ok,-3930.0127,-832.656,-57.809753,0.88854575
1395,ok,-3923.6724,-856.9324,-57.320618,0.88877034
1396,ok,-3916.7166,-881.0309,-56.825367,0.88867575
1397,ok,-3909.1243,-904.97437,-56.32623,0.8886027
1398,ok,-3901.3516,-928.8218,-55.82499,0.88847184
1399,ok,-3891.5134,-952.5254,-55.342735,0.88782847
1400,ok,-3883.618,-976.6605,-54.844265,0.8878981
1401,ok,-3875.0393,-1000.4842,-54.33946,0.88771975
1402,ok,-3866.3784,-1023.86316,-53.829628,0.8875776
1403,ok,-3856.848,-1047.3721,-53.319702,0.88742864
1404,ok,-3848.4358,-1071.0841,-52.817142,0.88720024
1405,ok,-3839.605,-1094.663,-52.28134,0.8872688
1406,ok,-3831.7742,-1117.9792,-51.78097,0.8869094
1407,ok,-3825.9775,-1141.7219,-51.272465,0.8870648
1408,ok,-3818.618,-1165.162,-50.759567,0.88717574
1409,ok,-3811.9126,-1188.5657,-50.277985,0.8868798
1410,ok,-3804.441,-1211.7463,-49.764973,0.88695025
1411,ok,-3796.6274,-1234.7007,-49.28613,0.8868917
1412,ok,-3788.2117,-1257.9495,-48.79742,0.8865879
1413,ok,-3780.5134,-1281.1812,-48.3102,0.8864163
1414,ok,-3769.944,-1303.9231,-47.801105,0.88610923
1415,ok,-3759.5593,-1327.0256,-47.330273,0.88545257
1416,ok,-3750.4004,-1350.1234,-46.811604,0.88524956
1417,ok,-3740.1487,-1373.1646,-46.30798,0.8848495
1418,ok,-3730.2932,-1396.3231,-45.787823,0.88471717
1419,ok,-3720.5364,-1419.3328,-45.28643,0.8842929
1420,ok,-3708.834,-1442.3367,-44.777733,0.8840343
1421,ok,-3696.7861,-1465.7153,-44.289864,0.88358617
1422,ok,-3683.2961,-1489.1643,-43.78037,0.88344747
1423,ok,-3668.7275,-1512.4937,-43.274197,0.8830195
1424,ok,-3656.1348,-1536.7751,-42.761093,0.88271445
1425,ok,-3640.3098,-1560.513,-42.235275,0.88243544
1426,ok,-3625.5374,-1584.6675,-41.700005,0.882092
1427,ok,-3611.7024,-1609.6686,-41.158127,0.88193625
1428,ok,-3596.106,-1634.397,-40.5999,0.8820604
1429,ok,-3582.2747,-1659.8436,-40.06919,0.8819199
1430,ok,-3567.0044,-1685.2614,-39.515244,0.88192564
1431,ok,-3551.9429,-1710.5887,-38.96118,0.8819551
1432,ok,-3536.0962,-1735.9131,-38.40365,0.8819612
1433,ok,-3521.3962,-1762.0873,-37.85683,0.8820825
1434,ok,-3504.5063,-1787.1816,-37.299347,0.88200015
1435,ok,-3489.5334,-1813.5897,-36.73238,0.8825326
1436,ok,-3473.9272,-1839.9354,-36.185574,0.88274413
1437,ok,-3457.5176,-1865.6866,-35.62312,0.883046
1438,ok,-3442.4478,-1892.4473,-35.068703,0.8834912
1439,ok,-3425.1123,-1918.1708,-34.50311,0.8838052
1440,ok,-3410.5254,-1945.0273,-33.94731,0.8843758
1441,ok,-3392.87,-1971.2754,-33.38808,0.88484645
1442,ok,-3377.8086,-1997.595,-32.840492,0.8851942
1443,ok,-3360.255,-2023.8112,-32.276558,0.88595223
1444,ok,-3343.944,-2050.127,-31.724068,0.8865024
1445,ok,-3328.3098,-2076.2056,-31.169456,0.8869226
1446,ok,-3310.7305,-2102.1458,-30.636623,0.8875948
1447,ok,-3295.2957,-2128.1606,-30.094687,0.88776034
1448,ok,-3278.6294,-2154.1626,-29.541908,0.8887048
1449,ok,-3261.1887,-2179.996,-29.020773,0.88898575
1450,ok,-3244.315,-2205.838,-28.48459,0.8894743
1451,ok,-3225.185,-2231.2334,-27.951885,0.8896605
1452,ok,-3206.5132,-2256.4878,-27.427483,0.889903
1453,ok,-3188.2913,-2282.3308,-26.89274,0.8903823
1454,ok,-3169.8633,-2308.3057,-26.373648,0.8909514
1455,ok,-3150.827,-2333.184,-25.859482,0.8909905
1456,ok,-3130.9626,-2358.2595,-25.332676,0.8914425
1457,ok,-3111.0464,-2383.0767,-24.820877,0.8914899
1458,ok,-3090.543,-2407.5173,-24.310102,0.891532
1459,ok,-3068.4722,-2432.0044,-23.815577,0.8914983
1460,ok,-3048.6672,-2456.536,-23.320248,0.89144593
1461,ok,-3025.6392,-2480.1653,-22.819157,0.891216
1462,ok,-3004.0195,-2503.731,-22.329416,0.8910595
1463,ok,-2981.4895,-2526.7935,-21.841883,0.8904343
1464,ok,-2957.8008,-2549.6516,-21.352818,0.89026415
1465,ok,-2935.751,-2573.2544,-20.869728,0.8899914
1466,ok,-2911.7874,-2595.1409,-20.382975,0.8894511
1467,ok,-2887.8447,-2617.6575,-19.897963,0.8890593
1468,ok,-2864.6035,-2639.061,-19.427078,0.8882321
1469,ok,-2840.9463,-2660.8975,-18.952526,0.8876901
1470,ok,-2816.0806,-2681.4663,-18.4857,0.8868027
1471,ok,-2792.0024,-2701.5918,-18.021847,0.8856638
1472,ok,-2765.6548,-2721.1072,-17.556921,0.8846515
1473,ok,-2742.0967,-2741.535,-17.09082,0.8836713
1474,ok,-2715.826,-2760.5173,-16.622765,0.8826281
1475,ok,-2690.9004,-2779.3347,-16.168737,0.8812983
1476,ok,-2663.8992,-2797.4634,-15.692716,0.8802683
1477,ok,-2638.8926,-2816.0808,-15.218145,0.87919337
1478,ok,-2611.8516,-2832.4153,-14.735349,0.8776807
1479,ok,-2584.565,-2849.3523,-14.25569,0.8764293
1480,ok,-2558.0806,-2865.45,-13.782415,0.8748712
1481,ok,-2530.4612,-2880.8623,-13.31617,0.8732801
1482,ok,-2497.8135,-2895.1682,-12.835428,0.8715373
1483,ok,-2464.6235,-2909.5894,-12.372598,0.8697846
1484,ok,-2432.1658,-2924.1467,-11.887314,0.86824507
1485,ok,-2398.0156,-2937.7554,-11.408428,0.8664703
1486,ok,-2364.753,-2951.0776,-10.925636,0.8648076
1487,ok,-2330.3784,-2964.0688,-10.449721,0.863088
1488,ok,-2296.6628,-2975.891,-9.9773855,0.8612022
1489,ok,-2262.4082,-2987.7048,-9.512208,0.85949713
1490,ok,-2230.4897,-2997.9858,-9.0429535,0.8575335
1491,ok,-2199.1035,-3008.8591,-8.569193,0.8558802
1492,ok,-2167.9316,-3018.9846,-8.097869,0.85401475
1493,ok,-2136.016,-3028.3623,-7.617847,0.85212016
1494,ok,-2104.8718,-3038.151,-7.141693,0.850501
1495,ok,-2073.5117,-3047.725,-6.6687355,0.8487933
1496,ok,-2042.1416,-3055.979,-6.1954236,0.8470498
1497,ok,-2011.8334,-3064.7383,-5.715565,0.8454089
1498,ok,-1978.4413,-3071.0586,-5.237354,0.8434291
1499,ok,-1949.1294,-3080.175,-4.7524843,0.84205705
1500,ok,-1916.6809,-3087.5151,-4.2862506,0.84035456
1501,ok,-1886.5088,-3096.154,-3.800754,0.8391167
1502,ok,-1854.5509,-3103.1655,-3.3251395,0.83749884
1503,ok,-1823.2216,-3108.7703,-2.8425136,0.8361386
1504,ok,-1792.3065,-3117.0742,-2.365087,0.83482736
1505,ok,-1760.7219,-3123.182,-1.8886071,0.83347154
1506,ok,-1730.1886,-3130.2112,-1.3908114,0.83254933
1507,ok,-1698.5403,-3136.1309,-0.9128446,0.83135
1508,ok,-1669.4731,-3142.834,-0.41161206,0.83057624
1509,ok,-1636.9362,-3148.0227,0.0635882,0.8293304
1510,ok,-1607.2588,-3153.4666,0.5602746,0.8284094
1511,ok,-1575.4801,-3158.7756,1.0449371,0.8274759
1512,ok,-1545.7588,-3165.225,1.5325344,0.8266861
1513,ok,-1515.0709,-3172.58,2.0315986,0.8259995
1514,ok,-1484.2052,-3179.7217,2.5264084,0.82502955
1515,ok,-1454.4241,-3186.9922,3.02491,0.8243487
1516,ok,-1422.5331,-3188.7317,3.5251925,0.8234187
1517,ok,-1392.947,-3188.61,4.0274734,0.8227147
1518,ok,-1361.5393,-3188.467,4.5313835,0.82198954
1519,ok,-1330.9487,-3187.4924,5.0361247,0.8211645
1520,ok,-1300.0754,-3188.1072,5.5391154,0.8204264
1521,ok,-1269.2336,-3188.1448,6.0374503,0.81938463
1522,ok,-1237.9991,-3188.8284,6.5547805,0.8187202
1523,ok,-1207.8671,-3188.585,7.0679593,0.81787926
1524,ok,-1176.0519,-3188.7336,7.5822244,0.81718886
1525,ok,-1146.2971,-3188.924,8.11832,0.8167999
1526,ok,-1114.3525,-3188.653,8.638479,0.8161029
1527,ok,-1083.4945,-3188.9604,9.163992,0.8157654
1528,ok,-1053.6147,-3189.1038,9.688113,0.81539845
1529,ok,-1022.2463,-3189.1924,10.223522,0.8150823
1530,ok,-990.41504,-3188.7866,10.7610655,0.814679
1531,ok,-959.9447,-3187.4243,11.298843,0.81426585
1532,ok,-927.4826,-3186.3413,11.845389,0.81382805
1533,ok,-894.6809,-3184.654,12.393688,0.8132494
1534,ok,-863.4928,-3182.8953,12.95051,0.81278765
1535,ok,-828.5162,-3181.597,13.53485,0.8125163
1536,ok,-796.4038,-3180.0234,14.117257,0.81217676
1537,ok,-761.5765,-3178.5867,14.71738,0.8119878
1538,ok,-727.59406,-3177.4744,15.322312,0.8118444
1539,ok,-693.3494,-3175.2698,15.941164,0.8117128
1540,ok,-657.20166,-3173.583,16.566866,0.8115698
1541,ok,-622.7251,-3171.256,17.197208,0.8116565
1542,ok,-586.34485,-3168.3047,17.830462,0.8114327
1543,ok,-550.65405,-3165.0134,18.476248,0.81131244
1544,ok,-513.8921,-3161.4023,19.120432,0.81111914
1545,ok,-478.1191,-3159.3687,19.791185,0.81154233
1546,ok,-440.16992,-3155.6938,20.449123,0.8112829
1547,ok,-398.64777,-3152.4236,21.155426,0.81096953
1548,ok,-358.79895,-3147.563,21.860495,0.8106615
1549,ok,-317.49573,-3145.0842,22.608967,0.8111437
1550,ok,-272.99463,-3141.606,23.36575,0.8111259
1551,ok,-231.78033,-3138.7795,24.160515,0.81211734
1552,ok,-188.84552,-3135.5642,24.941048,0.8126972
1553,ok,-144.09686,-3131.764,25.732416,0.81317824
1554,ok,-103.45526,-3127.299,26.50782,0.81405747
1555,ok,-58.41461,-3122.168,27.288317,0.814437
1556,ok,-15.845459,-3116.7131,28.06355,0.81500673
1557,ok,25.712097,-3110.7986,28.83761,0.8158659
1558,ok,70.99805,-3105.49,29.630438,0.81640816
1559,ok,112.22998,-3098.1572,30.399776,0.8171175
1560,ok,155.19373,-3091.5642,31.193485,0.8179631
1561,ok,199.26648,-3083.38,31.971762,0.8183372
1562,ok,239.90479,-3074.887,32.74439,0.8191851
1563,ok,284.67896,-3065.739,33.54262,0.81962675
1564,ok,325.71655,-3056.4336,34.31816,0.8204825
1565,ok,369.4624,-3045.5798,35.110138,0.8207225
1566,ok,410.91418,-3036.5254,35.904613,0.82192767
1567,ok,452.61438,-3025.1504,36.682877,0.82245994
1568,ok,495.31885,-3014.3276,37.47943,0.8232409
1569,ok,536.3218,-3000.953,38.245625,0.82351327
1570,ok,577.73865,-2987.756,39.016773,0.8239807
1571,ok,620.05664,-2973.1394,39.786182,0.823988
1572,ok,659.92725,-2959.2104,40.54586,0.8246767
1573,ok,701.74536,-2943.7834,41.32603,0.82489985
1574,ok,742.7373,-2929.0874,42.098976,0.82548034
1575,ok,782.47253,-2912.5974,42.860477,0.82598925
1576,ok,823.86414,-2897.0474,43.648155,0.8265817
1577,ok,864.53845,-2880.9448,44.437695,0.8272909
1578,ok,903.9208,-2863.3682,45.198032,0.82761854
1579,ok,944.2981,-2845.5955,45.97447,0.8279992
1580,ok,984.0475,-2827.8591,46.735233,0.82842165
1581,ok,1023.442,-2809.3926,47.518265,0.82918257
1582,ok,1063.1145,-2790.7876,48.29621,0.8298099
1583,ok,1101.2637,-2769.9998,49.049896,0.82998306
1584,ok,1140.7954,-2750.488,49.831482,0.83056307
1585,ok,1178.0793,-2728.636,50.588963,0.8308781
1586,ok,1217.0598,-2708.287,51.369114,0.83148885
1587,ok,1254.5708,-2686.4624,52.139404,0.83199793
1588,ok,1292.0923,-2664.2844,52.90101,0.83236116
1589,ok,1329.147,-2641.5288,53.68136,0.8327715
1590,ok,1366.158,-2618.0718,54.450317,0.8331689
1591,ok,1402.5559,-2593.914,55.233757,0.83356714
1592,ok,1438.8584,-2569.5596,56.01445,0.8340156
1593,ok,1475.1606,-2544.365,56.78962,0.8344285
1594,ok,1510.0168,-2518.4104,57.55485,0.8346596
1595,ok,1545.5034,-2492.646,58.324116,0.8350642
1596,ok,1580.769,-2467.0278,59.11944,0.8357623
1597,ok,1613.439,-2439.9448,59.85715,0.8360748
1598,ok,1645.9011,-2413.9072,60.602203,0.8365146
1599,ok,1676.5425,-2388.1812,61.290726,0.8366536
1600,ok,1704.7141,-2362.0356,61.967484,0.83695257
1601,ok,1734.0535,-2337.0386,62.651592,0.8372629
1602,ok,1760.4434,-2310.6372,63.29004,0.83728456
1603,ok,1786.7615,-2284.594,63.92713,0.8375454
1604,ok,1813.3457,-2257.4888,64.56817,0.83717597
1605,ok,1838.3137,-2229.9924,65.18127,0.8371182
1606,ok,1864.4048,-2202.5657,65.832306,0.8369958
1607,ok,1890.1841,-2175.3945,66.478806,0.8370828
1608,ok,1913.9431,-2146.7554,67.09155,0.8368937
1609,ok,1938.8777,-2118.374,67.7356,0.83675003
1610,ok,1962.6355,-2089.0623,68.3603,0.8363786
1611,ok,1986.4993,-2060.2866,68.99865,0.8365323
1612,ok,2010.6672,-2031.3236,69.63417,0.8365013
1613,ok,2034.2317,-2001.9792,70.286224,0.83652425
1614,ok,2057.6492,-1972.6194,70.90858,0.8367738
1615,ok,2083.2017,-1941.9911,71.59679,0.83703977
1616,ok,2106.849,-1909.1481,72.28,0.8369744
1617,ok,2132.7935,-1875.8239,72.99958,0.83719474
1618,ok,2158.1157,-1841.412,73.729385,0.8372038
1619,ok,2182.9653,-1806.5029,74.474144,0.83756745
1620,ok,2209.4905,-1771.7051,75.25912,0.8378854
1621,ok,2233.9482,-1735.8914,76.0245,0.8383637
1622,ok,2258.2012,-1699.9886,76.788895,0.8387054
1623,ok,2282.724,-1663.7019,77.59894,0.8392053
1624,ok,2306.7747,-1627.3348,78.3872,0.83981895
1625,ok,2329.2986,-1590.1204,79.163506,0.84022856
1626,ok,2352.5317,-1552.8254,79.97009,0.84050536
1627,ok,2374.051,-1515.1543,80.73965,0.8410459
1628,ok,2396.9744,-1477.7983,81.56532,0.84158325
1629,ok,2417.6526,-1439.7844,82.35597,0.8421898
1630,ok,2438.7632,-1401.9348,83.150856,0.84285516
1631,ok,2460.1848,-1364.0464,83.98466,0.8438658
1632,ok,2479.6362,-1325.7384,84.75587,0.84453285
1633,ok,2499.8882,-1287.1431,85.578926,0.8453394
1634,ok,2518.9558,-1248.5402,86.38099,0.8464249
1635,ok,2538.1545,-1209.7119,87.201225,0.8472465
1636,ok,2556.2583,-1171.083,88.00139,0.8482406
1637,ok,2572.445,-1133.1174,88.76212,0.8488257
1638,ok,2588.6772,-1098.1047,89.50359,0.8501756
1639,ok,2602.135,-1064.4731,90.15538,0.8507276
1640,ok,2614.5808,-1033.4382,90.77796,0.8515775
1641,ok,2624.6296,-1003.97723,91.31488,0.8520973
1642,ok,2635.06,-976.72546,91.84055,0.8528646
1643,ok,2644.323,-950.78674,92.33462,0.8536853
1644,ok,2653.2979,-926.0801,92.797,0.85463417
1645,ok,2662.0854,-902.3736,93.25881,0.8556848
1646,ok,2670.0774,-879.3646,93.684685,0.856696
1647,ok,2677.8652,-856.94006,94.10157,0.85771066
1648,ok,2685.2803,-835.2577,94.509926,0.85880286
1649,ok,2691.9382,-814.2766,94.88041,0.85983795
1650,ok,2699.2349,-794.3309,95.26677,0.86115146
1651,ok,2705.467,-774.639,95.58852,0.86210686
1652,ok,2712.0266,-755.44507,95.9524,0.86330163
1653,ok,2717.8938,-736.5901,96.26466,0.8643026
1654,ok,2723.8408,-718.0667,96.57376,0.865394
1655,ok,2730.0857,-699.9575,96.89826,0.86661947
1656,ok,2735.358,-682.1618,97.1691,0.8676505
1657,ok,2741.5479,-664.77966,97.47124,0.868949
1658,ok,2746.123,-647.70483,97.71954,0.86987734
1659,ok,2751.789,-631.1346,97.995964,0.8711621
1660,ok,2756.3357,-614.98303,98.224884,0.87211066
1661,ok,2761.3245,-599.18695,98.47247,0.8733164
1662,ok,2765.8967,-583.6204,98.686386,0.8743414
1663,ok,2770.4272,-568.437,98.917946,0.87536055
1664,ok,2774.7788,-553.6273,99.1212,0.87643504
1665,ok,2779.1506,-539.2647,99.32321,0.8774697
1666,ok,2783.2424,-525.27057,99.5187,0.8785515
1667,ok,2786.9734,-511.27786,99.67407,0.87933326
1668,ok,2790.9412,-497.97644,99.851,0.8804161
1669,ok,2794.8608,-484.74286,100.0039,0.8814151
1670,ok,2798.8367,-471.82257,100.15196,0.8824462
1671,ok,2802.6155,-459.07407,100.28861,0.8833976
1672,ok,2806.0095,-446.58777,100.412796,0.8842283
1673,ok,2809.663,-434.53882,100.527145,0.88511294
1674,ok,2813.4355,-422.87427,100.64681,0.886113
1675,ok,2816.752,-411.7237,100.74156,0.886889
1676,ok,2820.0679,-401.39246,100.834045,0.88777196
1677,ok,2823.7466,-392.02423,100.89701,0.8887089
1678,ok,2826.5012,-383.42053,100.93584,0.8894658
1679,ok,2829.492,-375.3405,100.9573,0.8902618
1680,ok,2832.3901,-367.57062,100.993805,0.89117014
1681,ok,2835.203,-360.10095,101.001564,0.8919437
1682,ok,2838.0867,-353.0198,101.0347,0.8928696
1683,ok,2840.9265,-346.25943,101.02579,0.8936338
1684,ok,2843.6633,-339.72772,101.03241,0.89439195
1685,ok,2846.5151,-333.5902,101.01738,0.8951889
1686,ok,2849.2393,-327.58325,100.99517,0.8959378
1687,ok,2852.3398,-321.84958,100.98481,0.8968617
1688,ok,2854.9817,-316.08215,100.93774,0.89738053
1689,ok,2858.3184,-310.5989,100.92847,0.89833856
1690,ok,2861.2156,-305.11383,100.901985,0.8990874
1691,ok,2864.4602,-299.59302,100.87825,0.8999647
1692,ok,2867.523,-294.13867,100.858765,0.90083456
1693,ok,2870.7083,-288.69635,100.82179,0.90159965
1694,ok,2873.8345,-283.48618,100.81499,0.9024593
1695,ok,2877.3896,-278.02396,100.80013,0.9033862
1696,ok,2880.8193,-272.68265,100.777596,0.90422094
1697,ok,2884.2795,-267.42606,100.7705,0.9052279
1698,ok,2887.8706,-262.12286,100.7498,0.906165
1699,ok,2890.933,-256.9901,100.7222,0.9069743
1700,ok,2894.5854,-251.71552,100.72887,0.90793884
1701,ok,2897.6917,-246.6965,100.69694,0.90882796
1702,ok,2901.3027,-241.3511,100.69108,0.9097942
1703,ok,2904.6575,-236.14343,100.68661,0.9107368
1704,ok,2907.5718,-230.98492,100.66594,0.9115183
1705,ok,2911.7473,-225.73001,100.67729,0.9126287
1706,ok,2914.1704,-220.62439,100.65664,0.9132418
1707,ok,2917.5654,-215.39297,100.651344,0.9141131
1708,ok,2920.7585,-210.26834,100.63862,0.9149826
1709,ok,2924.0117,-205.2251,100.64815,0.9158508
1710,ok,2926.8555,-200.06256,100.63454,0.91654646
1711,ok,2929.819,-195.05212,100.63363,0.9173908
1712,ok,2932.8123,-189.87494,100.627426,0.918159
1713,ok,2935.7478,-184.84637,100.6351,0.91898566
1714,ok,2938.7573,-179.5998,100.62782,0.9197134
1715,ok,2941.0664,-174.56137,100.63587,0.92042756
1716,ok,2943.986,-169.52643,100.65175,0.9212381
1717,ok,2947.2258,-164.5286,100.650345,0.92209744
1718,ok,2949.9084,-159.59406,100.67192,0.9228911
1719,ok,2952.8516,-154.61276,100.68811,0.9238005
1720,ok,2955.513,-149.5007,100.68358,0.9245426
1721,ok,2958.3408,-144.32144,100.69691,0.9253382
1722,ok,2960.9617,-139.33652,100.6981,0.9260521
1723,ok,2963.5718,-134.24805,100.70717,0.92683953
1724,ok,2966.0144,-129.27942,100.71522,0.92749125
1725,ok,2969.1255,-124.259125,100.75127,0.92852724
1726,ok,2971.1997,-119.3475,100.737946,0.92893136
1727,ok,2974.134,-114.47977,100.78319,0.9299869
1728,ok,2977.079,-109.68689,100.77005,0.93076795
1729,ok,2979.3806,-104.82733,100.814926,0.9315314
1730,ok,2982.5867,-100.03708,100.8198,0.9324561
1731,ok,2985.5144,-95.192566,100.8594,0.9333603
1732,ok,2987.6643,-90.6886,100.8644,0.93394583
1733,ok,2990.5508,-86.62097,100.88809,0.9348983
1734,ok,2993.507,-82.618866,100.9091,0.93591875
1735,ok,2996.1301,-78.75925,100.91668,0.93677187
1736,ok,2999.4116,-75.08826,100.921555,0.93785423
1737,ok,3002.5662,-71.57568,100.903915,0.93878496
1738,ok,3005.2686,-67.79794,100.93309,0.93987584
1739,ok,3008.3027,-64.53113,100.91809,0.94081634
1740,ok,3011.3794,-60.87198,100.9213,0.94187
1741,ok,3013.5183,-57.5701,100.92243,0.9426499
1742,ok,3017.0667,-54.063416,100.91888,0.9439201
1743,ok,3019.4739,-50.665375,100.92306,0.94468397
1744,ok,3022.537,-47.208435,100.94387,0.9457253
1745,ok,3025.3003,-44.24356,100.97346,0.94678515
1746,ok,3026.888,-41.111633,100.99755,0.94752616
1747,ok,3028.8608,-38.2977,101.02251,0.94830567
1748,ok,3031.6716,-35.625397,101.03767,0.9494043
1749,ok,3033.485,-32.838043,101.06981,0.95020425
1750,ok,3035.7483,-30.25418,101.05863,0.9509995
1751,ok,3037.7734,-27.794556,101.10471,0.95189416
1752,ok,3039.5427,-25.417236,101.09129,0.9525489
1753,ok,3040.9802,-23.245605,101.11329,0.95320785
1754,ok,3043.1677,-21.149353,101.122055,0.9540358
1755,ok,3044.6707,-19.29889,101.13489,0.9546184
1756,ok,3046.981,-17.633667,101.13664,0.9555193
1757,ok,3048.9045,-16.253723,101.14111,0.9561766
1758,ok,3051.084,-15.354004,101.13984,0.9570806
1759,ok,3053.1768,-14.81604,101.13895,0.9579393
1760,ok,3055.0513,-14.740173,101.08535,0.95862716
1761,ok,3057.3176,-14.99115,101.08273,0.9595372
1762,ok,3059.1848,-15.529968,101.0381,0.96032083
1763,ok,3061.5305,-16.322449,101.00272,0.9611318
1764,ok,3063.5623,-17.111633,100.97391,0.9620855
1765,ok,3065.1865,-17.953491,100.92361,0.9627769
1766,ok,3067.5503,-18.974854,100.90484,0.9637429
1767,ok,3069.756,-19.911926,100.845024,0.9647509
1768,ok,3071.3525,-20.838196,100.821045,0.9655367
1769,ok,3073.6497,-21.747375,100.79465,0.96654046
1770,ok,3075.9126,-22.79712,100.745926,0.96743965
1771,ok,3078.0237,-23.881775,100.73409,0.96845466
1772,ok,3079.8525,-24.886108,100.70322,0.9693355
1773,ok,3081.947,-25.88379,100.67311,0.97036415
1774,ok,3083.9607,-26.944275,100.653366,0.9712837
1775,ok,3085.7122,-27.934204,100.61251,0.9721156
1776,ok,3087.819,-29.017487,100.59602,0.9731067
1777,ok,3089.9224,-30.088226,100.559044,0.97403747
1778,ok,3091.492,-31.328003,100.54063,0.97483987
1779,ok,3093.6758,-32.398254,100.506424,0.97592866
1780,ok,3095.2026,-33.69806,100.46819,0.9766578
1781,ok,3097.5288,-34.772858,100.426674,0.97776514
1782,ok,3099.846,-36.003815,100.3922,0.97886145
1783,ok,3101.681,-37.20218,100.35567,0.97973686
1784,ok,3104.1057,-38.327118,100.3347,0.98087317
1785,ok,3105.8718,-39.460754,100.29794,0.98191893
1786,ok,3107.4067,-40.723663,100.258385,0.98288184
1787,ok,3108.893,-41.784485,100.2332,0.9837083
1788,ok,3110.3384,-43.063324,100.183,0.984736
1789,ok,3111.8838,-44.28833,100.16486,0.9857134
1790,ok,3113.5703,-45.751495,100.115486,0.98681855
1791,ok,3115.0579,-47.002502,100.06839,0.98776984
1792,ok,3116.7864,-48.246216,100.028496,0.98879844
1793,ok,3118.0776,-49.657257,99.98669,0.98974234
1794,ok,3120.1167,-50.90457,99.93693,0.9909707
1795,ok,3121.5635,-52.21054,99.88111,0.99193144
1796,ok,3123.1008,-53.555664,99.83208,0.9929402
1797,ok,3125.0232,-54.966217,99.76909,0.9942291
1798,ok,3126.677,-56.256622,99.70599,0.99518424
1799,ok,3128.4226,-57.660767,99.6436,0.9964318
1800,ok,3129.681,-58.87625,99.5501,0.9972515
1801,ok,3131.272,-60.010864,99.48703,0.99832517
1802,ok,3132.772,-61.263855,99.40465,0.9994302
1803,ok,3134.5574,-62.662384,99.3494,1.000699
1804,ok,3135.4165,-63.88211,99.23241,1.0015211
1805,ok,3137.021,-65.21661,99.141594,1.0025172
1806,ok,3138.0142,-66.74527,99.04326,1.0034634
1807,ok,3139.3867,-68.32184,98.94133,1.0045505
1808,ok,3140.2173,-70.02731,98.83224,1.0053939
1809,ok,3142.436,-71.82303,98.722145,1.0066825
1810,ok,3143.1626,-73.52817,98.627266,1.0075938
1811,ok,3144.0547,-75.2077,98.50754,1.008531
1812,ok,3145.0952,-77.006256,98.395775,1.0094846
1813,ok,3146.6206,-78.75198,98.26592,1.0107107
1814,ok,3147.7876,-80.849945,98.15071,1.0116396
1815,ok,3149.191,-82.912476,98.026054,1.012838
1816,ok,3150.2407,-84.99353,97.88488,1.0137703
1817,ok,3151.3809,-87.34131,97.75663,1.0148699
1818,ok,3152.6523,-89.67398,97.62494,1.0160264
1819,ok,3154.6055,-92.001495,97.48337,1.0174024
1820,ok,3156.0757,-94.41498,97.35942,1.0186207
1821,ok,3158.1465,-96.86679,97.209526,1.0200745
1822,ok,3160.2773,-99.17786,97.082695,1.0215335
1823,ok,3162.2393,-101.51047,96.95288,1.0229639
1824,ok,3164.1646,-103.81439,96.8209,1.0243669
1825,ok,3166.414,-106.24637,96.6815,1.0258716
1826,ok,3168.558,-108.77109,96.54567,1.0274475
1827,ok,3170.6782,-111.27011,96.42255,1.0290742
1828,ok,3171.857,-113.73419,96.26072,1.0302209
1829,ok,3174.4531,-116.03909,96.14509,1.0318319
1830,ok,3176.393,-118.7428,95.988,1.0333359
1831,ok,3178.7744,-121.22656,95.83799,1.0349736
1832,ok,3180.46,-123.91504,95.672356,1.0365386
1833,ok,3182.8325,-126.43826,95.50264,1.0380572
1834,ok,3184.5806,-129.11932,95.33406,1.03967
1835,ok,3186.7544,-131.84991,95.170006,1.0412465
1836,ok,3189.1045,-134.57758,94.99694,1.0430729
1837,ok,3191.5737,-137.27234,94.83894,1.0448639
1838,ok,3194.6714,-139.82846,94.665375,1.0469037
1839,ok,3197.7095,-142.32678,94.49634,1.0488064
1840,ok,3200.1152,-144.83466,94.323586,1.0506005
1841,ok,3202.437,-147.35919,94.154945,1.0524591
1842,ok,3204.9956,-149.85211,93.98092,1.0542198
1843,ok,3207.9287,-152.08267,93.82862,1.0563813
1844,ok,3211.2695,-154.3489,93.6804,1.0585473
1845,ok,3214.189,-156.57376,93.537224,1.0605776
1846,ok,3217.837,-158.76868,93.37075,1.0628155
1847,ok,3219.8809,-160.89923,93.217735,1.0645854
1848,ok,3222.266,-162.969,93.059326,1.0664947
1849,ok,3225.5156,-164.94266,92.88052,1.0687014
1850,ok,3228.7202,-166.8952,92.70153,1.0708737
1851,ok,3232.6646,-168.90823,92.571884,1.0732366
1852,ok,3235.2715,-170.83856,92.41627,1.0753684
1853,ok,3238.4712,-172.55814,92.25164,1.077517
1854,ok,3241.7847,-174.33228,92.09966,1.0796372
1855,ok,3245.5645,-176.25473,91.97745,1.081952
1856,ok,3249.4624,-178.0669,91.82292,1.0841419
1857,ok,3252.754,-180.00003,91.72118,1.0861013
1858,ok,3257.5,-182.00955,91.59211,1.0887198
1859,ok,3261.8599,-184.341,91.48087,1.0911225
1860,ok,3266.2095,-186.54474,91.37919,1.0934448
1861,ok,3271.125,-189.1081,91.278435,1.096003
1862,ok,3275.9883,-192.237,91.15673,1.0985905
1863,ok,3280.7832,-195.99304,91.044235,1.1011786
1864,ok,3284.8271,-200.74203,90.9195,1.1035744
1865,ok,3289.2358,-206.5564,90.74944,1.1060961
1866,ok,3293.567,-213.06268,90.60639,1.1086497
1867,ok,3297.3242,-220.72076,90.407715,1.1109318
1868,ok,3301.0693,-229.23529,90.224915,1.1132339
1869,ok,3304.79,-238.87994,90.007515,1.1156421
1870,ok,3308.0288,-249.45444,89.78125,1.1177776
1871,ok,3310.505,-260.70724,89.53003,1.1197612
1872,ok,3314.5503,-272.83286,89.2851,1.1223866
1873,ok,3317.5469,-285.34357,89.02591,1.1247566
1874,ok,3321.3906,-298.13043,88.7752,1.1273243
1875,ok,3324.0894,-311.21204,88.50514,1.1295879
1876,ok,3326.772,-324.41376,88.235695,1.1318944
1877,ok,3329.2676,-338.11133,87.97922,1.1342318
1878,ok,3332.3618,-352.28204,87.69361,1.1366485
1879,ok,3334.724,-366.94238,87.41284,1.1390625
1880,ok,3336.7363,-382.03345,87.117455,1.1411655
1881,ok,3338.4082,-397.49658,86.80605,1.14332
1882,ok,3340.5366,-413.3835,86.503265,1.1456965
1883,ok,3341.79,-429.44485,86.16747,1.1478673
1884,ok,3343.8013,-446.0341,85.88671,1.1500995
1885,ok,3344.8013,-462.8367,85.556114,1.1523498
1886,ok,3345.0312,-479.9972,85.27226,1.1541611
1887,ok,3346.1802,-497.62723,84.967316,1.1566391
1888,ok,3347.1543,-515.48883,84.66336,1.1588682
1889,ok,3347.5718,-533.60034,84.36404,1.1610967
1890,ok,3347.6836,-551.70593,84.01755,1.1633625
1891,ok,3347.5557,-569.84564,83.73666,1.1654485
1892,ok,3347.1333,-588.10455,83.41397,1.1675855
1893,ok,3348.0483,-606.8275,83.10963,1.170296
1894,ok,3347.3408,-625.15094,82.793785,1.1723117
1895,ok,3345.0806,-643.61615,82.46711,1.1740781
1896,ok,3343.581,-662.16345,82.149376,1.1759938
1897,ok,3342.0498,-680.95514,81.85306,1.1780791
1898,ok,3340.608,-699.6206,81.54461,1.1801952
1899,ok,3339.4912,-718.6876,81.272995,1.1824502
1900,ok,3336.6763,-737.1784,80.93691,1.1842352
1901,ok,3334.2622,-755.95966,80.66585,1.185962
1902,ok,3330.9893,-774.3003,80.31826,1.1878135
1903,ok,3328.317,-793.00824,80.05635,1.1896586
1904,ok,3325.1304,-811.4691,79.699905,1.1915388
1905,ok,3321.9023,-830.06006,79.44288,1.1931226
1906,ok,3317.4302,-848.35156,79.105194,1.1946993
1907,ok,3314.2505,-867.0226,78.82981,1.1965575
1908,ok,3309.4536,-885.1438,78.527084,1.1980902
1909,ok,3306.4932,-903.5718,78.26079,1.2001758
1910,ok,3302.1904,-921.74304,77.997154,1.2018713
1911,ok,3299.0586,-939.9446,77.71785,1.2040048
1912,ok,3294.9932,-957.63745,77.435234,1.2058053
1913,ok,3290.6367,-974.7247,77.17058,1.2075472
1914,ok,3284.1807,-990.9862,76.93761,1.2084751
1915,ok,3279.3823,-1006.95776,76.69211,1.209971
1916,ok,3273.981,-1022.3351,76.46522,1.211505
1917,ok,3269.0361,-1037.0254,76.2607,1.2126625
1918,ok,3262.8452,-1051.2461,76.081245,1.2138741
1919,ok,3256.7744,-1065.1672,75.897125,1.2149341
1920,ok,3250.8545,-1079.21,75.72411,1.2163508
1921,ok,3243.3926,-1092.3411,75.53169,1.217027
1922,ok,3236.0073,-1105.7396,75.37963,1.2177949
1923,ok,3226.1072,-1118.7933,75.17153,1.2186712
1924,ok,3218.373,-1131.8484,75.01711,1.2192937
1925,ok,3212.0488,-1144.8704,74.84304,1.2202548
1926,ok,3205.3896,-1157.904,74.661545,1.2209419
1927,ok,3198.459,-1170.7522,74.485374,1.2216694
1928,ok,3190.0098,-1183.4445,74.299706,1.2223752
1929,ok,3181.9814,-1196.0995,74.13547,1.2227942
1930,ok,3173.2231,-1208.538,73.97717,1.2234086
1931,ok,3164.9663,-1221.3334,73.81852,1.2240646
1932,ok,3155.977,-1233.5487,73.65653,1.2245779
1933,ok,3146.892,-1245.6553,73.480515,1.2250937
1934,ok,3138.0303,-1257.8094,73.32443,1.2256888
1935,ok,3127.9458,-1269.4956,73.14047,1.225863
1936,ok,3118.462,-1281.2029,72.96751,1.2261294
1937,ok,3108.8186,-1292.6604,72.78946,1.226257
1938,ok,3098.8289,-1303.9716,72.61201,1.2264837
1939,ok,3088.1794,-1315.0168,72.43518,1.2265664
1940,ok,3078.381,-1326.1897,72.25424,1.2265754
1941,ok,3067.6792,-1337.2263,72.04706,1.2266212
1942,ok,3057.0244,-1347.7974,71.863014,1.2265227
1943,ok,3045.954,-1358.1133,71.65008,1.2263433
1944,ok,3035.0576,-1367.9255,71.44629,1.2262144
1945,ok,3024.2478,-1377.167,71.25665,1.2257124
1946,ok,3014.9219,-1386.4846,71.09453,1.2261974
1947,ok,3004.9624,-1393.9365,70.91563,1.2257503
1948,ok,2996.968,-1400.0598,70.80524,1.2259743
1949,ok,2988.3108,-1403.0154,70.70117,1.2255523
1950,ok,2981.665,-1404.5496,70.66779,1.2255083
1951,ok,2973.9736,-1403.7539,70.61301,1.2248551
1952,ok,2966.8745,-1401.9253,70.627075,1.2239587
1953,ok,2958.6306,-1399.3081,70.59035,1.2230396
1954,ok,2951.5603,-1396.3455,70.61997,1.2219676
1955,ok,2943.849,-1393.0105,70.61461,1.2209071
1956,ok,2935.5767,-1389.1954,70.61564,1.219837
1957,ok,2928.0503,-1385.4965,70.643005,1.2182245
1958,ok,2920.3894,-1381.9214,70.6252,1.2174938
1959,ok,2912.1003,-1377.5833,70.6218,1.2157581
1960,ok,2905.461,-1374.1748,70.631714,1.2148767
1961,ok,2896.7463,-1369.8185,70.61126,1.2134233
1962,ok,2890.331,-1366.2382,70.64983,1.2124045
1963,ok,2882.0107,-1361.9429,70.627655,1.2110769
1964,ok,2874.5696,-1357.6699,70.6353,1.2098212
1965,ok,2867.0037,-1353.2354,70.64758,1.2084085
1966,ok,2858.8213,-1348.6489,70.63767,1.206959
1967,ok,2851.6873,-1344.4694,70.66453,1.2058723
1968,ok,2844.3298,-1339.7207,70.64628,1.2045361
1969,ok,2836.8342,-1335.512,70.662125,1.2031629
1970,ok,2828.2798,-1330.4941,70.62001,1.201708
1971,ok,2820.9019,-1326.2433,70.629715,1.2005275
1972,ok,2813.8228,-1322.2861,70.625084,1.1995374
1973,ok,2806.871,-1318.2261,70.62521,1.1987284
1974,ok,2799.4482,-1314.3152,70.643,1.1974894
1975,ok,2793.4268,-1310.947,70.663414,1.1972451
1976,ok,2786.441,-1307.0364,70.6839,1.1962084
1977,ok,2780.0605,-1303.6642,70.71559,1.1955925
1978,ok,2773.4512,-1300.7588,70.745415,1.1951385
1979,ok,2767.667,-1297.6152,70.78109,1.1945659
1980,ok,2760.7964,-1294.2537,70.79841,1.1940807
1981,ok,2755.001,-1291.168,70.83329,1.1935099
1982,ok,2748.8926,-1288.2009,70.85749,1.1930563
1983,ok,2743.526,-1285.5386,70.90731,1.1929107
1984,ok,2737.4648,-1282.5188,70.93174,1.192424
1985,ok,2731.9683,-1279.6621,70.96232,1.1921495
1986,ok,2727.423,-1276.8912,71.00942,1.1919364
1987,ok,2722.872,-1274.0823,71.05106,1.1916773
1988,ok,2718.2773,-1271.1034,71.09286,1.1912915
1989,ok,2713.4705,-1268.3402,71.11788,1.1911225
1990,ok,2709.1128,-1265.4607,71.15789,1.1906042
1991,ok,2704.3662,-1262.7056,71.18375,1.1904249
1992,ok,2700.0117,-1259.9258,71.221886,1.1899865
1993,ok,2695.53,-1257.3547,71.25227,1.1899467
1994,ok,2691.1216,-1254.8169,71.27268,1.189844
1995,ok,2687.3567,-1252.0513,71.3229,1.1896122
1996,ok,2682.2222,-1249.1211,71.325714,1.1894494
1997,ok,2678.8652,-1246.5928,71.3724,1.1894503
1998,ok,2675.0366,-1243.7017,71.41082,1.1892481
1999,ok,2670.4087,-1240.8207,71.42501,1.189167
2000,ok,2666.9355,-1238.0807,71.46105,1.189001
2001,ok,2662.7354,-1235.2592,71.474724,1.1889721
2002,ok,2658.8113,-1232.186,71.50672,1.1886791
2003,ok,2655.0574,-1229.272,71.5088,1.1889002
2004,ok,2651.403,-1226.0574,71.53253,1.1886405
2005,ok,2647.7307,-1223.0415,71.52852,1.1888304
2006,ok,2644.4373,-1219.8694,71.55623,1.1887486
2007,ok,2640.603,-1216.4792,71.578156,1.1885074
2008,ok,2637.5942,-1213.4423,71.59089,1.1887829
2009,ok,2634.2673,-1210.3391,71.61675,1.1888412
2010,ok,2632.315,-1207.6772,71.65658,1.1893784
2011,ok,2629.1504,-1204.5874,71.66887,1.1897838
2012,ok,2626.8748,-1201.3776,71.715355,1.1898103
2013,ok,2623.6611,-1198.3286,71.71309,1.19029
2014,ok,2621.5032,-1195.1963,71.75688,1.1904453
2015,ok,2618.8533,-1192.0443,71.78348,1.1908045
2016,ok,2616.617,-1188.98,71.81296,1.1913707
2017,ok,2613.9993,-1185.65,71.84061,1.1915565
2018,ok,2611.582,-1182.5267,71.87004,1.1921312
2019,ok,2609.0317,-1179.2051,71.885414,1.1925986
2020,ok,2607.3367,-1175.6729,71.93666,1.1928453
2021,ok,2604.8228,-1172.3645,71.969284,1.1934406
2022,ok,2602.9214,-1169.0511,72.00071,1.1940093
2023,ok,2601.0542,-1165.6069,72.033005,1.194573
2024,ok,2598.8157,-1161.8269,72.049805,1.1951313
2025,ok,2596.7336,-1157.9622,72.07923,1.1952758
2026,ok,2594.7266,-1154.2332,72.10715,1.1958162
2027,ok,2592.0933,-1150.2737,72.1186,1.1961033
2028,ok,2590.8,-1146.6042,72.16008,1.1967537
2029,ok,2588.5242,-1142.9803,72.17409,1.1975598
2030,ok,2587.3574,-1139.6165,72.208725,1.1983535
2031,ok,2585.6086,-1135.8242,72.2358,1.1991608
2032,ok,2584.3894,-1132.2916,72.28681,1.1997907
2033,ok,2582.4712,-1128.9851,72.314926,1.2009056
2034,ok,2580.8892,-1125.2612,72.350716,1.201419
2035,ok,2579.4526,-1121.9109,72.376816,1.2022306
2036,ok,2577.109,-1118.6907,72.35899,1.2034875
2037,ok,2576.1218,-1115.1277,72.38902,1.2038122
2038,ok,2574.265,-1112.0769,72.369,1.2050682
2039,ok,2572.2178,-1108.554,72.34439,1.2055745
2040,ok,2571.1177,-1105.8293,72.34858,1.2067614
2041,ok,2569.3796,-1102.8237,72.30965,1.2075806
2042,ok,2568.1375,-1100.1638,72.31996,1.2084962
2043,ok,2565.7102,-1097.4478,72.270386,1.2092491
2044,ok,2564.2034,-1095.0175,72.26411,1.2100294
2045,ok,2562.3293,-1092.8977,72.22754,1.210859
2046,ok,2560.131,-1090.7021,72.18589,1.2116383
2047,ok,2558.5083,-1088.7859,72.168755,1.2124739
2048,ok,2555.5916,-1086.592,72.094025,1.213176
2049,ok,2553.4658,-1084.594,72.05107,1.2136874
2050,ok,2550.8,-1082.6964,71.98708,1.2143738
2051,ok,2548.2954,-1080.7695,71.91976,1.215163
2052,ok,2547.4658,-1079.0675,71.86847,1.2158493
2053,ok,2545.9827,-1077.2529,71.79311,1.2166748
2054,ok,2545.1082,-1075.7114,71.72608,1.2173619
2055,ok,2544.0798,-1074.0166,71.65816,1.2179971
2056,ok,2542.847,-1072.6987,71.570045,1.2188228
2057,ok,2542.243,-1071.4756,71.49925,1.2197065
2058,ok,2540.6914,-1070.1187,71.40212,1.220366
2059,ok,2539.8271,-1069.1298,71.31701,1.2211539
2060,ok,2537.7205,-1067.9514,71.22388,1.2216321
2061,ok,2536.9446,-1067.1543,71.12747,1.2224479
2062,ok,2534.8477,-1066.0673,71.023865,1.2230146
2063,ok,2533.6865,-1065.3783,70.937164,1.2237276
2064,ok,2530.6357,-1064.3875,70.82784,1.2243248
2065,ok,2528.402,-1063.7878,70.7436,1.2249744
2066,ok,2525.21,-1063.1514,70.61448,1.2255477
2067,ok,2522.99,-1062.9531,70.51731,1.2261637
2068,ok,2520.1362,-1062.8021,70.391335,1.2268575
2069,ok,2517.652,-1062.9565,70.279434,1.2275581
2070,ok,2515.0737,-1063.0173,70.15037,1.2281781
2071,ok,2512.3926,-1063.1825,70.02469,1.2289389
2072,ok,2510.1946,-1063.5519,69.90472,1.2296693
2073,ok,2506.9304,-1063.4607,69.762566,1.2301493
2074,ok,2505.0986,-1064.0111,69.65218,1.2310727
2075,ok,2502.1262,-1064.0547,69.50203,1.2316487
2076,ok,2499.7292,-1064.5349,69.374725,1.2323176
2077,ok,2496.6843,-1064.7795,69.210846,1.2329402
2078,ok,2494.21,-1065.2588,69.093,1.2335103
2079,ok,2491.3604,-1065.7452,68.928566,1.2342855
2080,ok,2488.6667,-1066.3552,68.79006,1.234914
2081,ok,2486.1096,-1066.938,68.63742,1.2356405
2082,ok,2483.2273,-1067.25,68.49496,1.2360772
2083,ok,2480.2998,-1067.7676,68.33692,1.2368606
2084,ok,2477.6277,-1068.2881,68.182434,1.23742
2085,ok,2474.7505,-1068.812,68.02651,1.2380478
2086,ok,2471.8894,-1069.319,67.86177,1.2384598
2087,ok,2469.3376,-1070.1814,67.69093,1.2393849
2088,ok,2466.562,-1070.9255,67.52158,1.2399899
2089,ok,2464.3127,-1071.833,67.364716,1.2408702
2090,ok,2461.1587,-1072.6172,67.17409,1.241426
2091,ok,2458.3352,-1073.4779,67.01649,1.2417613
2092,ok,2454.96,-1074.5228,66.827034,1.2426344
2093,ok,2452.3738,-1075.502,66.65883,1.2431226
2094,ok,2449.1199,-1076.4982,66.46746,1.2437991
2095,ok,2446.417,-1077.6835,66.28871,1.2443622
2096,ok,2443.2617,-1078.6433,66.088905,1.2449279
2097,ok,2440.2522,-1079.9396,65.89578,1.245507
2098,ok,2437.2246,-1081.2906,65.69415,1.2460973
2099,ok,2434.0864,-1082.8799,65.487335,1.2465936
2100,ok,2430.4873,-1084.5841,65.26072,1.2469503
2101,ok,2426.741,-1086.7368,65.04447,1.2472845
2102,ok,2423.1868,-1089.0049,64.81379,1.2479093
2103,ok,2418.9731,-1091.3604,64.55653,1.2483374
2104,ok,2416.214,-1094.2034,64.345535,1.2488852
2105,ok,2411.911,-1096.6975,64.08298,1.2495514
2106,ok,2408.522,-1099.3833,63.841892,1.249856
2107,ok,2404.5605,-1102.0652,63.585247,1.2504102
2108,ok,2400.1062,-1104.571,63.31408,1.2507778
2109,ok,2396.5461,-1107.6287,63.0809,1.2510905
2110,ok,2392.2559,-1110.7133,62.804295,1.2518486
2111,ok,2388.8254,-1114.0796,62.5538,1.252422
2112,ok,2384.37,-1117.3284,62.28629,1.2527426
2113,ok,2379.9592,-1120.7379,61.994236,1.2532035
2114,ok,2375.818,-1124.4962,61.723965,1.2537078
2115,ok,2371.2861,-1128.261,61.44735,1.2540421
2116,ok,2366.3408,-1132.1366,61.156143,1.2543714
2117,ok,2361.9336,-1136.5527,60.87411,1.2545856
2118,ok,2356.2168,-1140.9229,60.563805,1.25502
2119,ok,2351.2415,-1145.6375,60.26934,1.2551899
2120,ok,2346.2427,-1150.6364,59.965534,1.2555768
2121,ok,2340.339,-1156.7288,59.638123,1.2559488
2122,ok,2335.6196,-1163.2561,59.346214,1.2560248
2123,ok,2330.0166,-1169.7783,59.02309,1.2567425
2124,ok,2324.3147,-1175.8741,58.714413,1.2565504
2125,ok,2319.1406,-1181.201,58.4189,1.2568905
2126,ok,2312.9219,-1185.0187,58.078392,1.2571739
2127,ok,2307.7297,-1188.9921,57.790543,1.2570668
2128,ok,2301.3464,-1192.8204,57.4488,1.257654
2129,ok,2296.1409,-1196.824,57.14937,1.2574271
2130,ok,2290.0186,-1201.8678,56.82195,1.2579758
2131,ok,2284.1177,-1206.8986,56.501194,1.2579365
2132,ok,2278.6409,-1212.0991,56.192482,1.2582177
2133,ok,2272.4077,-1217.1058,55.84476,1.2585198
2134,ok,2267.4119,-1222.551,55.53927,1.2585744
2135,ok,2260.7559,-1227.6719,55.195393,1.2588192
2136,ok,2254.791,-1232.1477,54.905598,1.2581543
2137,ok,2247.679,-1237.3658,54.565342,1.2583152
2138,ok,2241.0151,-1242.5295,54.21302,1.2580456
2139,ok,2235.48,-1248.4034,53.895855,1.2581935
2140,ok,2228.6692,-1253.7019,53.54916,1.2582841
2141,ok,2222.587,-1259.2118,53.217037,1.2579991
2142,ok,2216.1243,-1264.7275,52.873844,1.2582685
2143,ok,2210.0117,-1270.2285,52.539097,1.2581983
2144,ok,2203.8079,-1275.8357,52.209724,1.2582444
2145,ok,2196.915,-1280.9365,51.84903,1.2582022
2146,ok,2191.16,-1286.6853,51.52941,1.2583089
2147,ok,2184.696,-1292.0999,51.18616,1.2583375
2148,ok,2178.0088,-1297.4272,50.846455,1.2584287
2149,ok,2172.2449,-1303.0938,50.51932,1.2585021
2150,ok,2165.2964,-1308.2047,50.171562,1.2584342
2151,ok,2159.0527,-1313.6462,49.841496,1.2585026
2152,ok,2152.7212,-1319.0977,49.506805,1.2587221
2153,ok,2146.4172,-1324.4463,49.161644,1.2588269
2154,ok,2140.737,-1330.2229,48.83336,1.259307
2155,ok,2134.8206,-1335.6803,48.49351,1.259483
2156,ok,2128.9429,-1341.2672,48.174324,1.2598091
2157,ok,2122.2102,-1346.3533,47.830967,1.2597106
2158,ok,2116.7722,-1352.2771,47.513973,1.2600557
2159,ok,2110.185,-1357.9556,47.173058,1.260345
2160,ok,2104.2468,-1363.9067,46.84767,1.260668
2161,ok,2097.5862,-1369.6582,46.50952,1.2609301
2162,ok,2091.5024,-1375.7852,46.178516,1.261139
2163,ok,2084.502,-1381.7518,45.837086,1.2614489
2164,ok,2078.0303,-1387.9717,45.498608,1.261681
2165,ok,2071.539,-1394.6681,45.171738,1.2621663
2166,ok,2063.9675,-1400.9865,44.816193,1.2623203
2167,ok,2057.4858,-1408.051,44.474438,1.2624804
2168,ok,2049.141,-1414.6881,44.086193,1.2630976
2169,ok,2042.4646,-1421.924,43.72901,1.2629569
2170,ok,2034.3086,-1429.1306,43.33845,1.2637295
2171,ok,2026.7632,-1436.6504,42.965607,1.2638704
2172,ok,2018.2058,-1443.3604,42.568672,1.2639592
2173,ok,2009.822,-1450.2177,42.174076,1.2640517
2174,ok,2000.636,-1456.5433,41.773567,1.2638471
2175,ok,1992.6018,-1463.6604,41.386604,1.2639729
2176,ok,1983.4219,-1470.3391,40.983833,1.2643431
2177,ok,1975.9854,-1477.4414,40.6065,1.2643195
2178,ok,1966.7942,-1484.0087,40.191692,1.2648888
2179,ok,1958.8059,-1490.5264,39.812397,1.2646068
2180,ok,1947.9053,-1496.8992,39.39961,1.2652891
2181,ok,1937.229,-1503.0673,38.995087,1.2651461
2182,ok,1926.1155,-1509.5011,38.595997,1.2655413
2183,ok,1914.5754,-1515.5876,38.18806,1.265771
2184,ok,1908.7793,-1521.9058,37.80632,1.2657447
2185,ok,1902.3408,-1527.8041,37.402676,1.266145
2186,ok,1897.2512,-1534.0828,37.03135,1.265968
2187,ok,1890.8113,-1539.7871,36.636543,1.2665001
2188,ok,1883.2837,-1545.6272,36.284237,1.2663349
2189,ok,1874.9946,-1551.0366,35.910027,1.266899
2190,ok,1867.6609,-1556.3735,35.551754,1.2670462
2191,ok,1859.9797,-1561.5969,35.20711,1.2673048
2192,ok,1851.8057,-1566.5787,34.844772,1.2677209
2193,ok,1845.3401,-1571.9292,34.519356,1.2678273
2194,ok,1837.3008,-1576.8541,34.172718,1.2683302
2195,ok,1830.4597,-1581.9033,33.84414,1.2684791
2196,ok,1822.5034,-1586.6791,33.507698,1.2688636
2197,ok,1815.6365,-1591.8727,33.183582,1.2690208
2198,ok,1807.685,-1597.1246,32.846695,1.2697465
2199,ok,1800.6526,-1602.0156,32.52329,1.2694243
2200,ok,1792.0771,-1607.273,32.19071,1.2699513
2201,ok,1784.2173,-1612.1411,31.868038,1.2698288
2202,ok,1776.6421,-1617.5687,31.54807,1.2697755
2203,ok,1767.6746,-1623.4651,31.21691,1.2701938
2204,ok,1759.687,-1629.3585,30.879799,1.2699753
2205,ok,1750.116,-1635.7399,30.524715,1.2701766
2206,ok,1740.169,-1642.1445,30.162209,1.2700443
2207,ok,1730.3252,-1649.3201,29.788147,1.2699631
2208,ok,1719.6248,-1656.7374,29.39258,1.2700098
2209,ok,1708.9316,-1664.614,28.989637,1.2700565
2210,ok,1697.468,-1672.4313,28.587894,1.269999
2211,ok,1685.7866,-1680.2928,28.183956,1.2698565
2212,ok,1674.1709,-1687.8401,27.782524,1.2694566
2213,ok,1662.2122,-1695.6204,27.381708,1.2692553
2214,ok,1650.5405,-1703.439,26.985302,1.268863
2215,ok,1638.1953,-1710.715,26.576838,1.268403
2216,ok,1625.8464,-1718.5533,26.165293,1.2681893
2217,ok,1612.5261,-1726.0488,25.760597,1.2676681
2218,ok,1594.5161,-1733.6686,25.340166,1.2677537
2219,ok,1578.3047,-1740.8301,24.923182,1.267078
2220,ok,1560.7081,-1748.6062,24.505762,1.2672529
2221,ok,1546.5391,-1755.8943,24.088173,1.2666548
2222,ok,1538.2869,-1763.3948,23.663387,1.2665352
2223,ok,1528.9648,-1770.6271,23.248049,1.2661848
2224,ok,1520.6465,-1778.0438,22.814924,1.2656686
2225,ok,1511.4604,-1785.7478,22.380333,1.2655393
2226,ok,1498.408,-1792.9163,21.9449,1.2650943
2227,ok,1484.8516,-1800.5206,21.51579,1.2647352
2228,ok,1470.8999,-1808.1584,21.06797,1.2645828
2229,ok,1457.0645,-1815.2638,20.625872,1.2640185
2230,ok,1442.6106,-1822.6019,20.18536,1.2637976
2231,ok,1428.4382,-1829.8333,19.735407,1.2633781
2232,ok,1414.4456,-1837.1672,19.296408,1.2629137
2233,ok,1399.2905,-1844.1345,18.850101,1.2627338
2234,ok,1386.0161,-1851.4058,18.406979,1.2620732
2235,ok,1370.6802,-1858.3046,17.960754,1.2619183
2236,ok,1355.8672,-1865.35,17.512173,1.2616012
2237,ok,1342.1301,-1872.3638,17.073177,1.2610677
2238,ok,1326.1067,-1878.3838,16.632185,1.2607172
2239,ok,1312.582,-1884.6376,16.186333,1.25986
2240,ok,1297.2346,-1891.3547,15.739853,1.2598932
2241,ok,1282.1006,-1896.6781,15.298885,1.2590132
2242,ok,1267.7583,-1902.6531,14.845847,1.2584062
2243,ok,1251.9182,-1908.3535,14.402192,1.2579634
2244,ok,1237.4097,-1913.8529,13.953003,1.2573762
2245,ok,1222.1255,-1919.4818,13.511965,1.2568287
2246,ok,1206.5598,-1925.228,13.058285,1.2564684
2247,ok,1192.185,-1930.8005,12.613203,1.25592
2248,ok,1176.4226,-1935.9226,12.172692,1.2553287
2249,ok,1161.2295,-1940.9735,11.731429,1.2545255
2250,ok,1145.8044,-1946.4965,11.29275,1.2541965
2251,ok,1130.2266,-1951.2537,10.857498,1.2534814
2252,ok,1115.4434,-1956.2919,10.417029,1.2528967
2253,ok,1098.8826,-1960.8276,9.976506,1.2522955
2254,ok,1084.4332,-1965.362,9.533073,1.2515204
2255,ok,1068.168,-1970.1514,9.098241,1.2510821
2256,ok,1052.8796,-1974.1263,8.661267,1.2502369
2257,ok,1037.2196,-1978.6729,8.220993,1.2498517
2258,ok,1021.64014,-1982.595,7.7845635,1.249077
2259,ok,1006.08655,-1986.1023,7.351155,1.2484168
2260,ok,990.7328,-1989.3953,6.9214296,1.2476262
2261,ok,975.1282,-1992.381,6.4911604,1.2467916
2262,ok,960.24097,-1995.412,6.0633717,1.2462271
2263,ok,944.876,-1998.0571,5.639864,1.2453926
2264,ok,929.9558,-2000.9047,5.2259607,1.2446685
2265,ok,914.5071,-2003.9619,4.8000317,1.2441695
2266,ok,899.6128,-2006.5746,4.382671,1.2435226
2267,ok,884.4603,-2008.8955,3.969187,1.2427648
2268,ok,869.66785,-2011.4557,3.5555704,1.2424026
2269,ok,855.0419,-2013.7666,3.1512923,1.2418938
2270,ok,840.15173,-2015.3208,2.7464628,1.2410972
2271,ok,825.92725,-2017.5028,2.3356113,1.2408074
2272,ok,810.999,-2018.7319,1.9379948,1.2399085
2273,ok,796.39,-2020.2787,1.5352288,1.2395391
2274,ok,781.7853,-2021.5991,1.1342305,1.2390331
2275,ok,767.90356,-2023.2817,0.7367344,1.2387328
2276,ok,753.2344,-2024.4706,0.34399217,1.2382377
2277,ok,738.8191,-2025.5413,-0.052661803,1.2378069
2278,ok,724.7572,-2027.074,-0.4482411,1.2375232
2279,ok,710.4249,-2027.4988,-0.84555155,1.2369059
2280,ok,695.6752,-2028.0186,-1.2406155,1.2362566
2281,ok,681.5217,-2028.5018,-1.6430128,1.2358999
2282,ok,667.2434,-2029.2795,-2.0470488,1.2356323
2283,ok,652.37134,-2029.2999,-2.4482865,1.2350581
2284,ok,638.63367,-2029.7616,-2.852613,1.2348334
2285,ok,623.7981,-2029.8636,-3.2522578,1.2343634
2286,ok,609.77747,-2029.9662,-3.6497736,1.2340593
2287,ok,594.6123,-2030.1193,-4.046922,1.2337207
2288,ok,581.44226,-2030.3141,-4.446083,1.2335534
2289,ok,567.7644,-2030.0707,-4.8417883,1.233132
2290,ok,552.9667,-2029.6624,-5.231882,1.2326746
2291,ok,539.38306,-2029.1241,-5.623757,1.2322936
2292,ok,524.84705,-2028.8026,-6.0159087,1.2319825
2293,ok,511.24817,-2028.2338,-6.4148717,1.231674
2294,ok,497.29602,-2027.6249,-6.807996,1.2313864
2295,ok,483.04138,-2027.2822,-7.2043114,1.2314407
2296,ok,470.09863,-2026.9846,-7.6012034,1.2314153
2297,ok,455.29358,-2030.8301,-7.984666,1.2311951
2298,ok,442.18213,-2035.1493,-8.382829,1.2313157
2299,ok,428.16016,-2030.0751,-8.780718,1.2312086
2300,ok,414.1277,-2024.0311,-9.172371,1.2310017
2301,ok,401.09802,-2022.8746,-9.572405,1.2309518
2302,ok,386.5188,-2021.7655,-9.959906,1.2308946
2303,ok,373.49573,-2020.2142,-10.3487625,1.2306073
2304,ok,359.21155,-2019.0209,-10.742417,1.2305658
2305,ok,345.07336,-2017.4414,-11.135234,1.2303462
2306,ok,331.604,-2015.6758,-11.530744,1.230207
2307,ok,317.25012,-2013.7114,-11.918899,1.2298294
2308,ok,303.83423,-2011.9281,-12.313979,1.2297709
2309,ok,289.52905,-2009.952,-12.703825,1.2295716
2310,ok,276.3141,-2007.9708,-13.102762,1.2295542
2311,ok,262.1621,-2006.177,-13.496091,1.229506
2312,ok,248.75916,-2003.8687,-13.895834,1.2293925
2313,ok,234.65466,-2000.9564,-14.282332,1.2288368
2314,ok,221.62915,-1998.4181,-14.681646,1.2288134
2315,ok,207.21338,-1995.2413,-15.071563,1.2282506
2316,ok,194.33325,-1992.6931,-15.466868,1.2282369
2317,ok,180.53369,-1989.8617,-15.856543,1.2279912
2318,ok,166.96753,-1987.1322,-16.240551,1.228024
2319,ok,154.521,-1984.239,-16.62708,1.2280139
2320,ok,140.49768,-1981.4631,-17.00779,1.2279449
2321,ok,128.26123,-1978.2334,-17.38507,1.2279991
2322,ok,114.672485,-1975.202,-17.76167,1.2278367
2323,ok,102.34277,-1972.1359,-18.142807,1.2279849
2324,ok,89.08154,-1968.4478,-18.519205,1.2277036
2325,ok,76.48193,-1965.1171,-18.893782,1.2278477
2326,ok,63.873596,-1961.5107,-19.269497,1.2277944
2327,ok,51.33197,-1957.5372,-19.632776,1.2276008
2328,ok,39.179626,-1953.6431,-19.997532,1.2276076
2329,ok,26.564758,-1949.7036,-20.36125,1.2275441
2330,ok,14.571045,-1945.7627,-20.721737,1.227597
2331,ok,2.5621338,-1941.5785,-21.086348,1.2275687
2332,ok,-9.850037,-1937.282,-21.441637,1.2274442
2333,ok,-21.22876,-1932.9509,-21.79741,1.227594
2334,ok,-33.792175,-1928.4664,-22.154408,1.2274072
2335,ok,-45.168518,-1924.0481,-22.508099,1.2275716
2336,ok,-57.188538,-1919.2744,-22.858252,1.227404
2337,ok,-69.29767,-1914.1464,-23.205837,1.2271358
2338,ok,-80.78583,-1909.2483,-23.559315,1.2272961
2339,ok,-92.76312,-1904.2216,-23.908655,1.2272431
2340,ok,-104.25922,-1899.2463,-24.263323,1.2274823
2341,ok,-116.44751,-1893.8655,-24.60886,1.2272215
2342,ok,-127.60712,-1888.6141,-24.955729,1.2273637
2343,ok,-139.42352,-1883.2527,-25.30445,1.2273115
2344,ok,-151.04181,-1877.1436,-25.643867,1.2269082
2345,ok,-162.09021,-1871.6907,-25.993704,1.227058
2346,ok,-174.2716,-1865.6254,-26.340233,1.2267019
2347,ok,-185.33417,-1859.7523,-26.681667,1.226678
2348,ok,-197.03265,-1853.6608,-27.028784,1.2264836
2349,ok,-208.39941,-1847.3248,-27.374228,1.2262108
2350,ok,-219.44513,-1840.7648,-27.713865,1.2260125
2351,ok,-230.91309,-1834.3424,-28.064077,1.2257531
2352,ok,-241.85425,-1827.5552,-28.4044,1.2255076
2353,ok,-253.23041,-1820.9736,-28.746565,1.2252586
2354,ok,-264.19592,-1814.2417,-29.086287,1.2251095
2355,ok,-275.55902,-1807.2495,-29.42,1.2246623
2356,ok,-286.2588,-1799.9232,-29.751965,1.2242987
2357,ok,-297.85797,-1792.6731,-30.09314,1.2239016
2358,ok,-308.8031,-1785.2333,-30.426285,1.2235608
2359,ok,-319.8872,-1777.6394,-30.763084,1.2231485
2360,ok,-330.9079,-1769.5605,-31.092392,1.2225454
2361,ok,-341.88965,-1762.5244,-31.427433,1.2219924
2362,ok,-353.0268,-1756.0315,-31.76411,1.2214977
2363,ok,-363.51154,-1749.229,-32.099213,1.2211488
2364,ok,-374.6656,-1739.2299,-32.43381,1.2206395
2365,ok,-385.24213,-1728.9741,-32.769764,1.2201989
2366,ok,-396.33966,-1719.6531,-33.099842,1.2192822
2367,ok,-406.80652,-1710.812,-33.429443,1.2186497
2368,ok,-418.37225,-1701.9376,-33.76114,1.2181246
2369,ok,-431.76343,-1692.6687,-34.096546,1.2170708
2370,ok,-443.83026,-1683.4806,-34.42299,1.2165245
2371,ok,-456.84814,-1674.1713,-34.753204,1.2157013
2372,ok,-467.95444,-1664.8755,-35.080673,1.2150804
2373,ok,-476.598,-1655.4788,-35.41162,1.2143042
2374,ok,-484.26483,-1645.9386,-35.74188,1.213697
2375,ok,-492.54202,-1636.3245,-36.081226,1.2129892
2376,ok,-500.78513,-1626.637,-36.41498,1.2123475
2377,ok,-510.72488,-1616.886,-36.746017,1.2119297
2378,ok,-521.37494,-1607.136,-37.08534,1.2112292
2379,ok,-531.232,-1596.9075,-37.410133,1.2104408
2380,ok,-541.3352,-1587.1051,-37.74468,1.2100626
2381,ok,-551.5871,-1576.9528,-38.076447,1.2093962
2382,ok,-561.53723,-1566.7942,-38.41053,1.2088715
2383,ok,-571.4437,-1556.5806,-38.747246,1.2083349
2384,ok,-581.2862,-1546.2635,-39.077656,1.2077788
2385,ok,-590.9512,-1535.9749,-39.410908,1.2074302
2386,ok,-601.00916,-1525.3207,-39.742916,1.2066507
2387,ok,-610.7122,-1514.758,-40.0832,1.2061191
2388,ok,-620.1467,-1503.8417,-40.413216,1.2056065
2389,ok,-629.693,-1493.0017,-40.745285,1.2050381
2390,ok,-639.66284,-1482.1947,-41.08831,1.2044994
2391,ok,-648.50903,-1471.3086,-41.417915,1.2041618
2392,ok,-658.4458,-1460.4247,-41.761433,1.2036607
2393,ok,-667.2591,-1449.3081,-42.089222,1.203279
2394,ok,-676.7506,-1437.9576,-42.42402,1.2026101
2395,ok,-685.7527,-1426.6024,-42.74512,1.2020866
2396,ok,-694.51013,-1415.2587,-43.06184,1.2014655
2397,ok,-703.2083,-1403.7296,-43.379738,1.2009057
2398,ok,-711.9828,-1392.3945,-43.69434,1.2003386
2399,ok,-719.958,-1380.7769,-43.990444,1.1997406
2400,ok,-728.72534,-1369.4652,-44.3108,1.1990961
2401,ok,-736.2871,-1357.7947,-44.592735,1.1984364
2402,ok,-743.85693,-1346.2646,-44.881786,1.1978331
2403,ok,-751.94885,-1334.7616,-45.176586,1.1968061
2404,ok,-758.64496,-1323.2048,-45.444897,1.19639
2405,ok,-766.08124,-1311.9175,-45.71668,1.1957192
2406,ok,-773.22015,-1300.3538,-45.98196,1.1947627
2407,ok,-779.49243,-1288.999,-46.234615,1.1943371
2408,ok,-786.81116,-1277.6711,-46.50492,1.1934867
2409,ok,-793.11346,-1266.2815,-46.752205,1.1928813
2410,ok,-799.5259,-1254.8105,-46.99583,1.1921701
2411,ok,-806.3145,-1243.5217,-47.254055,1.1914783
2412,ok,-812.3444,-1231.9188,-47.49985,1.1908375
2413,ok,-818.755,-1220.6184,-47.748203,1.1902875
2414,ok,-825.04236,-1209.1206,-47.998432,1.1894498
2415,ok,-831.0112,-1197.4465,-48.240788,1.1888051
2416,ok,-837.2517,-1186.0087,-48.49551,1.1881045
2417,ok,-842.9581,-1174.2435,-48.728848,1.1874831
2418,ok,-849.2777,-1162.5269,-48.985825,1.1867127
2419,ok,-855.2312,-1150.7632,-49.230583,1.1860083
2420,ok,-861.0984,-1138.9948,-49.47877,1.1854705
2421,ok,-867.2737,-1127.1277,-49.731537,1.1847427
2422,ok,-872.9462,-1115.2236,-49.978516,1.1841397
2423,ok,-878.8592,-1103.1821,-50.22554,1.1833582
2424,ok,-884.7882,-1091.1594,-50.4792,1.1826202
2425,ok,-890.43286,-1079.1764,-50.73094,1.1821123
2426,ok,-896.1733,-1067.0121,-50.98202,1.1813474
2427,ok,-901.75415,-1055.0,-51.22616,1.1808492
2428,ok,-907.6255,-1042.8778,-51.48375,1.180089
2429,ok,-912.8929,-1030.747,-51.73034,1.1796082
2430,ok,-918.58075,-1018.4651,-51.989323,1.1788865
2431,ok,-924.0101,-1006.05786,-52.23977,1.1782043
2432,ok,-929.4352,-993.79877,-52.489815,1.1776175
2433,ok,-934.9285,-981.43463,-52.757206,1.1771207
2434,ok,-940.1333,-968.8471,-53.006634,1.1764226
2435,ok,-945.54175,-956.478,-53.270283,1.1760863
2436,ok,-950.9849,-944.01526,-53.528454,1.1754885
2437,ok,-956.1463,-931.31366,-53.78072,1.1749036
2438,ok,-961.3928,-918.838,-54.037174,1.1744022
2439,ok,-966.67676,-906.2247,-54.30109,1.1737666
2440,ok,-971.5048,-893.5226,-54.547676,1.1733338
2441,ok,-976.5781,-880.81354,-54.802612,1.1726983
2442,ok,-981.55164,-868.02136,-55.06491,1.1720432
2443,ok,-986.0845,-855.2137,-55.297543,1.1715274
2444,ok,-991.25104,-842.53687,-55.561153,1.1708218
2445,ok,-995.74915,-829.6604,-55.806347,1.1702255
2446,ok,-1000.3698,-816.9989,-56.058456,1.1698605
2447,ok,-1004.8548,-804.1047,-56.29666,1.1691092
2448,ok,-1009.2292,-791.4208,-56.533142,1.1685333
2449,ok,-1013.1071,-778.72235,-56.752903,1.1679504
2450,ok,-1017.3783,-766.03687,-56.987865,1.1671036
2451,ok,-1021.19147,-753.52423,-57.205013,1.1667285
2452,ok,-1025.1729,-740.8506,-57.42674,1.1658629
2453,ok,-1028.8512,-728.274,-57.63727,1.1653363
2454,ok,-1032.6102,-715.7487,-57.855675,1.16474
2455,ok,-1036.1342,-703.0621,-58.056892,1.1639979
2456,ok,-1039.7156,-690.4876,-58.269463,1.1634256
2457,ok,-1043.1141,-677.92194,-58.46981,1.1628829
2458,ok,-1046.7786,-665.2225,-58.679783,1.1622379
2459,ok,-1050.0736,-652.553,-58.88618,1.161606
2460,ok,-1053.4286,-639.7806,-59.09911,1.1608441
2461,ok,-1056.5918,-627.16394,-59.29692,1.1603009
2462,ok,-1059.8829,-614.5588,-59.506123,1.1596352
2463,ok,-1062.9023,-601.9494,-59.71007,1.1589772
2464,ok,-1065.963,-589.4187,-59.913925,1.1585063
2465,ok,-1069.0841,-576.9311,-60.132114,1.1576806
2466,ok,-1071.6707,-564.6559,-60.32063,1.1574321
2467,ok,-1074.7914,-552.34973,-60.540764,1.1565368
2468,ok,-1077.219,-540.1705,-60.714943,1.156163
2469,ok,-1080.0702,-528.1377,-60.925373,1.1555989
2470,ok,-1082.3895,-515.9942,-61.10226,1.1550481
2471,ok,-1084.937,-504.06567,-61.295116,1.1544933
2472,ok,-1087.3085,-492.03296,-61.48262,1.1538718
2473,ok,-1089.6613,-480.14572,-61.669712,1.1533859
2474,ok,-1092.0107,-468.15363,-61.847504,1.1527607
2475,ok,-1094.2477,-456.2888,-62.03513,1.1521771
2476,ok,-1096.4082,-444.39093,-62.2242,1.1515509
2477,ok,-1098.388,-432.55347,-62.39736,1.1509771
2478,ok,-1100.4927,-420.91092,-62.578346,1.1503917
2479,ok,-1102.5555,-409.37817,-62.76599,1.14979
2480,ok,-1104.3402,-397.9386,-62.92825,1.1493556
2481,ok,-1106.3507,-386.61444,-63.102283,1.1487077
2482,ok,-1107.9218,-375.52173,-63.247753,1.1482633
2483,ok,-1109.7656,-364.5528,-63.39736,1.1478014
2484,ok,-1111.1729,-353.70483,-63.529285,1.1472195
2485,ok,-1112.5526,-342.9425,-63.65307,1.1466949
2486,ok,-1113.9512,-332.44492,-63.78593,1.1460721
2487,ok,-1115.0938,-321.88074,-63.8965,1.1455853
2488,ok,-1116.3855,-311.52667,-64.01421,1.145194
2489,ok,-1117.6217,-301.05444,-64.143,1.1444105
2490,ok,-1118.6025,-290.78036,-64.235535,1.144244
2491,ok,-1119.9542,-280.42743,-64.376366,1.1434976
2492,ok,-1120.7451,-270.20383,-64.46998,1.1431195
2493,ok,-1121.8845,-260.06903,-64.58099,1.1426643
2494,ok,-1122.9043,-250.0261,-64.69362,1.1421099
2495,ok,-1123.7172,-240.08707,-64.771126,1.1417893
2496,ok,-1124.6082,-230.33655,-64.871445,1.1412225
2497,ok,-1125.3867,-220.76666,-64.95241,1.1407435
2498,ok,-1126.0474,-211.32727,-65.02483,1.1402551
2499,ok,-1126.8392,-202.05264,-65.10126,1.1397431
2500,ok,-1127.4194,-192.95114,-65.15087,1.1394198
2501,ok,-1127.9601,-183.98035,-65.2303,1.1387618
2502,ok,-1128.4825,-175.13864,-65.259514,1.1385882
2503,ok,-1129.1042,-166.36041,-65.327126,1.1380684
2504,ok,-1129.6029,-157.67758,-65.36516,1.1377131
2505,ok,-1130.0363,-149.01907,-65.41181,1.1372666
2506,ok,-1130.6067,-140.49387,-65.448555,1.1371057
2507,ok,-1131.0398,-131.92172,-65.49647,1.1366655
2508,ok,-1131.4458,-123.390594,-65.53411,1.1362846
2509,ok,-1131.8618,-115.023224,-65.57022,1.135998
2510,ok,-1132.2823,-106.68945,-65.62823,1.135538
2511,ok,-1132.6528,-98.39697,-65.65382,1.1353968
2512,ok,-1133.0618,-90.07541,-65.72118,1.1347989
2513,ok,-1133.4768,-81.84186,-65.74406,1.1347824
2514,ok,-1134.0907,-73.56738,-65.81462,1.1344697
2515,ok,-1134.391,-65.34274,-65.83995,1.13425
2516,ok,-1134.8215,-57.163055,-65.90394,1.1338452
2517,ok,-1135.1621,-48.99878,-65.931206,1.1337204
2518,ok,-1135.5385,-40.881104,-65.98601,1.1333222
2519,ok,-1135.9182,-32.862305,-66.027664,1.1331685
2520,ok,-1136.3757,-24.718262,-66.06446,1.1330532
2521,ok,-1136.6459,-16.74237,-66.12729,1.132613
2522,ok,-1137.0145,-8.715332,-66.163536,1.1326573
2523,ok,-1137.2402,-0.7803345,-66.21235,1.1322598
2524,ok,-1137.5641,7.169922,-66.26376,1.1321017
2525,ok,-1137.8024,15.04834,-66.298706,1.1319793
2526,ok,-1138.1588,22.902405,-66.34691,1.1317613
2527,ok,-1138.3676,30.70404,-66.39187,1.1315987
2528,ok,-1138.6865,38.51837,-66.43201,1.1313971
2529,ok,-1138.8733,46.248596,-66.48529,1.1312023
2530,ok,-1139.14,54.01013,-66.528114,1.1311603
2531,ok,-1139.3926,61.69336,-66.57634,1.1309234
2532,ok,-1139.6113,69.37933,-66.62774,1.1308066
2533,ok,-1139.8165,77.00836,-66.674095,1.1306692
2534,ok,-1140.031,84.78143,-66.72041,1.1306165
2535,ok,-1140.1556,92.49017,-66.790146,1.130343
2536,ok,-1140.3628,100.211,-66.83305,1.1303424
2537,ok,-1140.467,107.97937,-66.90564,1.1301303
2538,ok,-1140.567,115.73047,-66.95868,1.1300695
2539,ok,-1140.6393,123.51776,-67.02136,1.1299337
2540,ok,-1140.8218,131.27747,-67.094,1.1296701
2541,ok,-1140.8875,139.08911,-67.14885,1.1297536
2542,ok,-1140.7654,146.90869,-67.23978,1.1294322
2543,ok,-1140.8857,154.7713,-67.28594,1.1295942
2544,ok,-1140.8282,162.60754,-67.37069,1.1293389
2545,ok,-1140.9443,170.52338,-67.44433,1.1294059
2546,ok,-1140.8466,178.34973,-67.51758,1.1292281
2547,ok,-1140.7263,186.17944,-67.605606,1.1289489
2548,ok,-1140.7429,194.03223,-67.67442,1.1290174
2549,ok,-1140.5779,201.88043,-67.76739,1.1287446
2550,ok,-1140.4568,209.70197,-67.8353,1.1287029
2551,ok,-1140.2714,217.56152,-67.91837,1.1285892
2552,ok,-1140.1112,225.34485,-67.99929,1.1285062
2553,ok,-1139.8358,233.14905,-68.08236,1.1283091
2554,ok,-1139.7616,240.93591,-68.15939,1.1283334
2555,ok,-1139.4113,248.62006,-68.25176,1.1280755
2556,ok,-1139.1692,256.33258,-68.32292,1.1280254
2557,ok,-1138.9303,263.9452,-68.40411,1.1278969
2558,ok,-1138.5474,271.52637,-68.48782,1.127691
2559,ok,-1138.3558,279.07104,-68.546196,1.1278082
2560,ok,-1138.0159,286.56622,-68.63974,1.1274247
2561,ok,-1137.8645,294.09326,-68.699646,1.1276878
2562,ok,-1137.6082,301.46936,-68.77414,1.1275462
2563,ok,-1137.2162,308.84155,-68.8564,1.1274143
2564,ok,-1136.9536,316.1385,-68.914764,1.1274145
2565,ok,-1136.5831,323.44745,-69.00567,1.1273006
2566,ok,-1136.3234,330.76172,-69.062744,1.1273482
2567,ok,-1135.9719,338.01923,-69.13626,1.1272478
2568,ok,-1135.6063,345.26276,-69.208595,1.1271408
2569,ok,-1135.3693,352.44318,-69.268745,1.1271564
2570,ok,-1134.883,359.65808,-69.356064,1.1270368
2571,ok,-1134.7322,366.8651,-69.40585,1.1272402
2572,ok,-1134.2134,373.98114,-69.48261,1.1270996
2573,ok,-1133.8918,381.1895,-69.55626,1.127169
2574,ok,-1133.4268,388.2459,-69.62415,1.1270224
2575,ok,-1133.1393,395.42578,-69.68966,1.1272073
2576,ok,-1132.6438,402.44714,-69.772736,1.1268953
2577,ok,-1132.3906,409.63068,-69.82902,1.1272254
2578,ok,-1132.0099,416.6225,-69.89697,1.1270577
2579,ok,-1131.4701,423.70044,-69.97694,1.1270967
2580,ok,-1131.3126,430.76715,-70.02145,1.1272962
2581,ok,-1130.6168,437.84155,-70.117775,1.127131
2582,ok,-1130.42,444.92383,-70.16371,1.1273556
2583,ok,-1129.858,451.87354,-70.24186,1.1272173
2584,ok,-1129.3418,459.0039,-70.31605,1.1273929
2585,ok,-1129.0103,466.0558,-70.37324,1.1274421
2586,ok,-1128.3605,473.13635,-70.458916,1.1275051
2587,ok,-1127.9868,480.27698,-70.51412,1.1277248
2588,ok,-1127.542,487.2589,-70.587845,1.1277943
2589,ok,-1127.0735,494.3246,-70.659256,1.1279372
2590,ok,-1126.6981,501.36646,-70.71947,1.1281692
2591,ok,-1126.0731,508.32263,-70.80236,1.1281071
2592,ok,-1125.5988,515.32227,-70.85708,1.1283832
2593,ok,-1125.1304,522.31726,-70.92763,1.1285206
2594,ok,-1124.4677,529.2217,-71.002335,1.1286192
2595,ok,-1124.0168,536.0499,-71.05551,1.128698
2596,ok,-1123.4282,543.0596,-71.1371,1.1289604
2597,ok,-1122.995,549.8944,-71.199135,1.1290768
2598,ok,-1122.433,556.7269,-71.27257,1.1292065
2599,ok,-1121.7623,563.50146,-71.34807,1.1292257
2600,ok,-1121.2811,570.3262,-71.412964,1.1292946
2601,ok,-1120.6038,577.1034,-71.49279,1.1294491
2602,ok,-1119.9865,583.77563,-71.55359,1.1295279
2603,ok,-1119.41,590.6028,-71.62727,1.1296427
2604,ok,-1118.5771,597.2322,-71.71183,1.1295341
2605,ok,-1117.9268,603.911,-71.771324,1.1296805
2606,ok,-1117.2407,610.57446,-71.85397,1.129586
2607,ok,-1116.6403,617.27625,-71.91751,1.1298851
2608,ok,-1115.8033,623.8523,-71.99676,1.1297189
2609,ok,-1115.1216,630.41125,-72.057976,1.1298894
2610,ok,-1114.4773,636.8605,-72.117935,1.1298382
2611,ok,-1113.5768,643.3805,-72.19789,1.1298141
2612,ok,-1113.2094,649.8314,-72.246574,1.130005
2613,ok,-1112.1716,656.2167,-72.32903,1.1297958
2614,ok,-1111.6176,662.7024,-72.3877,1.1299453
2615,ok,-1110.8431,669.15857,-72.455124,1.1300465
2616,ok,-1110.0366,675.6448,-72.52719,1.1300511
2617,ok,-1109.3496,682.0819,-72.58998,1.1301663
2618,ok,-1108.2524,688.423,-72.6678,1.1300071
2619,ok,-1107.6174,694.98413,-72.72846,1.1302686
2620,ok,-1106.7341,701.2981,-72.79445,1.1301906
2621,ok,-1105.9342,707.82434,-72.86578,1.1304151
2622,ok,-1105.4517,714.14404,-72.91173,1.1305842
2623,ok,-1104.2715,720.52795,-73.00091,1.1304356
2624,ok,-1103.8594,726.9552,-73.04421,1.1307988
2625,ok,-1102.7991,733.1979,-73.12573,1.1305993
2626,ok,-1101.9409,739.5752,-73.19129,1.1307892
2627,ok,-1101.371,745.9093,-73.23873,1.1309134
2628,ok,-1100.2577,752.1658,-73.325584,1.1308726
2629,ok,-1099.6006,758.48413,-73.375046,1.1311082
2630,ok,-1098.8481,764.8191,-73.4411,1.1312444
2631,ok,-1097.7705,771.07715,-73.5123,1.1313443
2632,ok,-1097.2212,777.5011,-73.56163,1.1317017
2633,ok,-1096.3213,783.76965,-73.628075,1.1317163
2634,ok,-1095.6694,790.1422,-73.68636,1.131974
2635,ok,-1094.7567,796.3452,-73.75117,1.1319649
2636,ok,-1093.9896,802.73096,-73.81113,1.1321822
2637,ok,-1093.3046,808.885,-73.86571,1.1323133
2638,ok,-1092.2253,815.182,-73.94498,1.1323211
2639,ok,-1091.9543,821.60376,-73.97754,1.1329643
2640,ok,-1090.835,827.84875,-74.063354,1.1329494
2641,ok,-1090.3312,834.296,-74.109344,1.1335025
2642,ok,-1089.5474,840.4181,-74.17025,1.1334151
2643,ok,-1088.7832,846.7196,-74.23765,1.133808
2644,ok,-1088.2668,852.8248,-74.281746,1.1339197
2645,ok,-1087.2393,859.01855,-74.364174,1.1341147
2646,ok,-1086.892,865.03796,-74.396904,1.1344342
2647,ok,-1085.9856,871.10046,-74.46913,1.134506
2648,ok,-1085.387,877.0492,-74.51498,1.134776
2649,ok,-1084.8341,883.0724,-74.56583,1.1349103
2650,ok,-1083.9066,889.02026,-74.63262,1.1351093
2651,ok,-1083.3978,895.05493,-74.67648,1.1352911
2652,ok,-1082.6157,900.92615,-74.73256,1.1355098
2653,ok,-1081.8494,906.93933,-74.790955,1.1356728
2654,ok,-1081.3589,912.8937,-74.83152,1.1360376
2655,ok,-1080.7814,918.67834,-74.895874,1.1360314
2656,ok,-1080.3984,924.62964,-74.94799,1.1362915
2657,ok,-1080.1199,930.5486,-74.99662,1.1364219
2658,ok,-1079.6525,936.4573,-75.058205,1.136641
2659,ok,-1079.3174,942.3677,-75.10599,1.1368281
2660,ok,-1078.9807,948.1427,-75.15684,1.1369404
2661,ok,-1078.5497,954.00964,-75.21277,1.1371936
2662,ok,-1078.3433,959.8352,-75.24773,1.1373717
2663,ok,-1077.8774,965.47485,-75.31224,1.1373684
2664,ok,-1077.5742,971.18494,-75.351845,1.137632
2665,ok,-1077.322,976.8218,-75.3924,1.1377258
2666,ok,-1076.9016,982.42017,-75.44054,1.1379715
2667,ok,-1076.7656,987.9514,-75.465645,1.1381196
2668,ok,-1076.323,993.3865,-75.517975,1.1382074
2669,ok,-1076.2942,998.78894,-75.52474,1.1385875
2670,ok,-1075.9926,1004.0067,-75.562935,1.1386718
2671,ok,-1075.9172,1009.1283,-75.57419,1.1389431
2672,ok,-1075.7006,1014.2086,-75.59593,1.1390235
2673,ok,-1075.6012,1019.3179,-75.614624,1.1393429
2674,ok,-1075.406,1024.3403,-75.63037,1.1395032
2675,ok,-1075.346,1029.3899,-75.64148,1.1397051
2676,ok,-1075.1221,1034.4928,-75.66594,1.1399485
2677,ok,-1075.1367,1039.4032,-75.66153,1.1401259
2678,ok,-1074.7549,1044.3829,-75.69506,1.1401924
2679,ok,-1074.7642,1049.3345,-75.6912,1.1405509
2680,ok,-1074.5369,1054.1459,-75.71127,1.1405183
2681,ok,-1074.3466,1059.0651,-75.72799,1.1407963
2682,ok,-1074.3267,1063.8875,-75.72967,1.140876
2683,ok,-1074.1445,1068.853,-75.75028,1.1411685
2684,ok,-1074.0884,1073.6124,-75.75122,1.1412619
2685,ok,-1073.9808,1078.4525,-75.76022,1.1415917
2686,ok,-1073.7465,1083.1537,-75.775185,1.1416723
2687,ok,-1073.6735,1087.9668,-75.77719,1.1419442
2688,ok,-1073.4414,1092.5653,-75.78742,1.141982
2689,ok,-1073.4819,1097.1918,-75.7819,1.1422604
2690,ok,-1073.3635,1101.7358,-75.78727,1.1423756
2691,ok,-1073.3857,1106.3546,-75.780266,1.1427422
2692,ok,-1073.3555,1110.5537,-75.77941,1.1425551
2693,ok,-1073.3456,1115.1066,-75.7791,1.1428702
2694,ok,-1073.425,1119.5299,-75.76968,1.1430854
2695,ok,-1073.3657,1123.9343,-75.77371,1.1432098
2696,ok,-1073.5618,1128.2365,-75.75316,1.1434586
2697,ok,-1073.3787,1132.351,-75.76137,1.1433415
2698,ok,-1073.4683,1136.6422,-75.75639,1.1434839
2699,ok,-1073.4407,1140.3431,-75.75471,1.1430491
2700,ok,-1073.6826,1144.1769,-75.73779,1.1430643
2701,ok,-1073.4866,1148.0573,-75.749374,1.1427221
2702,ok,-1073.8422,1151.9961,-75.72192,1.1429055
2703,ok,-1073.7214,1155.9792,-75.73285,1.1426358
2704,ok,-1073.8556,1160.2034,-75.72018,1.1429383
2705,ok,-1073.8625,1164.3004,-75.71637,1.1428795
2706,ok,-1074.0074,1168.5728,-75.6999,1.1431937
2707,ok,-1073.8821,1172.5674,-75.7036,1.1431321
2708,ok,-1074.0454,1176.7269,-75.68598,1.1432557
2709,ok,-1073.8462,1180.7961,-75.69367,1.1432229
2710,ok,-1073.9314,1184.9788,-75.67753,1.143363
2711,ok,-1073.7827,1189.1017,-75.67799,1.1434375
2712,ok,-1073.7054,1193.273,-75.67373,1.1434617
2713,ok,-1073.6946,1197.4713,-75.66296,1.1436074
2714,ok,-1073.4629,1201.7617,-75.66706,1.1438384
2715,ok,-1073.5787,1205.8112,-75.64404,1.1437317
2716,ok,-1073.321,1210.0183,-75.64738,1.143881
2717,ok,-1073.2573,1214.0438,-75.63851,1.1437877
2718,ok,-1073.1674,1218.1045,-75.62608,1.143889
2719,ok,-1072.9263,1222.0455,-75.62938,1.1437109
2720,ok,-1072.8347,1226.0804,-75.61632,1.1437815
2721,ok,-1072.8209,1230.1492,-75.60993,1.1438079
2722,ok,-1072.6914,1234.2178,-75.60004,1.1439745
2723,ok,-1072.6687,1238.2833,-75.59082,1.1439297
2724,ok,-1072.4951,1242.4056,-75.58797,1.1441802
2725,ok,-1072.343,1246.381,-75.58118,1.1440562
2726,ok,-1072.1636,1250.1837,-75.577225,1.1439189
2727,ok,-1072.1324,1254.2958,-75.564835,1.1440696
2728,ok,-1072.0952,1258.4026,-75.554375,1.1442229
2729,ok,-1071.7673,1262.2272,-75.56015,1.14396
2730,ok,-1071.9816,1266.2971,-75.5328,1.1442394
2731,ok,-1071.5676,1270.2505,-75.54456,1.1440805
2732,ok,-1071.6746,1274.1161,-75.522705,1.1440444
2733,ok,-1071.5122,1278.1304,-75.52665,1.1440392
2734,ok,-1071.2837,1281.7593,-75.520996,1.1436989
2735,ok,-1071.3083,1285.79,-75.51523,1.1438005
2736,ok,-1071.0735,1289.5094,-75.51494,1.1434805
2737,ok,-1071.2578,1293.6652,-75.49171,1.1438714
2738,ok,-1070.9019,1297.6804,-75.504196,1.143667
2739,ok,-1070.9551,1301.7407,-75.48408,1.1438265
2740,ok,-1070.7216,1305.5437,-75.489685,1.1434078
2741,ok,-1070.6539,1309.9464,-75.48033,1.1438824
2742,ok,-1070.5518,1313.8575,-75.47458,1.1435881
2743,ok,-1070.6498,1318.0865,-75.46133,1.143953
2744,ok,-1070.36,1322.205,-75.46829,1.1436862
2745,ok,-1070.2136,1326.482,-75.45959,1.14402
2746,ok,-1070.1859,1330.3611,-75.453255,1.1436341
2747,ok,-1070.0461,1334.8057,-75.4496,1.1439015
2748,ok,-1069.9146,1338.7906,-75.44737,1.1436292
2749,ok,-1070.0385,1343.5061,-75.431206,1.1441609
2750,ok,-1069.5627,1347.617,-75.44646,1.1438799
2751,ok,-1069.812,1352.2848,-75.4195,1.1444473
2752,ok,-1069.4313,1356.3547,-75.43029,1.1440444
2753,ok,-1069.4886,1360.996,-75.41605,1.1444817
2754,ok,-1069.3119,1365.1077,-75.41657,1.1440766
2755,ok,-1069.1956,1369.6167,-75.41061,1.1443939
2756,ok,-1069.2229,1373.8799,-75.399635,1.1442025
2757,ok,-1068.7533,1378.243,-75.41128,1.1441319
2758,ok,-1069.0195,1382.7677,-75.380486,1.1444157
2759,ok,-1068.5544,1387.174,-75.39434,1.1442565
2760,ok,-1068.5894,1391.6647,-75.3762,1.1443712
2761,ok,-1068.5361,1396.0625,-75.3698,1.1443162
2762,ok,-1068.231,1400.6246,-75.37229,1.1443537
2763,ok,-1068.4352,1405.2017,-75.35281,1.1443834
2764,ok,-1068.068,1410.0,-75.363335,1.1446251
2765,ok,-1068.0964,1414.6107,-75.34885,1.1446981
2766,ok,-1067.7258,1419.138,-75.35459,1.1445255
2767,ok,-1067.5654,1423.6172,-75.34819,1.144376
2768,ok,-1067.4647,1428.3921,-75.33967,1.1446211
2769,ok,-1067.3226,1432.9858,-75.33018,1.1446177
2770,ok,-1066.9446,1437.7184,-75.33715,1.1446973
2771,ok,-1067.1069,1442.4738,-75.31554,1.1448597
2772,ok,-1066.7386,1447.0776,-75.32299,1.144702
2773,ok,-1066.758,1451.8086,-75.30611,1.1447992
2774,ok,-1066.6998,1456.7485,-75.30006,1.1449698
2775,ok,-1066.1643,1461.5114,-75.30879,1.1448495
2776,ok,-1066.2825,1466.502,-75.28989,1.1453159
2777,ok,-1065.9803,1471.3232,-75.29274,1.1451874
2778,ok,-1065.6112,1476.313,-75.29743,1.1454897
2779,ok,-1065.8821,1481.379,-75.27271,1.1457052
2780,ok,-1065.3875,1486.1691,-75.28592,1.1455766
2781,ok,-1065.4182,1491.3033,-75.271904,1.145972
2782,ok,-1065.3629,1496.1401,-75.26427,1.1458911
2783,ok,-1064.8944,1501.0808,-75.27327,1.1458677
2784,ok,-1065.1377,1506.1337,-75.2524,1.1460494
2785,ok,-1064.8445,1511.2466,-75.25837,1.1461682
2786,ok,-1064.8623,1516.4082,-75.2446,1.1464401
2787,ok,-1064.4653,1521.3186,-75.25078,1.1463357
2788,ok,-1064.6062,1526.5107,-75.23564,1.1466314
2789,ok,-1064.385,1531.6421,-75.23772,1.1466683
2790,ok,-1064.1907,1536.8013,-75.23667,1.1468606
2791,ok,-1064.4546,1541.7068,-75.21974,1.146815
2792,ok,-1064.154,1547.063,-75.22613,1.1471196
2793,ok,-1064.1661,1552.1221,-75.2195,1.1471887
2794,ok,-1064.1887,1557.1843,-75.20969,1.1472267
2795,ok,-1063.7981,1562.4197,-75.21777,1.147353
2796,ok,-1063.9061,1567.6233,-75.206085,1.147396
2797,ok,-1063.6875,1573.0681,-75.212296,1.1477153
2798,ok,-1063.5256,1578.5117,-75.21075,1.1479747
2799,ok,-1063.9241,1583.9636,-75.19486,1.1483442
2800,ok,-1063.5713,1589.2598,-75.1993,1.1484559
2801,ok,-1063.7378,1594.626,-75.191536,1.148579
2802,ok,-1063.4148,1599.8655,-75.193504,1.1486545
2803,ok,-1063.7211,1605.4255,-75.17883,1.1489911
2804,ok,-1063.3225,1610.7415,-75.182915,1.149049
2805,ok,-1063.2358,1616.2817,-75.17929,1.1493586
2806,ok,-1063.2004,1621.8157,-75.17591,1.1496038
2807,ok,-1063.2032,1627.2407,-75.16781,1.1498742
2808,ok,-1063.2285,1632.8667,-75.16222,1.1503483
2809,ok,-1063.1179,1638.0659,-75.15488,1.1503268
2810,ok,-1063.1398,1643.7119,-75.149216,1.1507409
2811,ok,-1062.7018,1648.8882,-75.15257,1.1505942
2812,ok,-1063.0742,1654.6987,-75.13666,1.1512549
2813,ok,-1062.6882,1659.7764,-75.13783,1.1510112
2814,ok,-1062.5927,1665.4104,-75.13452,1.1514052
2815,ok,-1062.4674,1670.8186,-75.1322,1.1516398
2816,ok,-1062.8975,1676.3992,-75.11117,1.1520932
2817,ok,-1062.081,1681.8918,-75.12726,1.152237
2818,ok,-1062.868,1687.6418,-75.09749,1.1529344
2819,ok,-1062.2198,1692.7051,-75.10458,1.1526641
2820,ok,-1062.2251,1698.394,-75.10062,1.1530919
2821,ok,-1062.4637,1703.6318,-75.08274,1.1532586
2822,ok,-1062.19,1709.1733,-75.08641,1.1534333
2823,ok,-1062.4374,1714.6438,-75.0712,1.1538157
2824,ok,-1062.2793,1720.2659,-75.070465,1.1541859
2825,ok,-1062.2003,1725.8108,-75.066956,1.154503
2826,ok,-1062.3699,1731.2563,-75.05377,1.1547533
2827,ok,-1062.2614,1736.7466,-75.05453,1.1549109
2828,ok,-1062.2009,1742.571,-75.05338,1.1554503
2829,ok,-1062.7185,1748.3235,-75.035385,1.1559844
2830,ok,-1062.2659,1753.8806,-75.043274,1.1561567
2831,ok,-1062.4647,1759.6565,-75.0336,1.1567092
2832,ok,-1062.6096,1765.3215,-75.02472,1.1569594
2833,ok,-1062.203,1770.9553,-75.03336,1.1572791
2834,ok,-1062.5491,1776.638,-75.0166,1.1576577
2835,ok,-1062.5236,1782.4285,-75.01392,1.158107
2836,ok,-1062.4976,1787.9753,-75.00656,1.1583339
2837,ok,-1063.0505,1794.1384,-74.99139,1.1591136
2838,ok,-1062.1979,1799.5203,-75.00767,1.1589825
2839,ok,-1063.1145,1805.406,-74.97915,1.1596047
2840,ok,-1062.6521,1811.1016,-74.98565,1.1598197
2841,ok,-1063.1931,1817.1228,-74.96642,1.1604071
2842,ok,-1062.9291,1822.8833,-74.96712,1.1606358
2843,ok,-1063.3618,1828.9316,-74.95109,1.1612413
2844,ok,-1062.9578,1834.6414,-74.953865,1.1614006
2845,ok,-1063.6624,1841.1895,-74.93406,1.162424
2846,ok,-1063.316,1847.033,-74.93652,1.1626354
2847,ok,-1063.7557,1853.4473,-74.92213,1.1635029
2848,ok,-1064.0164,1859.5457,-74.91005,1.1639661
2849,ok,-1063.8036,1865.7129,-74.912415,1.164479
2850,ok,-1064.1632,1871.7664,-74.897964,1.1649629
2851,ok,-1064.2976,1877.969,-74.888466,1.1655562
2852,ok,-1064.3447,1884.4141,-74.88499,1.166291
2853,ok,-1064.807,1890.6357,-74.866394,1.1668713
2854,ok,-1064.166,1896.5432,-74.876495,1.1671216
2855,ok,-1064.9707,1903.1052,-74.84967,1.1679398
2856,ok,-1064.6611,1909.0088,-74.85358,1.1682041
2857,ok,-1064.9944,1915.4265,-74.83984,1.1689426
2858,ok,-1065.2413,1921.6763,-74.82942,1.1694555
2859,ok,-1064.521,1927.3618,-74.838486,1.1692383
2860,ok,-1065.3048,1934.0278,-74.81657,1.17024
2861,ok,-1065.1522,1939.9224,-74.81069,1.1703106
2862,ok,-1065.0725,1946.6055,-74.81209,1.1711073
2863,ok,-1065.2816,1952.4209,-74.79578,1.1711878
2864,ok,-1065.1091,1958.8823,-74.79819,1.171612
2865,ok,-1064.9938,1964.9905,-74.79277,1.1719787
2866,ok,-1065.6067,1971.383,-74.77215,1.1725792
2867,ok,-1065.1229,1977.3853,-74.776566,1.1726735
2868,ok,-1065.6272,1984.1521,-74.76072,1.1735588
2869,ok,-1065.7551,1990.053,-74.75084,1.173571
2870,ok,-1065.5831,1996.5408,-74.750694,1.1741209
2871,ok,-1066.0675,2002.7383,-74.73254,1.1745362
2872,ok,-1066.1547,2009.3523,-74.727295,1.1751375
2873,ok,-1065.7521,2015.3452,-74.728935,1.1751714
2874,ok,-1066.7177,2022.2454,-74.70317,1.1762321
2875,ok,-1066.3046,2028.6711,-74.7097,1.1765953
2876,ok,-1066.5653,2035.2295,-74.696526,1.1773806
2877,ok,-1067.3463,2041.5708,-74.67249,1.1778955
2878,ok,-1066.7358,2048.1748,-74.68543,1.1783643
2879,ok,-1067.6852,2054.847,-74.65918,1.1793122
2880,ok,-1067.7979,2061.4702,-74.650986,1.1799029
2881,ok,-1067.6312,2067.8499,-74.65213,1.1803192
2882,ok,-1068.1782,2074.6843,-74.63439,1.1813058
2883,ok,-1068.2344,2080.8352,-74.62589,1.1814983
2884,ok,-1068.3794,2087.6785,-74.61985,1.1824846
2885,ok,-1069.2477,2094.1924,-74.59369,1.1831601
2886,ok,-1068.6813,2100.6384,-74.60128,1.1835675
2887,ok,-1069.4135,2107.262,-74.58164,1.1842365
2888,ok,-1069.5249,2113.6074,-74.572556,1.1846834
2889,ok,-1069.7479,2120.4211,-74.56575,1.1854213
2890,ok,-1069.9331,2126.3901,-74.55263,1.1855597
2891,ok,-1069.8784,2133.2434,-74.55174,1.186317
2892,ok,-1070.4513,2139.7231,-74.5326,1.1868497
2893,ok,-1070.2251,2146.0571,-74.53295,1.187225
2894,ok,-1070.8193,2152.6992,-74.51444,1.1879342
2895,ok,-1070.7325,2158.7068,-74.50786,1.1878402
2896,ok,-1070.7633,2165.281,-74.503105,1.1884427
2897,ok,-1070.9263,2171.552,-74.48906,1.1887592
2898,ok,-1071.0878,2177.8047,-74.47855,1.1891465
2899,ok,-1071.0872,2183.996,-74.46867,1.1892568
2900,ok,-1071.5271,2190.5718,-74.4542,1.1898648
2901,ok,-1071.3391,2196.7307,-74.450935,1.1899673
2902,ok,-1071.4115,2203.032,-74.44197,1.1902422
2903,ok,-1071.6063,2209.0483,-74.42818,1.1903448
2904,ok,-1071.4707,2215.3096,-74.4232,1.1905206
2905,ok,-1071.5363,2221.289,-74.41093,1.1904372
2906,ok,-1071.3823,2227.5044,-74.405754,1.1907383
2907,ok,-1071.9816,2234.0178,-74.38702,1.19106
2908,ok,-1071.4167,2239.7893,-74.38851,1.1908815
2909,ok,-1071.9688,2246.7107,-74.37366,1.1916726
2910,ok,-1072.3341,2252.9563,-74.35884,1.1918778
2911,ok,-1071.1266,2259.1523,-74.37763,1.1917964
2912,ok,-1072.4038,2265.659,-74.34145,1.1923519
2913,ok,-1071.6011,2271.191,-74.345856,1.1918268
2914,ok,-1072.0426,2278.1658,-74.33314,1.192682
2915,ok,-1072.3364,2284.1997,-74.31553,1.1926885
2916,ok,-1071.7473,2290.0093,-74.3194,1.1923769
2917,ok,-1072.1638,2296.1514,-74.299545,1.1925334
2918,ok,-1071.6735,2302.1804,-74.30419,1.1924301
2919,ok,-1071.7659,2308.418,-74.29216,1.1925361
2920,ok,-1071.5466,2314.3762,-74.28815,1.1925292
2921,ok,-1071.817,2320.5059,-74.273026,1.1925391
2922,ok,-1071.7347,2326.569,-74.2655,1.1926086
2923,ok,-1072.3102,2333.0544,-74.24715,1.1932007
2924,ok,-1072.4097,2339.294,-74.23913,1.1933875
2925,ok,-1071.9998,2345.6145,-74.23983,1.1936091
2926,ok,-1072.2694,2351.4993,-74.22347,1.1936165
2927,ok,-1072.4271,2357.5632,-74.21063,1.1936718
2928,ok,-1071.6923,2363.4097,-74.21602,1.1935133
2929,ok,-1072.6008,2369.617,-74.18822,1.1936975
2930,ok,-1071.5605,2375.2163,-74.19759,1.1932565
2931,ok,-1072.3052,2381.4097,-74.17323,1.1935118
2932,ok,-1071.7859,2387.2925,-74.17445,1.1934108
2933,ok,-1071.8241,2392.9348,-74.1621,1.1930294
2934,ok,-1071.9994,2399.0098,-74.14912,1.193162
2935,ok,-1071.1808,2404.606,-74.15556,1.1926848
2936,ok,-1072.0653,2410.7002,-74.126816,1.1929208
2937,ok,-1070.9674,2416.3513,-74.13909,1.1924853
2938,ok,-1071.4833,2422.1082,-74.11747,1.1922325
2939,ok,-1071.0577,2428.06,-74.1188,1.1921358
2940,ok,-1070.8506,2434.244,-74.114006,1.1921616
2941,ok,-1071.0586,2440.3638,-74.10042,1.1922776
2942,ok,-1070.7042,2446.0615,-74.095,1.1918857
2943,ok,-1070.3839,2452.242,-74.09413,1.1920078
2944,ok,-1070.5643,2458.2615,-74.08064,1.1919024
2945,ok,-1070.4703,2463.8281,-74.07116,1.1915094
2946,ok,-1069.6285,2469.9597,-74.0809,1.1914184
2947,ok,-1070.1318,2475.7124,-74.057724,1.1912438
2948,ok,-1069.2029,2481.3083,-74.06654,1.1907649
2949,ok,-1069.7334,2487.0874,-74.043945,1.1906197
2950,ok,-1069.0704,2493.1626,-74.05006,1.1904743
2951,ok,-1068.765,2498.866,-74.04472,1.1901276
2952,ok,-1069.0646,2504.4392,-74.02681,1.1896601
2953,ok,-1068.2808,2510.298,-74.034454,1.1894039
2954,ok,-1068.0438,2515.8394,-74.028206,1.1888468
2955,ok,-1067.6284,2521.01,-74.02188,1.1880717
2956,ok,-1067.5544,2527.188,-74.0162,1.1881106
2957,ok,-1067.0801,2532.4858,-74.012115,1.187472
2958,ok,-1066.6205,2538.3523,-74.01204,1.1871144
2959,ok,-1066.5703,2544.3618,-74.00424,1.1871606
2960,ok,-1065.5374,2549.3364,-74.01057,1.1861224
2961,ok,-1065.3776,2555.2097,-74.00305,1.1859282
2962,ok,-1065.6669,2561.4143,-73.990776,1.1860012
2963,ok,-1064.86,2567.455,-73.998955,1.1858916
2964,ok,-1064.7289,2573.246,-73.989746,1.1855425
2965,ok,-1065.0724,2579.5276,-73.97665,1.1857727
2966,ok,-1064.2825,2585.0166,-73.98022,1.1851648
2967,ok,-1064.6074,2591.5366,-73.9691,1.185561
2968,ok,-1064.1876,2597.1067,-73.9673,1.1851424
2969,ok,-1064.144,2603.5432,-73.9613,1.1853431
2970,ok,-1063.8982,2609.651,-73.960045,1.1853888
2971,ok,-1063.5895,2615.4373,-73.95647,1.18509
2972,ok,-1063.5685,2621.232,-73.94665,1.1848512
2973,ok,-1062.663,2627.451,-73.957924,1.1848426
2974,ok,-1063.1581,2633.5938,-73.94089,1.1849287
2975,ok,-1062.8955,2639.723,-73.938614,1.184899
2976,ok,-1062.5177,2646.0767,-73.94058,1.1851159
2977,ok,-1062.6022,2652.132,-73.931274,1.1850418
2978,ok,-1062.8278,2658.6763,-73.92284,1.185435
2979,ok,-1061.964,2664.2825,-73.93051,1.184937
2980,ok,-1061.9021,2670.3306,-73.92357,1.1849327
2981,ok,-1062.3624,2676.3735,-73.90725,1.1850352
2982,ok,-1061.1783,2682.0962,-73.922714,1.1845871
2983,ok,-1062.2417,2689.0884,-73.899254,1.185469
2984,ok,-1061.2986,2694.83,-73.90998,1.1851993
2985,ok,-1061.5387,2701.497,-73.90145,1.1856797
2986,ok,-1061.6271,2707.5378,-73.893974,1.1856328
2987,ok,-1061.0967,2713.8066,-73.897705,1.1858798
2988,ok,-1061.5675,2720.4026,-73.8865,1.1862264
2989,ok,-1060.8944,2727.0913,-73.89506,1.1866403
2990,ok,-1061.2544,2732.8845,-73.8807,1.1865584
2991,ok,-1060.7786,2739.9177,-73.88832,1.1873285
2992,ok,-1060.9448,2745.8884,-73.8785,1.1873187
2993,ok,-1060.9371,2752.8425,-73.87684,1.1880046
2994,ok,-1060.4686,2759.4026,-73.88205,1.1884055
2995,ok,-1061.0469,2765.4722,-73.86497,1.1885434
2996,ok,-1060.126,2772.3215,-73.87989,1.1890639
2997,ok,-1061.0045,2779.1086,-73.861275,1.1896281
2998,ok,-1060.3999,2786.0278,-73.87205,1.1902342
2999,ok,-1060.8102,2792.9785,-73.86259,1.1910714
3000,ok,-1061.1969,2800.0417,-73.85546,1.1917243
3001,ok,-1060.4491,2807.6836,-73.87182,1.192993
3002,ok,-1061.847,2813.802,-73.840706,1.1932442
3003,ok,-1060.3981,2820.538,-73.86532,1.1937312
3004,ok,-1061.8225,2827.2947,-73.83596,1.1945157
3005,ok,-1061.0573,2833.0938,-73.84383,1.1943259
3006,ok,-1061.3917,2840.6946,-73.83956,1.1957294
3007,ok,-1061.47,2846.257,-73.830055,1.1953852
3008,ok,-1060.8147,2853.1592,-73.84127,1.1960418
3009,ok,-1061.9053,2859.6113,-73.818504,1.1964695
3010,ok,-1060.8501,2866.8394,-73.83757,1.1973555
3011,ok,-1061.8466,2873.3232,-73.81551,1.1978985
3012,ok,-1061.7776,2880.1272,-73.81475,1.1983912
3013,ok,-1061.3966,2887.1287,-73.82124,1.1992161
3014,ok,-1062.9034,2893.8242,-73.79248,1.1998231
3015,ok,-1061.5842,2900.807,-73.816505,1.2004346
3016,ok,-1062.785,2907.758,-73.794044,1.201268
3017,ok,-1062.9469,2914.5608,-73.79102,1.2019042
3018,ok,-1062.7168,2921.7976,-73.79607,1.2028141
3019,ok,-1063.4602,2928.7793,-73.781944,1.2036706
3020,ok,-1063.3712,2936.1628,-73.78441,1.2046853
3021,ok,-1063.3599,2942.919,-73.781815,1.2053419
3022,ok,-1063.667,2949.2183,-73.77087,1.2056581
3023,ok,-1063.7844,2956.7678,-73.770065,1.2068455
3024,ok,-1064.0574,2963.2275,-73.75996,1.2071948
3025,ok,-1064.0491,2970.272,-73.7601,1.2080457
3026,ok,-1064.9867,2976.989,-73.73886,1.2088299
3027,ok,-1064.4285,2984.3337,-73.74975,1.2098005
3028,ok,-1065.5698,2991.6545,-73.729836,1.2110447
3029,ok,-1065.2012,2998.6553,-73.734375,1.2118355
3030,ok,-1066.0281,3005.5789,-73.71721,1.2127148
3031,ok,-1066.0222,3012.4763,-73.71481,1.2134442
3032,ok,-1066.7954,3020.623,-73.70659,1.2151663
3033,ok,-1067.2136,3027.9314,-73.69902,1.216129
3034,ok,-1067.3342,3035.643,-73.698456,1.2175163
3035,ok,-1067.6812,3042.4011,-73.688866,1.218166
3036,ok,-1068.3746,3050.377,-73.681564,1.2197505
3037,ok,-1068.5232,3057.551,-73.67728,1.2206651
3038,ok,-1068.4243,3064.4927,-73.67666,1.2214931
3039,ok,-1069.3506,3072.0466,-73.66027,1.2227709
3040,ok,-1069.9639,3079.5928,-73.652916,1.2240688
3041,ok,-1069.8074,3086.4102,-73.65165,1.2247509
3042,ok,-1070.6273,3093.6587,-73.63906,1.2258477
3043,ok,-1070.4537,3100.0615,-73.63565,1.2262431
3044,ok,-1070.7526,3107.7363,-73.63185,1.2275723
3045,ok,-1071.4092,3115.4883,-73.62177,1.2289718
3046,ok,-1071.6873,3122.0461,-73.61393,1.2296548
3047,ok,-1071.8657,3129.5488,-73.611435,1.230803
3048,ok,-1072.2837,3136.0857,-73.59958,1.2315192
3049,ok,-1073.2206,3143.6492,-73.585724,1.232788
3050,ok,-1073.0377,3150.713,-73.58756,1.233723
3051,ok,-1073.9442,3158.0203,-73.57199,1.2347585
3052,ok,-1073.8096,3165.163,-73.57268,1.23578
3053,ok,-1074.1781,3173.1135,-73.56816,1.2372824
3054,ok,-1075.0446,3178.9736,-73.54631,1.2374599
3055,ok,-1074.1549,3185.9028,-73.55946,1.2381194
3056,ok,-1075.3882,3192.7322,-73.53514,1.2389694
3057,ok,-1075.2257,3199.8418,-73.537796,1.2397774
3058,ok,-1075.402,3206.9727,-73.53289,1.2408246
3059,ok,-1076.3624,3214.4182,-73.51817,1.241899
3060,ok,-1076.359,3220.407,-73.51113,1.2421912
3061,ok,-1076.3923,3227.5696,-73.50945,1.2430574
